[0m08:48:55.225612 [debug] [MainThread]: Sending event: {'category': 'dbt', 'action': 'invocation', 'label': 'start', 'context': [<snowplow_tracker.self_describing_json.SelfDescribingJson object at 0x00000220B07BE810>, <snowplow_tracker.self_describing_json.SelfDescribingJson object at 0x00000220B0777850>, <snowplow_tracker.self_describing_json.SelfDescribingJson object at 0x00000220B0777C10>]}


============================== 08:48:55.230643 | f10571a2-2de9-45ae-b697-52e0d62a8d97 ==============================
[0m08:48:55.230643 [info ] [MainThread]: Running with dbt=1.12.0
[0m08:48:55.232614 [debug] [MainThread]: running dbt with arguments {'version_check': 'True', 'no_print': 'None', 'maximum_seed_size_mib': '1', 'target_path': 'None', 'warn_error_options': 'WarnErrorOptionsV2(error=[], warn=[], silence=[])', 'static_parser': 'True', 'printer_width': '80', 'write_json': 'True', 'empty': 'None', 'log_cache_events': 'False', 'introspect': 'True', 'cache_selected_only': 'False', 'log_format': 'default', 'debug': 'False', 'fail_fast': 'False', 'partial_parse': 'True', 'send_anonymous_usage_stats': 'True', 'quiet': 'False', 'warn_error': 'None', 'profiles_dir': 'C:\\Users\\lenovo\\.dbt', 'use_colors': 'True', 'hints_enabled': 'True', 'invocation_command': 'dbt debug', 'use_experimental_parser': 'False', 'indirect_selection': 'eager', 'log_path': 'C:\\Users\\lenovo\\Documents\\Data_Engineering\\Portfolio\\Data-Migration-from-MySQL-Database-to-Migration-with-Full-CI-CD-Pipeline\\dbt_olist_data_model\\logs'}
[0m08:48:55.268613 [info ] [MainThread]: dbt version: 1.12.0
[0m08:48:55.269612 [info ] [MainThread]: python version: 3.11.4
[0m08:48:55.270610 [info ] [MainThread]: python path: C:\Users\lenovo\Documents\Data_Engineering\Portfolio\Data-Migration-from-MySQL-Database-to-Migration-with-Full-CI-CD-Pipeline\.venv\Scripts\python.exe
[0m08:48:55.272611 [info ] [MainThread]: os info: Windows-10-10.0.22000-SP0
[0m08:48:56.181490 [debug] [MainThread]: Snowflake adapter: Setting snowflake.connector to ERROR (file logging only)
[0m08:48:56.182481 [debug] [MainThread]: Snowflake adapter: Setting botocore to ERROR (file logging only)
[0m08:48:56.184601 [debug] [MainThread]: Snowflake adapter: Setting boto3 to ERROR (file logging only)
[0m08:48:56.537613 [info ] [MainThread]: Using profiles dir at C:\Users\lenovo\.dbt
[0m08:48:56.538614 [info ] [MainThread]: Using profiles.yml file at C:\Users\lenovo\.dbt\profiles.yml
[0m08:48:56.540612 [info ] [MainThread]: Using dbt_project.yml file at C:\Users\lenovo\Documents\Data_Engineering\Portfolio\Data-Migration-from-MySQL-Database-to-Migration-with-Full-CI-CD-Pipeline\dbt_olist_data_model\dbt_project.yml
[0m08:48:56.543615 [info ] [MainThread]: adapter type: snowflake
[0m08:48:56.545616 [info ] [MainThread]: adapter version: 1.12.0
[0m08:48:56.798615 [info ] [MainThread]: Configuration:
[0m08:48:56.799613 [info ] [MainThread]:   profiles.yml file [[32mOK found and valid[0m]
[0m08:48:56.801615 [info ] [MainThread]:   dbt_project.yml file [[32mOK found and valid[0m]
[0m08:48:56.802614 [info ] [MainThread]: Required dependencies:
[0m08:48:56.804631 [debug] [MainThread]: Executing "git --help"
[0m08:48:56.912612 [debug] [MainThread]: STDOUT: "b"usage: git [-v | --version] [-h | --help] [-C <path>] [-c <name>=<value>]\n           [--exec-path[=<path>]] [--html-path] [--man-path] [--info-path]\n           [-p | --paginate | -P | --no-pager] [--no-replace-objects] [--no-lazy-fetch]\n           [--no-optional-locks] [--no-advice] [--bare] [--git-dir=<path>]\n           [--work-tree=<path>] [--namespace=<name>] [--config-env=<name>=<envvar>]\n           <command> [<args>]\n\nThese are common Git commands used in various situations:\n\nstart a working area (see also: git help tutorial)\n   clone      Clone a repository into a new directory\n   init       Create an empty Git repository or reinitialize an existing one\n\nwork on the current change (see also: git help everyday)\n   add        Add file contents to the index\n   mv         Move or rename a file, a directory, or a symlink\n   restore    Restore working tree files\n   rm         Remove files from the working tree and from the index\n\nexamine the history and state (see also: git help revisions)\n   bisect     Use binary search to find the commit that introduced a bug\n   diff       Show changes between commits, commit and working tree, etc\n   grep       Print lines matching a pattern\n   log        Show commit logs\n   show       Show various types of objects\n   status     Show the working tree status\n\ngrow, mark and tweak your common history\n   backfill   Download missing objects in a partial clone\n   branch     List, create, or delete branches\n   commit     Record changes to the repository\n   merge      Join two or more development histories together\n   rebase     Reapply commits on top of another base tip\n   reset      Reset current HEAD to the specified state\n   switch     Switch branches\n   tag        Create, list, delete or verify a tag object signed with GPG\n\ncollaborate (see also: git help workflows)\n   fetch      Download objects and refs from another repository\n   pull       Fetch from and integrate with another repository or a local branch\n   push       Update remote refs along with associated objects\n\n'git help -a' and 'git help -g' list available subcommands and some\nconcept guides. See 'git help <command>' or 'git help <concept>'\nto read about a specific subcommand or concept.\nSee 'git help git' for an overview of the system.\n""
[0m08:48:56.913613 [debug] [MainThread]: STDERR: "b''"
[0m08:48:56.915615 [info ] [MainThread]:  - git [[32mOK found[0m]

[0m08:48:56.917613 [info ] [MainThread]: Connection:
[0m08:48:56.919612 [info ] [MainThread]:   account: PZNACVM-HR69564
[0m08:48:56.920613 [info ] [MainThread]:   user: IYKE34
[0m08:48:56.922616 [info ] [MainThread]:   database: OLIST_DW
[0m08:48:56.927616 [info ] [MainThread]:   warehouse: COMPUTE_WH
[0m08:48:56.929612 [info ] [MainThread]:   role: ACCOUNTADMIN
[0m08:48:56.931615 [info ] [MainThread]:   schema: DBT_SCHEMA
[0m08:48:56.933619 [info ] [MainThread]:   authenticator: None
[0m08:48:56.935614 [info ] [MainThread]:   oauth_client_id: None
[0m08:48:56.937613 [info ] [MainThread]:   query_tag: None
[0m08:48:56.939618 [info ] [MainThread]:   client_session_keep_alive: False
[0m08:48:56.942622 [info ] [MainThread]:   host: None
[0m08:48:56.949616 [info ] [MainThread]:   port: None
[0m08:48:56.951615 [info ] [MainThread]:   proxy_host: None
[0m08:48:56.953615 [info ] [MainThread]:   proxy_port: None
[0m08:48:56.956614 [info ] [MainThread]:   protocol: None
[0m08:48:56.964667 [info ] [MainThread]:   connect_retries: 1
[0m08:48:56.966614 [info ] [MainThread]:   connect_timeout: None
[0m08:48:56.968613 [info ] [MainThread]:   retry_on_database_errors: False
[0m08:48:56.970612 [info ] [MainThread]:   retry_all: False
[0m08:48:56.971613 [info ] [MainThread]:   insecure_mode: False
[0m08:48:56.980681 [info ] [MainThread]:   reuse_connections: True
[0m08:48:56.983614 [info ] [MainThread]:   s3_stage_vpce_dns_name: None
[0m08:48:56.985613 [info ] [MainThread]:   workload_identity_provider: None
[0m08:48:56.987615 [info ] [MainThread]:   workload_identity_entra_resource: None
[0m08:48:56.989618 [info ] [MainThread]:   platform_detection_timeout_seconds: 0.0
[0m08:48:56.997664 [info ] [MainThread]: Registered adapter: snowflake=1.12.0
[0m08:48:57.697134 [debug] [MainThread]: Acquiring new snowflake connection 'debug'
[0m08:48:57.701136 [debug] [MainThread]: Using snowflake connection "debug"
[0m08:48:57.702131 [debug] [MainThread]: On debug: select 1 as id
[0m08:48:57.703133 [debug] [MainThread]: Opening a new connection, currently in state init
[0m08:49:01.320364 [debug] [MainThread]: SQL status: SUCCESS 1 in 3.617 seconds
[0m08:49:01.322316 [info ] [MainThread]:   Connection test: [[32mOK connection ok[0m]

[0m08:49:01.324316 [info ] [MainThread]: [32mAll checks passed![0m
[0m08:49:01.327321 [debug] [MainThread]: Command `dbt debug` succeeded at 08:49:01.327321 after 6.34 seconds
[0m08:49:01.328199 [debug] [MainThread]: Connection 'debug' was left open.
[0m08:49:01.330215 [debug] [MainThread]: On debug: Close
[0m08:49:01.951165 [debug] [MainThread]: Sending event: {'category': 'dbt', 'action': 'invocation', 'label': 'end', 'context': [<snowplow_tracker.self_describing_json.SelfDescribingJson object at 0x00000220B06C0890>, <snowplow_tracker.self_describing_json.SelfDescribingJson object at 0x00000220AEC439D0>, <snowplow_tracker.self_describing_json.SelfDescribingJson object at 0x00000220B1811BD0>]}
[0m08:49:01.954126 [debug] [MainThread]: Flushing usage events
[0m08:49:03.582703 [debug] [MainThread]: An error was encountered while trying to flush usage events
[0m11:04:16.881087 [debug] [MainThread]: Sending event: {'category': 'dbt', 'action': 'invocation', 'label': 'start', 'context': [<snowplow_tracker.self_describing_json.SelfDescribingJson object at 0x000001B99ED7E810>, <snowplow_tracker.self_describing_json.SelfDescribingJson object at 0x000001B99ECCCE90>, <snowplow_tracker.self_describing_json.SelfDescribingJson object at 0x000001B99ED76250>]}


============================== 11:04:16.893664 | 7db70d45-dd62-46bc-b76f-b0fa7149c896 ==============================
[0m11:04:16.893664 [info ] [MainThread]: Running with dbt=1.12.0
[0m11:04:16.897662 [debug] [MainThread]: running dbt with arguments {'maximum_seed_size_mib': '1', 'no_print': 'None', 'version_check': 'True', 'warn_error_options': 'WarnErrorOptionsV2(error=[], warn=[], silence=[])', 'static_parser': 'True', 'target_path': 'None', 'printer_width': '80', 'write_json': 'True', 'introspect': 'True', 'log_cache_events': 'False', 'empty': 'False', 'cache_selected_only': 'False', 'log_format': 'default', 'debug': 'False', 'fail_fast': 'False', 'profiles_dir': 'C:\\Users\\lenovo\\.dbt', 'send_anonymous_usage_stats': 'True', 'quiet': 'False', 'warn_error': 'None', 'partial_parse': 'True', 'invocation_command': 'dbt compile', 'hints_enabled': 'True', 'indirect_selection': 'eager', 'use_experimental_parser': 'False', 'use_colors': 'True', 'log_path': 'C:\\Users\\lenovo\\Documents\\Data_Engineering\\Portfolio\\Data-Migration-from-MySQL-Database-to-Migration-with-Full-CI-CD-Pipeline\\dbt_olist_data_model\\logs'}
[0m11:04:20.138937 [debug] [MainThread]: Snowflake adapter: Setting snowflake.connector to ERROR (file logging only)
[0m11:04:20.144934 [debug] [MainThread]: Snowflake adapter: Setting botocore to ERROR (file logging only)
[0m11:04:20.150796 [debug] [MainThread]: Snowflake adapter: Setting boto3 to ERROR (file logging only)
[0m11:04:23.310174 [debug] [MainThread]: Sending event: {'category': 'dbt', 'action': 'project_id', 'label': '7db70d45-dd62-46bc-b76f-b0fa7149c896', 'context': [<snowplow_tracker.self_describing_json.SelfDescribingJson object at 0x000001B9A03AB110>]}
[0m11:04:23.758302 [debug] [MainThread]: Sending event: {'category': 'dbt', 'action': 'adapter_info', 'label': '7db70d45-dd62-46bc-b76f-b0fa7149c896', 'context': [<snowplow_tracker.self_describing_json.SelfDescribingJson object at 0x000001B99C9B8310>]}
[0m11:04:23.768299 [info ] [MainThread]: Registered adapter: snowflake=1.12.0
[0m11:04:27.886432 [debug] [MainThread]: checksum: fa19c417bd532b9cc714519aa84e06d9b91dd956fbccdd320c8e6f600c8f48a8, vars: {}, profile: dbt_olist_data_model, target: dev, version: 1.12.0
[0m11:04:27.891435 [info ] [MainThread]: Unable to do partial parsing because saved manifest not found. Starting full parse.
[0m11:04:27.900957 [debug] [MainThread]: Sending event: {'category': 'dbt', 'action': 'partial_parser', 'label': '7db70d45-dd62-46bc-b76f-b0fa7149c896', 'context': [<snowplow_tracker.self_describing_json.SelfDescribingJson object at 0x000001B9A0329110>]}
[0m11:04:39.498302 [warn ] [MainThread]: [[33mWARNING[0m]: Configuration paths exist in your dbt_project.yml file which do not apply to any resources.
There are 3 unused configuration paths:
- models.dbt_olist_data_model.silver
- models.dbt_olist_data_model.bronze
- models.dbt_olist_data_model.gold
[0m11:04:39.687018 [debug] [MainThread]: Sending event: {'category': 'dbt', 'action': 'load_project', 'label': '7db70d45-dd62-46bc-b76f-b0fa7149c896', 'context': [<snowplow_tracker.self_describing_json.SelfDescribingJson object at 0x000001B9A0394310>]}
[0m11:04:40.688451 [debug] [MainThread]: Wrote artifact WritableManifest to C:\Users\lenovo\Documents\Data_Engineering\Portfolio\Data-Migration-from-MySQL-Database-to-Migration-with-Full-CI-CD-Pipeline\dbt_olist_data_model\target\manifest.json
[0m11:04:40.709996 [debug] [MainThread]: Wrote artifact SemanticManifest to C:\Users\lenovo\Documents\Data_Engineering\Portfolio\Data-Migration-from-MySQL-Database-to-Migration-with-Full-CI-CD-Pipeline\dbt_olist_data_model\target\semantic_manifest.json
[0m11:04:41.220706 [debug] [MainThread]: Wrote artifact OsiDocument to C:\Users\lenovo\Documents\Data_Engineering\Portfolio\Data-Migration-from-MySQL-Database-to-Migration-with-Full-CI-CD-Pipeline\dbt_olist_data_model\target\osi_document.json
[0m11:04:41.397375 [debug] [MainThread]: Sending event: {'category': 'dbt', 'action': 'resource_counts', 'label': '7db70d45-dd62-46bc-b76f-b0fa7149c896', 'context': [<snowplow_tracker.self_describing_json.SelfDescribingJson object at 0x000001B9A1C4BE50>]}
[0m11:04:41.405379 [info ] [MainThread]: Found 9 models, 9 sources, 545 macros
[0m11:04:41.410393 [debug] [MainThread]: Sending event: {'category': 'dbt', 'action': 'runnable_timing', 'label': '7db70d45-dd62-46bc-b76f-b0fa7149c896', 'context': [<snowplow_tracker.self_describing_json.SelfDescribingJson object at 0x000001B9A09AD7D0>]}
[0m11:04:41.428382 [info ] [MainThread]: 
[0m11:04:41.436372 [info ] [MainThread]: Concurrency: 1 threads (target='dev')
[0m11:04:41.451556 [info ] [MainThread]: 
[0m11:04:41.456540 [debug] [MainThread]: Acquiring new snowflake connection 'master'
[0m11:04:41.528937 [debug] [ThreadPool]: Acquiring new snowflake connection 'list_OLIST_DW_DBT_SCHEMA'
[0m11:04:41.670032 [debug] [ThreadPool]: Using snowflake connection "list_OLIST_DW_DBT_SCHEMA"
[0m11:04:41.673034 [debug] [ThreadPool]: On list_OLIST_DW_DBT_SCHEMA: show objects in OLIST_DW.DBT_SCHEMA
    limit 10000
    

/* {"app": "dbt", "dbt_version": "1.12.0", "profile_name": "dbt_olist_data_model", "target_name": "dev", "connection_name": "list_OLIST_DW_DBT_SCHEMA"} */;
[0m11:04:41.677030 [debug] [ThreadPool]: Opening a new connection, currently in state init
[0m11:04:52.421670 [debug] [ThreadPool]: Snowflake adapter: Snowflake query id: 01c60d5b-010b-5627-0004-142a00030156
[0m11:04:52.425152 [debug] [ThreadPool]: Snowflake adapter: Snowflake error: 002043 (02000): SQL compilation error:
Object does not exist, or operation cannot be performed.
[0m11:04:52.429445 [debug] [ThreadPool]: Snowflake adapter: Error running SQL: macro list_relations_without_caching
[0m11:04:52.432129 [debug] [ThreadPool]: Snowflake adapter: Rolling back transaction.
[0m11:04:52.438314 [debug] [MainThread]: Sending event: {'category': 'dbt', 'action': 'runnable_timing', 'label': '7db70d45-dd62-46bc-b76f-b0fa7149c896', 'context': [<snowplow_tracker.self_describing_json.SelfDescribingJson object at 0x000001B9A07C2A50>]}
[0m11:04:52.505495 [debug] [Thread-2 (]: Began running node model.dbt_olist_data_model.br_olist_customers
[0m11:04:52.508638 [debug] [Thread-2 (]: Acquiring new snowflake connection 'model.dbt_olist_data_model.br_olist_customers'
[0m11:04:52.511511 [debug] [Thread-2 (]: Began compiling node model.dbt_olist_data_model.br_olist_customers
[0m11:04:52.538711 [debug] [Thread-2 (]: Writing injected SQL for node "model.dbt_olist_data_model.br_olist_customers"
[0m11:04:52.547372 [debug] [Thread-2 (]: Began executing node model.dbt_olist_data_model.br_olist_customers
[0m11:04:52.551180 [debug] [Thread-2 (]: Finished running node model.dbt_olist_data_model.br_olist_customers
[0m11:04:52.553927 [debug] [Thread-2 (]: Began running node model.dbt_olist_data_model.br_olist_geolocation
[0m11:04:52.555810 [debug] [Thread-2 (]: Re-using an available connection from the pool (formerly model.dbt_olist_data_model.br_olist_customers, now model.dbt_olist_data_model.br_olist_geolocation)
[0m11:04:52.558147 [debug] [Thread-2 (]: Began compiling node model.dbt_olist_data_model.br_olist_geolocation
[0m11:04:52.568942 [debug] [Thread-2 (]: Writing injected SQL for node "model.dbt_olist_data_model.br_olist_geolocation"
[0m11:04:52.573394 [debug] [Thread-2 (]: Began executing node model.dbt_olist_data_model.br_olist_geolocation
[0m11:04:52.576986 [debug] [Thread-2 (]: Finished running node model.dbt_olist_data_model.br_olist_geolocation
[0m11:04:52.580578 [debug] [Thread-2 (]: Began running node model.dbt_olist_data_model.br_olist_order_items
[0m11:04:52.583779 [debug] [Thread-2 (]: Re-using an available connection from the pool (formerly model.dbt_olist_data_model.br_olist_geolocation, now model.dbt_olist_data_model.br_olist_order_items)
[0m11:04:52.587401 [debug] [Thread-2 (]: Began compiling node model.dbt_olist_data_model.br_olist_order_items
[0m11:04:52.596594 [debug] [Thread-2 (]: Writing injected SQL for node "model.dbt_olist_data_model.br_olist_order_items"
[0m11:04:52.601126 [debug] [Thread-2 (]: Began executing node model.dbt_olist_data_model.br_olist_order_items
[0m11:04:52.603129 [debug] [Thread-2 (]: Finished running node model.dbt_olist_data_model.br_olist_order_items
[0m11:04:52.605261 [debug] [Thread-2 (]: Began running node model.dbt_olist_data_model.br_olist_order_payments
[0m11:04:52.609173 [debug] [Thread-2 (]: Re-using an available connection from the pool (formerly model.dbt_olist_data_model.br_olist_order_items, now model.dbt_olist_data_model.br_olist_order_payments)
[0m11:04:52.613172 [debug] [Thread-2 (]: Began compiling node model.dbt_olist_data_model.br_olist_order_payments
[0m11:04:52.619257 [debug] [Thread-2 (]: Writing injected SQL for node "model.dbt_olist_data_model.br_olist_order_payments"
[0m11:04:52.623256 [debug] [Thread-2 (]: Began executing node model.dbt_olist_data_model.br_olist_order_payments
[0m11:04:52.625257 [debug] [Thread-2 (]: Finished running node model.dbt_olist_data_model.br_olist_order_payments
[0m11:04:52.628219 [debug] [Thread-2 (]: Began running node model.dbt_olist_data_model.br_olist_order_reviews
[0m11:04:52.630128 [debug] [Thread-2 (]: Re-using an available connection from the pool (formerly model.dbt_olist_data_model.br_olist_order_payments, now model.dbt_olist_data_model.br_olist_order_reviews)
[0m11:04:52.634186 [debug] [Thread-2 (]: Began compiling node model.dbt_olist_data_model.br_olist_order_reviews
[0m11:04:52.639069 [debug] [Thread-2 (]: Writing injected SQL for node "model.dbt_olist_data_model.br_olist_order_reviews"
[0m11:04:52.643156 [debug] [Thread-2 (]: Began executing node model.dbt_olist_data_model.br_olist_order_reviews
[0m11:04:52.646229 [debug] [Thread-2 (]: Finished running node model.dbt_olist_data_model.br_olist_order_reviews
[0m11:04:52.649155 [debug] [Thread-2 (]: Began running node model.dbt_olist_data_model.br_olist_orders
[0m11:04:52.651157 [debug] [Thread-2 (]: Re-using an available connection from the pool (formerly model.dbt_olist_data_model.br_olist_order_reviews, now model.dbt_olist_data_model.br_olist_orders)
[0m11:04:52.653157 [debug] [Thread-2 (]: Began compiling node model.dbt_olist_data_model.br_olist_orders
[0m11:04:52.660206 [debug] [Thread-2 (]: Writing injected SQL for node "model.dbt_olist_data_model.br_olist_orders"
[0m11:04:52.663210 [debug] [Thread-2 (]: Began executing node model.dbt_olist_data_model.br_olist_orders
[0m11:04:52.666209 [debug] [Thread-2 (]: Finished running node model.dbt_olist_data_model.br_olist_orders
[0m11:04:52.668736 [debug] [Thread-2 (]: Began running node model.dbt_olist_data_model.br_olist_product_category_translation
[0m11:04:52.670737 [debug] [Thread-2 (]: Re-using an available connection from the pool (formerly model.dbt_olist_data_model.br_olist_orders, now model.dbt_olist_data_model.br_olist_product_category_translation)
[0m11:04:52.671741 [debug] [Thread-2 (]: Began compiling node model.dbt_olist_data_model.br_olist_product_category_translation
[0m11:04:52.679735 [debug] [Thread-2 (]: Writing injected SQL for node "model.dbt_olist_data_model.br_olist_product_category_translation"
[0m11:04:52.683737 [debug] [Thread-2 (]: Began executing node model.dbt_olist_data_model.br_olist_product_category_translation
[0m11:04:52.685741 [debug] [Thread-2 (]: Finished running node model.dbt_olist_data_model.br_olist_product_category_translation
[0m11:04:52.688261 [debug] [Thread-2 (]: Began running node model.dbt_olist_data_model.br_olist_products
[0m11:04:52.690367 [debug] [Thread-2 (]: Re-using an available connection from the pool (formerly model.dbt_olist_data_model.br_olist_product_category_translation, now model.dbt_olist_data_model.br_olist_products)
[0m11:04:52.692383 [debug] [Thread-2 (]: Began compiling node model.dbt_olist_data_model.br_olist_products
[0m11:04:52.701918 [debug] [Thread-2 (]: Writing injected SQL for node "model.dbt_olist_data_model.br_olist_products"
[0m11:04:52.706921 [debug] [Thread-2 (]: Began executing node model.dbt_olist_data_model.br_olist_products
[0m11:04:52.711922 [debug] [Thread-2 (]: Finished running node model.dbt_olist_data_model.br_olist_products
[0m11:04:52.714317 [debug] [Thread-2 (]: Began running node model.dbt_olist_data_model.br_olist_sellers
[0m11:04:52.716326 [debug] [Thread-2 (]: Re-using an available connection from the pool (formerly model.dbt_olist_data_model.br_olist_products, now model.dbt_olist_data_model.br_olist_sellers)
[0m11:04:52.718885 [debug] [Thread-2 (]: Began compiling node model.dbt_olist_data_model.br_olist_sellers
[0m11:04:52.725890 [debug] [Thread-2 (]: Writing injected SQL for node "model.dbt_olist_data_model.br_olist_sellers"
[0m11:04:52.729133 [debug] [Thread-2 (]: Began executing node model.dbt_olist_data_model.br_olist_sellers
[0m11:04:52.732137 [debug] [Thread-2 (]: Finished running node model.dbt_olist_data_model.br_olist_sellers
[0m11:04:52.734131 [debug] [MainThread]: Connection 'master' was properly closed.
[0m11:04:52.735133 [debug] [MainThread]: Connection 'list_OLIST_DW_DBT_SCHEMA' was left open.
[0m11:04:52.737135 [debug] [MainThread]: On list_OLIST_DW_DBT_SCHEMA: Close
[0m11:04:53.402063 [debug] [MainThread]: Connection 'model.dbt_olist_data_model.br_olist_sellers' was properly closed.
[0m11:04:53.410062 [debug] [MainThread]: Command end result
[0m11:04:53.578224 [debug] [MainThread]: Wrote artifact WritableManifest to C:\Users\lenovo\Documents\Data_Engineering\Portfolio\Data-Migration-from-MySQL-Database-to-Migration-with-Full-CI-CD-Pipeline\dbt_olist_data_model\target\manifest.json
[0m11:04:53.584524 [debug] [MainThread]: Wrote artifact SemanticManifest to C:\Users\lenovo\Documents\Data_Engineering\Portfolio\Data-Migration-from-MySQL-Database-to-Migration-with-Full-CI-CD-Pipeline\dbt_olist_data_model\target\semantic_manifest.json
[0m11:04:53.592050 [debug] [MainThread]: Wrote artifact OsiDocument to C:\Users\lenovo\Documents\Data_Engineering\Portfolio\Data-Migration-from-MySQL-Database-to-Migration-with-Full-CI-CD-Pipeline\dbt_olist_data_model\target\osi_document.json
[0m11:04:53.613524 [debug] [MainThread]: Wrote artifact RunExecutionResult to C:\Users\lenovo\Documents\Data_Engineering\Portfolio\Data-Migration-from-MySQL-Database-to-Migration-with-Full-CI-CD-Pipeline\dbt_olist_data_model\target\run_results.json
[0m11:04:53.615369 [debug] [MainThread]: Command `dbt compile` succeeded at 11:04:53.615369 after 37.31 seconds
[0m11:04:53.617975 [debug] [MainThread]: Sending event: {'category': 'dbt', 'action': 'invocation', 'label': 'end', 'context': [<snowplow_tracker.self_describing_json.SelfDescribingJson object at 0x000001B99D6B6550>, <snowplow_tracker.self_describing_json.SelfDescribingJson object at 0x000001B99ED63F10>, <snowplow_tracker.self_describing_json.SelfDescribingJson object at 0x000001B99ED73150>]}
[0m11:04:53.619089 [debug] [MainThread]: Flushing usage events
[0m11:04:55.828336 [debug] [MainThread]: An error was encountered while trying to flush usage events
[0m11:08:54.755316 [debug] [MainThread]: Sending event: {'category': 'dbt', 'action': 'invocation', 'label': 'start', 'context': [<snowplow_tracker.self_describing_json.SelfDescribingJson object at 0x000002471B370990>, <snowplow_tracker.self_describing_json.SelfDescribingJson object at 0x000002471B373550>, <snowplow_tracker.self_describing_json.SelfDescribingJson object at 0x000002471672E7D0>]}


============================== 11:08:54.766371 | 5dac1e97-1e92-44c8-a50e-57053516ee5e ==============================
[0m11:08:54.766371 [info ] [MainThread]: Running with dbt=1.12.0
[0m11:08:54.770328 [debug] [MainThread]: running dbt with arguments {'maximum_seed_size_mib': '1', 'no_print': 'None', 'version_check': 'True', 'warn_error_options': 'WarnErrorOptionsV2(error=[], warn=[], silence=[])', 'target_path': 'None', 'static_parser': 'True', 'printer_width': '80', 'write_json': 'True', 'empty': 'False', 'log_cache_events': 'False', 'introspect': 'True', 'cache_selected_only': 'False', 'fail_fast': 'False', 'debug': 'False', 'log_format': 'default', 'profiles_dir': 'C:\\Users\\lenovo\\.dbt', 'send_anonymous_usage_stats': 'True', 'quiet': 'False', 'warn_error': 'None', 'partial_parse': 'True', 'invocation_command': 'dbt compile', 'hints_enabled': 'True', 'indirect_selection': 'eager', 'use_experimental_parser': 'False', 'use_colors': 'True', 'log_path': 'C:\\Users\\lenovo\\Documents\\Data_Engineering\\Portfolio\\Data-Migration-from-MySQL-Database-to-Migration-with-Full-CI-CD-Pipeline\\dbt_olist_data_model\\logs'}
[0m11:08:55.886348 [debug] [MainThread]: Snowflake adapter: Setting snowflake.connector to ERROR (file logging only)
[0m11:08:55.887350 [debug] [MainThread]: Snowflake adapter: Setting botocore to ERROR (file logging only)
[0m11:08:55.889385 [debug] [MainThread]: Snowflake adapter: Setting boto3 to ERROR (file logging only)
[0m11:08:56.501196 [debug] [MainThread]: Sending event: {'category': 'dbt', 'action': 'project_id', 'label': '5dac1e97-1e92-44c8-a50e-57053516ee5e', 'context': [<snowplow_tracker.self_describing_json.SelfDescribingJson object at 0x000002471B31FB10>]}
[0m11:08:56.643102 [debug] [MainThread]: Sending event: {'category': 'dbt', 'action': 'adapter_info', 'label': '5dac1e97-1e92-44c8-a50e-57053516ee5e', 'context': [<snowplow_tracker.self_describing_json.SelfDescribingJson object at 0x0000024718EF8450>]}
[0m11:08:56.645141 [info ] [MainThread]: Registered adapter: snowflake=1.12.0
[0m11:08:57.509764 [debug] [MainThread]: checksum: fa19c417bd532b9cc714519aa84e06d9b91dd956fbccdd320c8e6f600c8f48a8, vars: {}, profile: dbt_olist_data_model, target: dev, version: 1.12.0
[0m11:08:57.824370 [debug] [MainThread]: Partial parsing enabled: 10 files deleted, 10 files added, 0 files changed.
[0m11:08:57.826338 [debug] [MainThread]: Partial parsing: added file: dbt_olist_data_model://models\bronze\br_olist_customers.sql
[0m11:08:57.827339 [debug] [MainThread]: Partial parsing: added file: dbt_olist_data_model://models\bronze\br_olist_geolocation.sql
[0m11:08:57.829444 [debug] [MainThread]: Partial parsing: added file: dbt_olist_data_model://models\bronze\br_olist_sellers.sql
[0m11:08:57.831099 [debug] [MainThread]: Partial parsing: added file: dbt_olist_data_model://models\bronze\br_olist_orders.sql
[0m11:08:57.831791 [debug] [MainThread]: Partial parsing: added file: dbt_olist_data_model://models\bronze\br_olist_order_reviews.sql
[0m11:08:57.833866 [debug] [MainThread]: Partial parsing: added file: dbt_olist_data_model://models\bronze\Source.yml
[0m11:08:57.834793 [debug] [MainThread]: Partial parsing: added file: dbt_olist_data_model://models\bronze\br_olist_products.sql
[0m11:08:57.836794 [debug] [MainThread]: Partial parsing: added file: dbt_olist_data_model://models\bronze\br_olist_product_category_translation.sql
[0m11:08:57.838003 [debug] [MainThread]: Partial parsing: added file: dbt_olist_data_model://models\bronze\br_olist_order_items.sql
[0m11:08:57.839001 [debug] [MainThread]: Partial parsing: added file: dbt_olist_data_model://models\bronze\br_olist_order_payments.sql
[0m11:08:57.841004 [debug] [MainThread]: Partial parsing: deleted file: dbt_olist_data_model://models\Bronze\br_olist_order_payments.sql
[0m11:08:57.842192 [debug] [MainThread]: Partial parsing: deleted file: dbt_olist_data_model://models\Bronze\br_olist_order_items.sql
[0m11:08:57.843001 [debug] [MainThread]: Partial parsing: deleted file: dbt_olist_data_model://models\Bronze\br_olist_orders.sql
[0m11:08:57.844782 [debug] [MainThread]: Partial parsing: deleted file: dbt_olist_data_model://models\Bronze\br_olist_order_reviews.sql
[0m11:08:57.846005 [debug] [MainThread]: Partial parsing: deleted file: dbt_olist_data_model://models\Bronze\br_olist_geolocation.sql
[0m11:08:57.847027 [debug] [MainThread]: Partial parsing: deleted file: dbt_olist_data_model://models\Bronze\br_olist_product_category_translation.sql
[0m11:08:57.848594 [debug] [MainThread]: Partial parsing: deleted file: dbt_olist_data_model://models\Bronze\br_olist_sellers.sql
[0m11:08:57.850097 [debug] [MainThread]: Partial parsing: deleted file: dbt_olist_data_model://models\Bronze\br_olist_products.sql
[0m11:08:57.850998 [debug] [MainThread]: Partial parsing: deleted file: dbt_olist_data_model://models\Bronze\br_olist_customers.sql
[0m11:08:58.895352 [warn ] [MainThread]: [[33mWARNING[0m]: Configuration paths exist in your dbt_project.yml file which do not apply to any resources.
There are 2 unused configuration paths:
- models.dbt_olist_data_model.silver
- models.dbt_olist_data_model.gold
[0m11:08:58.902351 [debug] [MainThread]: Sending event: {'category': 'dbt', 'action': 'load_project', 'label': '5dac1e97-1e92-44c8-a50e-57053516ee5e', 'context': [<snowplow_tracker.self_describing_json.SelfDescribingJson object at 0x000002471C8C4F50>]}
[0m11:08:59.151980 [debug] [MainThread]: Wrote artifact WritableManifest to C:\Users\lenovo\Documents\Data_Engineering\Portfolio\Data-Migration-from-MySQL-Database-to-Migration-with-Full-CI-CD-Pipeline\dbt_olist_data_model\target\manifest.json
[0m11:08:59.161018 [debug] [MainThread]: Wrote artifact SemanticManifest to C:\Users\lenovo\Documents\Data_Engineering\Portfolio\Data-Migration-from-MySQL-Database-to-Migration-with-Full-CI-CD-Pipeline\dbt_olist_data_model\target\semantic_manifest.json
[0m11:08:59.343119 [debug] [MainThread]: Wrote artifact OsiDocument to C:\Users\lenovo\Documents\Data_Engineering\Portfolio\Data-Migration-from-MySQL-Database-to-Migration-with-Full-CI-CD-Pipeline\dbt_olist_data_model\target\osi_document.json
[0m11:08:59.388251 [debug] [MainThread]: Sending event: {'category': 'dbt', 'action': 'resource_counts', 'label': '5dac1e97-1e92-44c8-a50e-57053516ee5e', 'context': [<snowplow_tracker.self_describing_json.SelfDescribingJson object at 0x000002471E1F7F50>]}
[0m11:08:59.392244 [info ] [MainThread]: Found 9 models, 9 sources, 545 macros
[0m11:08:59.395348 [debug] [MainThread]: Sending event: {'category': 'dbt', 'action': 'runnable_timing', 'label': '5dac1e97-1e92-44c8-a50e-57053516ee5e', 'context': [<snowplow_tracker.self_describing_json.SelfDescribingJson object at 0x000002471CFB4790>]}
[0m11:08:59.402510 [info ] [MainThread]: 
[0m11:08:59.406734 [info ] [MainThread]: Concurrency: 1 threads (target='dev')
[0m11:08:59.410736 [info ] [MainThread]: 
[0m11:08:59.414782 [debug] [MainThread]: Acquiring new snowflake connection 'master'
[0m11:08:59.466842 [debug] [ThreadPool]: Acquiring new snowflake connection 'list_OLIST_DW_DBT_SCHEMA'
[0m11:08:59.529339 [debug] [ThreadPool]: Using snowflake connection "list_OLIST_DW_DBT_SCHEMA"
[0m11:08:59.533002 [debug] [ThreadPool]: On list_OLIST_DW_DBT_SCHEMA: show objects in OLIST_DW.DBT_SCHEMA
    limit 10000
    

/* {"app": "dbt", "dbt_version": "1.12.0", "profile_name": "dbt_olist_data_model", "target_name": "dev", "connection_name": "list_OLIST_DW_DBT_SCHEMA"} */;
[0m11:08:59.535437 [debug] [ThreadPool]: Opening a new connection, currently in state init
[0m11:09:04.329031 [debug] [ThreadPool]: Snowflake adapter: Snowflake query id: 01c60d5f-010b-5627-0004-142a0003015a
[0m11:09:04.333027 [debug] [ThreadPool]: Snowflake adapter: Snowflake error: 002043 (02000): SQL compilation error:
Object does not exist, or operation cannot be performed.
[0m11:09:04.337027 [debug] [ThreadPool]: Snowflake adapter: Error running SQL: macro list_relations_without_caching
[0m11:09:04.339567 [debug] [ThreadPool]: Snowflake adapter: Rolling back transaction.
[0m11:09:04.344130 [debug] [MainThread]: Sending event: {'category': 'dbt', 'action': 'runnable_timing', 'label': '5dac1e97-1e92-44c8-a50e-57053516ee5e', 'context': [<snowplow_tracker.self_describing_json.SelfDescribingJson object at 0x000002471973F8D0>]}
[0m11:09:04.391067 [debug] [Thread-2 (]: Began running node model.dbt_olist_data_model.br_olist_customers
[0m11:09:04.394094 [debug] [Thread-2 (]: Acquiring new snowflake connection 'model.dbt_olist_data_model.br_olist_customers'
[0m11:09:04.398664 [debug] [Thread-2 (]: Began compiling node model.dbt_olist_data_model.br_olist_customers
[0m11:09:04.412742 [debug] [Thread-2 (]: Writing injected SQL for node "model.dbt_olist_data_model.br_olist_customers"
[0m11:09:04.416741 [debug] [Thread-2 (]: Began executing node model.dbt_olist_data_model.br_olist_customers
[0m11:09:04.419978 [debug] [Thread-2 (]: Finished running node model.dbt_olist_data_model.br_olist_customers
[0m11:09:04.422946 [debug] [Thread-2 (]: Began running node model.dbt_olist_data_model.br_olist_geolocation
[0m11:09:04.426100 [debug] [Thread-2 (]: Re-using an available connection from the pool (formerly model.dbt_olist_data_model.br_olist_customers, now model.dbt_olist_data_model.br_olist_geolocation)
[0m11:09:04.427944 [debug] [Thread-2 (]: Began compiling node model.dbt_olist_data_model.br_olist_geolocation
[0m11:09:04.433992 [debug] [Thread-2 (]: Writing injected SQL for node "model.dbt_olist_data_model.br_olist_geolocation"
[0m11:09:04.436996 [debug] [Thread-2 (]: Began executing node model.dbt_olist_data_model.br_olist_geolocation
[0m11:09:04.440000 [debug] [Thread-2 (]: Finished running node model.dbt_olist_data_model.br_olist_geolocation
[0m11:09:04.442435 [debug] [Thread-2 (]: Began running node model.dbt_olist_data_model.br_olist_order_items
[0m11:09:04.444314 [debug] [Thread-2 (]: Re-using an available connection from the pool (formerly model.dbt_olist_data_model.br_olist_geolocation, now model.dbt_olist_data_model.br_olist_order_items)
[0m11:09:04.446042 [debug] [Thread-2 (]: Began compiling node model.dbt_olist_data_model.br_olist_order_items
[0m11:09:04.451967 [debug] [Thread-2 (]: Writing injected SQL for node "model.dbt_olist_data_model.br_olist_order_items"
[0m11:09:04.454895 [debug] [Thread-2 (]: Began executing node model.dbt_olist_data_model.br_olist_order_items
[0m11:09:04.457931 [debug] [Thread-2 (]: Finished running node model.dbt_olist_data_model.br_olist_order_items
[0m11:09:04.459902 [debug] [Thread-2 (]: Began running node model.dbt_olist_data_model.br_olist_order_payments
[0m11:09:04.461901 [debug] [Thread-2 (]: Re-using an available connection from the pool (formerly model.dbt_olist_data_model.br_olist_order_items, now model.dbt_olist_data_model.br_olist_order_payments)
[0m11:09:04.462893 [debug] [Thread-2 (]: Began compiling node model.dbt_olist_data_model.br_olist_order_payments
[0m11:09:04.468463 [debug] [Thread-2 (]: Writing injected SQL for node "model.dbt_olist_data_model.br_olist_order_payments"
[0m11:09:04.471463 [debug] [Thread-2 (]: Began executing node model.dbt_olist_data_model.br_olist_order_payments
[0m11:09:04.474466 [debug] [Thread-2 (]: Finished running node model.dbt_olist_data_model.br_olist_order_payments
[0m11:09:04.475464 [debug] [Thread-2 (]: Began running node model.dbt_olist_data_model.br_olist_order_reviews
[0m11:09:04.477018 [debug] [Thread-2 (]: Re-using an available connection from the pool (formerly model.dbt_olist_data_model.br_olist_order_payments, now model.dbt_olist_data_model.br_olist_order_reviews)
[0m11:09:04.479031 [debug] [Thread-2 (]: Began compiling node model.dbt_olist_data_model.br_olist_order_reviews
[0m11:09:04.484029 [debug] [Thread-2 (]: Writing injected SQL for node "model.dbt_olist_data_model.br_olist_order_reviews"
[0m11:09:04.488034 [debug] [Thread-2 (]: Began executing node model.dbt_olist_data_model.br_olist_order_reviews
[0m11:09:04.490617 [debug] [Thread-2 (]: Finished running node model.dbt_olist_data_model.br_olist_order_reviews
[0m11:09:04.492978 [debug] [Thread-2 (]: Began running node model.dbt_olist_data_model.br_olist_orders
[0m11:09:04.494757 [debug] [Thread-2 (]: Re-using an available connection from the pool (formerly model.dbt_olist_data_model.br_olist_order_reviews, now model.dbt_olist_data_model.br_olist_orders)
[0m11:09:04.495647 [debug] [Thread-2 (]: Began compiling node model.dbt_olist_data_model.br_olist_orders
[0m11:09:04.501646 [debug] [Thread-2 (]: Writing injected SQL for node "model.dbt_olist_data_model.br_olist_orders"
[0m11:09:04.504696 [debug] [Thread-2 (]: Began executing node model.dbt_olist_data_model.br_olist_orders
[0m11:09:04.507282 [debug] [Thread-2 (]: Finished running node model.dbt_olist_data_model.br_olist_orders
[0m11:09:04.509235 [debug] [Thread-2 (]: Began running node model.dbt_olist_data_model.br_olist_product_category_translation
[0m11:09:04.511234 [debug] [Thread-2 (]: Re-using an available connection from the pool (formerly model.dbt_olist_data_model.br_olist_orders, now model.dbt_olist_data_model.br_olist_product_category_translation)
[0m11:09:04.513233 [debug] [Thread-2 (]: Began compiling node model.dbt_olist_data_model.br_olist_product_category_translation
[0m11:09:04.519234 [debug] [Thread-2 (]: Writing injected SQL for node "model.dbt_olist_data_model.br_olist_product_category_translation"
[0m11:09:04.522402 [debug] [Thread-2 (]: Began executing node model.dbt_olist_data_model.br_olist_product_category_translation
[0m11:09:04.525432 [debug] [Thread-2 (]: Finished running node model.dbt_olist_data_model.br_olist_product_category_translation
[0m11:09:04.527232 [debug] [Thread-2 (]: Began running node model.dbt_olist_data_model.br_olist_products
[0m11:09:04.529244 [debug] [Thread-2 (]: Re-using an available connection from the pool (formerly model.dbt_olist_data_model.br_olist_product_category_translation, now model.dbt_olist_data_model.br_olist_products)
[0m11:09:04.530245 [debug] [Thread-2 (]: Began compiling node model.dbt_olist_data_model.br_olist_products
[0m11:09:04.536241 [debug] [Thread-2 (]: Writing injected SQL for node "model.dbt_olist_data_model.br_olist_products"
[0m11:09:04.540242 [debug] [Thread-2 (]: Began executing node model.dbt_olist_data_model.br_olist_products
[0m11:09:04.542249 [debug] [Thread-2 (]: Finished running node model.dbt_olist_data_model.br_olist_products
[0m11:09:04.544409 [debug] [Thread-2 (]: Began running node model.dbt_olist_data_model.br_olist_sellers
[0m11:09:04.546245 [debug] [Thread-2 (]: Re-using an available connection from the pool (formerly model.dbt_olist_data_model.br_olist_products, now model.dbt_olist_data_model.br_olist_sellers)
[0m11:09:04.548249 [debug] [Thread-2 (]: Began compiling node model.dbt_olist_data_model.br_olist_sellers
[0m11:09:04.553275 [debug] [Thread-2 (]: Writing injected SQL for node "model.dbt_olist_data_model.br_olist_sellers"
[0m11:09:04.556247 [debug] [Thread-2 (]: Began executing node model.dbt_olist_data_model.br_olist_sellers
[0m11:09:04.559243 [debug] [Thread-2 (]: Finished running node model.dbt_olist_data_model.br_olist_sellers
[0m11:09:04.562246 [debug] [MainThread]: Connection 'master' was properly closed.
[0m11:09:04.565253 [debug] [MainThread]: Connection 'list_OLIST_DW_DBT_SCHEMA' was left open.
[0m11:09:04.566853 [debug] [MainThread]: On list_OLIST_DW_DBT_SCHEMA: Close
[0m11:09:05.047329 [debug] [MainThread]: Connection 'model.dbt_olist_data_model.br_olist_sellers' was properly closed.
[0m11:09:05.064218 [debug] [MainThread]: Command end result
[0m11:09:05.297228 [debug] [MainThread]: Wrote artifact WritableManifest to C:\Users\lenovo\Documents\Data_Engineering\Portfolio\Data-Migration-from-MySQL-Database-to-Migration-with-Full-CI-CD-Pipeline\dbt_olist_data_model\target\manifest.json
[0m11:09:05.307787 [debug] [MainThread]: Wrote artifact SemanticManifest to C:\Users\lenovo\Documents\Data_Engineering\Portfolio\Data-Migration-from-MySQL-Database-to-Migration-with-Full-CI-CD-Pipeline\dbt_olist_data_model\target\semantic_manifest.json
[0m11:09:05.321810 [debug] [MainThread]: Wrote artifact OsiDocument to C:\Users\lenovo\Documents\Data_Engineering\Portfolio\Data-Migration-from-MySQL-Database-to-Migration-with-Full-CI-CD-Pipeline\dbt_olist_data_model\target\osi_document.json
[0m11:09:05.365776 [debug] [MainThread]: Wrote artifact RunExecutionResult to C:\Users\lenovo\Documents\Data_Engineering\Portfolio\Data-Migration-from-MySQL-Database-to-Migration-with-Full-CI-CD-Pipeline\dbt_olist_data_model\target\run_results.json
[0m11:09:05.370770 [debug] [MainThread]: Command `dbt compile` succeeded at 11:09:05.369770 after 10.97 seconds
[0m11:09:05.373169 [debug] [MainThread]: Sending event: {'category': 'dbt', 'action': 'invocation', 'label': 'end', 'context': [<snowplow_tracker.self_describing_json.SelfDescribingJson object at 0x000002471B38F6D0>, <snowplow_tracker.self_describing_json.SelfDescribingJson object at 0x0000024719BD6B90>, <snowplow_tracker.self_describing_json.SelfDescribingJson object at 0x0000024719BD6550>]}
[0m11:09:05.376772 [debug] [MainThread]: Flushing usage events
[0m11:09:07.103391 [debug] [MainThread]: An error was encountered while trying to flush usage events
[0m11:12:01.594684 [debug] [MainThread]: Sending event: {'category': 'dbt', 'action': 'invocation', 'label': 'start', 'context': [<snowplow_tracker.self_describing_json.SelfDescribingJson object at 0x0000013CC8C5B810>, <snowplow_tracker.self_describing_json.SelfDescribingJson object at 0x0000013CC8C5B790>, <snowplow_tracker.self_describing_json.SelfDescribingJson object at 0x0000013CC8C5BE50>]}


============================== 11:12:01.611247 | 76178d91-22f4-49a4-973d-86fa94bace66 ==============================
[0m11:12:01.611247 [info ] [MainThread]: Running with dbt=1.12.0
[0m11:12:01.616232 [debug] [MainThread]: running dbt with arguments {'maximum_seed_size_mib': '1', 'no_print': 'None', 'version_check': 'True', 'target_path': 'None', 'warn_error_options': 'WarnErrorOptionsV2(error=[], warn=[], silence=[])', 'static_parser': 'True', 'printer_width': '80', 'write_json': 'True', 'empty': 'None', 'log_cache_events': 'False', 'introspect': 'True', 'cache_selected_only': 'False', 'fail_fast': 'False', 'debug': 'False', 'log_format': 'default', 'partial_parse': 'True', 'send_anonymous_usage_stats': 'True', 'quiet': 'False', 'warn_error': 'None', 'profiles_dir': 'C:\\Users\\lenovo\\.dbt', 'use_colors': 'True', 'hints_enabled': 'True', 'indirect_selection': 'eager', 'use_experimental_parser': 'False', 'invocation_command': 'dbt ', 'log_path': 'c:\\Users\\lenovo\\Documents\\Data_Engineering\\Portfolio\\Data-Migration-from-MySQL-Database-to-Migration-with-Full-CI-CD-Pipeline\\dbt_olist_data_model\\logs'}
[0m11:12:02.873476 [debug] [MainThread]: Sending event: {'category': 'dbt', 'action': 'project_id', 'label': '76178d91-22f4-49a4-973d-86fa94bace66', 'context': [<snowplow_tracker.self_describing_json.SelfDescribingJson object at 0x0000013CC8DE2290>]}
[0m11:12:03.105369 [info ] [MainThread]: Warning: No packages were found in packages.yml
[0m11:12:03.110373 [info ] [MainThread]: Warning: No packages were found in packages.yml
[0m11:12:03.120672 [debug] [MainThread]: Command `cli deps` succeeded at 11:12:03.119667 after 2.55 seconds
[0m11:12:03.123671 [debug] [MainThread]: Sending event: {'category': 'dbt', 'action': 'invocation', 'label': 'end', 'context': [<snowplow_tracker.self_describing_json.SelfDescribingJson object at 0x0000013CC8C9DA90>, <snowplow_tracker.self_describing_json.SelfDescribingJson object at 0x0000013CC8C5A510>, <snowplow_tracker.self_describing_json.SelfDescribingJson object at 0x0000013CC8C5BC90>]}
[0m11:12:03.126672 [debug] [MainThread]: Flushing usage events
[0m11:12:05.744870 [debug] [MainThread]: An error was encountered while trying to flush usage events
[0m11:22:34.776201 [debug] [MainThread]: Sending event: {'category': 'dbt', 'action': 'invocation', 'label': 'start', 'context': [<snowplow_tracker.self_describing_json.SelfDescribingJson object at 0x000002551A78BB90>, <snowplow_tracker.self_describing_json.SelfDescribingJson object at 0x000002551A78AB90>, <snowplow_tracker.self_describing_json.SelfDescribingJson object at 0x000002551A78B950>]}


============================== 11:22:34.788225 | 37bc8186-1e6e-4778-80b2-06c5d68df580 ==============================
[0m11:22:34.788225 [info ] [MainThread]: Running with dbt=1.12.0
[0m11:22:34.793069 [debug] [MainThread]: running dbt with arguments {'static_parser': 'True', 'no_print': 'None', 'version_check': 'True', 'target_path': 'None', 'warn_error_options': 'WarnErrorOptionsV2(error=[], warn=[], silence=[])', 'maximum_seed_size_mib': '1', 'printer_width': '80', 'write_json': 'True', 'empty': 'False', 'log_cache_events': 'False', 'introspect': 'True', 'cache_selected_only': 'False', 'log_format': 'default', 'debug': 'False', 'fail_fast': 'False', 'partial_parse': 'True', 'send_anonymous_usage_stats': 'True', 'quiet': 'False', 'warn_error': 'None', 'profiles_dir': 'C:\\Users\\lenovo\\.dbt', 'indirect_selection': 'eager', 'hints_enabled': 'True', 'use_colors': 'True', 'use_experimental_parser': 'False', 'invocation_command': 'dbt compile', 'log_path': 'C:\\Users\\lenovo\\Documents\\Data_Engineering\\Portfolio\\Data-Migration-from-MySQL-Database-to-Migration-with-Full-CI-CD-Pipeline\\dbt_olist_data_model\\logs'}
[0m11:22:36.751534 [debug] [MainThread]: Snowflake adapter: Setting snowflake.connector to ERROR (file logging only)
[0m11:22:36.752534 [debug] [MainThread]: Snowflake adapter: Setting botocore to ERROR (file logging only)
[0m11:22:36.753534 [debug] [MainThread]: Snowflake adapter: Setting boto3 to ERROR (file logging only)
[0m11:22:37.709414 [debug] [MainThread]: Sending event: {'category': 'dbt', 'action': 'project_id', 'label': '37bc8186-1e6e-4778-80b2-06c5d68df580', 'context': [<snowplow_tracker.self_describing_json.SelfDescribingJson object at 0x000002551BAFFA10>]}
[0m11:22:37.831217 [debug] [MainThread]: Sending event: {'category': 'dbt', 'action': 'adapter_info', 'label': '37bc8186-1e6e-4778-80b2-06c5d68df580', 'context': [<snowplow_tracker.self_describing_json.SelfDescribingJson object at 0x00000255182F8290>]}
[0m11:22:37.835735 [info ] [MainThread]: Registered adapter: snowflake=1.12.0
[0m11:22:38.766221 [debug] [MainThread]: checksum: fa19c417bd532b9cc714519aa84e06d9b91dd956fbccdd320c8e6f600c8f48a8, vars: {}, profile: dbt_olist_data_model, target: dev, version: 1.12.0
[0m11:22:39.096769 [debug] [MainThread]: Partial parsing enabled: 0 files deleted, 0 files added, 0 files changed.
[0m11:22:39.097769 [debug] [MainThread]: Nothing changed, skipping partial parsing.
[0m11:22:39.099999 [debug] [MainThread]: Partial parsing enabled, no changes found, skipping parsing
[0m11:22:39.118069 [warn ] [MainThread]: [[33mWARNING[0m]: Configuration paths exist in your dbt_project.yml file which do not apply to any resources.
There are 2 unused configuration paths:
- models.dbt_olist_data_model.gold
- models.dbt_olist_data_model.silver
[0m11:22:39.128072 [debug] [MainThread]: Sending event: {'category': 'dbt', 'action': 'load_project', 'label': '37bc8186-1e6e-4778-80b2-06c5d68df580', 'context': [<snowplow_tracker.self_describing_json.SelfDescribingJson object at 0x000002551A71E050>]}
[0m11:22:39.436348 [debug] [MainThread]: Wrote artifact WritableManifest to C:\Users\lenovo\Documents\Data_Engineering\Portfolio\Data-Migration-from-MySQL-Database-to-Migration-with-Full-CI-CD-Pipeline\dbt_olist_data_model\target\manifest.json
[0m11:22:39.443243 [debug] [MainThread]: Wrote artifact SemanticManifest to C:\Users\lenovo\Documents\Data_Engineering\Portfolio\Data-Migration-from-MySQL-Database-to-Migration-with-Full-CI-CD-Pipeline\dbt_olist_data_model\target\semantic_manifest.json
[0m11:22:39.541710 [debug] [MainThread]: Wrote artifact OsiDocument to C:\Users\lenovo\Documents\Data_Engineering\Portfolio\Data-Migration-from-MySQL-Database-to-Migration-with-Full-CI-CD-Pipeline\dbt_olist_data_model\target\osi_document.json
[0m11:22:39.665093 [debug] [MainThread]: Sending event: {'category': 'dbt', 'action': 'resource_counts', 'label': '37bc8186-1e6e-4778-80b2-06c5d68df580', 'context': [<snowplow_tracker.self_describing_json.SelfDescribingJson object at 0x000002551C037690>]}
[0m11:22:39.666086 [info ] [MainThread]: Found 9 models, 9 sources, 545 macros
[0m11:22:39.670477 [debug] [MainThread]: Sending event: {'category': 'dbt', 'action': 'runnable_timing', 'label': '37bc8186-1e6e-4778-80b2-06c5d68df580', 'context': [<snowplow_tracker.self_describing_json.SelfDescribingJson object at 0x000002551C046190>]}
[0m11:22:39.678273 [info ] [MainThread]: 
[0m11:22:39.685769 [info ] [MainThread]: Concurrency: 1 threads (target='dev')
[0m11:22:39.689226 [info ] [MainThread]: 
[0m11:22:39.694031 [debug] [MainThread]: Acquiring new snowflake connection 'master'
[0m11:22:39.781595 [debug] [ThreadPool]: Acquiring new snowflake connection 'list_OLIST_DW_DBT_SCHEMA'
[0m11:22:39.849641 [debug] [ThreadPool]: Using snowflake connection "list_OLIST_DW_DBT_SCHEMA"
[0m11:22:39.850639 [debug] [ThreadPool]: On list_OLIST_DW_DBT_SCHEMA: show objects in OLIST_DW.DBT_SCHEMA
    limit 10000
    

/* {"app": "dbt", "dbt_version": "1.12.0", "profile_name": "dbt_olist_data_model", "target_name": "dev", "connection_name": "list_OLIST_DW_DBT_SCHEMA"} */;
[0m11:22:39.851816 [debug] [ThreadPool]: Opening a new connection, currently in state init
[0m11:22:45.493414 [debug] [ThreadPool]: Snowflake adapter: Snowflake query id: 01c60d6d-010b-5f41-0004-142a00028466
[0m11:22:45.495413 [debug] [ThreadPool]: Snowflake adapter: Snowflake error: 002043 (02000): SQL compilation error:
Object does not exist, or operation cannot be performed.
[0m11:22:45.522408 [debug] [ThreadPool]: Snowflake adapter: Error running SQL: macro list_relations_without_caching
[0m11:22:45.542478 [debug] [ThreadPool]: Snowflake adapter: Rolling back transaction.
[0m11:22:45.565478 [debug] [MainThread]: Sending event: {'category': 'dbt', 'action': 'runnable_timing', 'label': '37bc8186-1e6e-4778-80b2-06c5d68df580', 'context': [<snowplow_tracker.self_describing_json.SelfDescribingJson object at 0x000002551C036A10>]}
[0m11:22:45.712462 [debug] [Thread-2 (]: Began running node model.dbt_olist_data_model.br_olist_customers
[0m11:22:45.714720 [debug] [Thread-2 (]: Acquiring new snowflake connection 'model.dbt_olist_data_model.br_olist_customers'
[0m11:22:45.716644 [debug] [Thread-2 (]: Began compiling node model.dbt_olist_data_model.br_olist_customers
[0m11:22:45.744326 [debug] [Thread-2 (]: Writing injected SQL for node "model.dbt_olist_data_model.br_olist_customers"
[0m11:22:45.749012 [debug] [Thread-2 (]: Began executing node model.dbt_olist_data_model.br_olist_customers
[0m11:22:45.752365 [debug] [Thread-2 (]: Finished running node model.dbt_olist_data_model.br_olist_customers
[0m11:22:45.754331 [debug] [Thread-2 (]: Began running node model.dbt_olist_data_model.br_olist_geolocation
[0m11:22:45.756328 [debug] [Thread-2 (]: Re-using an available connection from the pool (formerly model.dbt_olist_data_model.br_olist_customers, now model.dbt_olist_data_model.br_olist_geolocation)
[0m11:22:45.758411 [debug] [Thread-2 (]: Began compiling node model.dbt_olist_data_model.br_olist_geolocation
[0m11:22:45.767260 [debug] [Thread-2 (]: Writing injected SQL for node "model.dbt_olist_data_model.br_olist_geolocation"
[0m11:22:45.771102 [debug] [Thread-2 (]: Began executing node model.dbt_olist_data_model.br_olist_geolocation
[0m11:22:45.773542 [debug] [Thread-2 (]: Finished running node model.dbt_olist_data_model.br_olist_geolocation
[0m11:22:45.775283 [debug] [Thread-2 (]: Began running node model.dbt_olist_data_model.br_olist_order_items
[0m11:22:45.777450 [debug] [Thread-2 (]: Re-using an available connection from the pool (formerly model.dbt_olist_data_model.br_olist_geolocation, now model.dbt_olist_data_model.br_olist_order_items)
[0m11:22:45.779593 [debug] [Thread-2 (]: Began compiling node model.dbt_olist_data_model.br_olist_order_items
[0m11:22:45.788407 [debug] [Thread-2 (]: Writing injected SQL for node "model.dbt_olist_data_model.br_olist_order_items"
[0m11:22:45.792331 [debug] [Thread-2 (]: Began executing node model.dbt_olist_data_model.br_olist_order_items
[0m11:22:45.796378 [debug] [Thread-2 (]: Finished running node model.dbt_olist_data_model.br_olist_order_items
[0m11:22:45.798629 [debug] [Thread-2 (]: Began running node model.dbt_olist_data_model.br_olist_order_payments
[0m11:22:45.800582 [debug] [Thread-2 (]: Re-using an available connection from the pool (formerly model.dbt_olist_data_model.br_olist_order_items, now model.dbt_olist_data_model.br_olist_order_payments)
[0m11:22:45.802733 [debug] [Thread-2 (]: Began compiling node model.dbt_olist_data_model.br_olist_order_payments
[0m11:22:45.813164 [debug] [Thread-2 (]: Writing injected SQL for node "model.dbt_olist_data_model.br_olist_order_payments"
[0m11:22:45.818885 [debug] [Thread-2 (]: Began executing node model.dbt_olist_data_model.br_olist_order_payments
[0m11:22:45.821489 [debug] [Thread-2 (]: Finished running node model.dbt_olist_data_model.br_olist_order_payments
[0m11:22:45.823485 [debug] [Thread-2 (]: Began running node model.dbt_olist_data_model.br_olist_order_reviews
[0m11:22:45.825480 [debug] [Thread-2 (]: Re-using an available connection from the pool (formerly model.dbt_olist_data_model.br_olist_order_payments, now model.dbt_olist_data_model.br_olist_order_reviews)
[0m11:22:45.827215 [debug] [Thread-2 (]: Began compiling node model.dbt_olist_data_model.br_olist_order_reviews
[0m11:22:45.834235 [debug] [Thread-2 (]: Writing injected SQL for node "model.dbt_olist_data_model.br_olist_order_reviews"
[0m11:22:45.838284 [debug] [Thread-2 (]: Began executing node model.dbt_olist_data_model.br_olist_order_reviews
[0m11:22:45.841277 [debug] [Thread-2 (]: Finished running node model.dbt_olist_data_model.br_olist_order_reviews
[0m11:22:45.843281 [debug] [Thread-2 (]: Began running node model.dbt_olist_data_model.br_olist_orders
[0m11:22:45.845279 [debug] [Thread-2 (]: Re-using an available connection from the pool (formerly model.dbt_olist_data_model.br_olist_order_reviews, now model.dbt_olist_data_model.br_olist_orders)
[0m11:22:45.847279 [debug] [Thread-2 (]: Began compiling node model.dbt_olist_data_model.br_olist_orders
[0m11:22:45.853289 [debug] [Thread-2 (]: Writing injected SQL for node "model.dbt_olist_data_model.br_olist_orders"
[0m11:22:45.857947 [debug] [Thread-2 (]: Began executing node model.dbt_olist_data_model.br_olist_orders
[0m11:22:45.861918 [debug] [Thread-2 (]: Finished running node model.dbt_olist_data_model.br_olist_orders
[0m11:22:45.864918 [debug] [Thread-2 (]: Began running node model.dbt_olist_data_model.br_olist_product_category_translation
[0m11:22:45.868344 [debug] [Thread-2 (]: Re-using an available connection from the pool (formerly model.dbt_olist_data_model.br_olist_orders, now model.dbt_olist_data_model.br_olist_product_category_translation)
[0m11:22:45.872345 [debug] [Thread-2 (]: Began compiling node model.dbt_olist_data_model.br_olist_product_category_translation
[0m11:22:45.885350 [debug] [Thread-2 (]: Writing injected SQL for node "model.dbt_olist_data_model.br_olist_product_category_translation"
[0m11:22:45.890553 [debug] [Thread-2 (]: Began executing node model.dbt_olist_data_model.br_olist_product_category_translation
[0m11:22:45.895346 [debug] [Thread-2 (]: Finished running node model.dbt_olist_data_model.br_olist_product_category_translation
[0m11:22:45.898297 [debug] [Thread-2 (]: Began running node model.dbt_olist_data_model.br_olist_products
[0m11:22:45.901440 [debug] [Thread-2 (]: Re-using an available connection from the pool (formerly model.dbt_olist_data_model.br_olist_product_category_translation, now model.dbt_olist_data_model.br_olist_products)
[0m11:22:45.904228 [debug] [Thread-2 (]: Began compiling node model.dbt_olist_data_model.br_olist_products
[0m11:22:45.914283 [debug] [Thread-2 (]: Writing injected SQL for node "model.dbt_olist_data_model.br_olist_products"
[0m11:22:45.925316 [debug] [Thread-2 (]: Began executing node model.dbt_olist_data_model.br_olist_products
[0m11:22:45.933199 [debug] [Thread-2 (]: Finished running node model.dbt_olist_data_model.br_olist_products
[0m11:22:45.937595 [debug] [Thread-2 (]: Began running node model.dbt_olist_data_model.br_olist_sellers
[0m11:22:45.940526 [debug] [Thread-2 (]: Re-using an available connection from the pool (formerly model.dbt_olist_data_model.br_olist_products, now model.dbt_olist_data_model.br_olist_sellers)
[0m11:22:45.943521 [debug] [Thread-2 (]: Began compiling node model.dbt_olist_data_model.br_olist_sellers
[0m11:22:45.954107 [debug] [Thread-2 (]: Writing injected SQL for node "model.dbt_olist_data_model.br_olist_sellers"
[0m11:22:45.960185 [debug] [Thread-2 (]: Began executing node model.dbt_olist_data_model.br_olist_sellers
[0m11:22:45.963186 [debug] [Thread-2 (]: Finished running node model.dbt_olist_data_model.br_olist_sellers
[0m11:22:45.967244 [debug] [MainThread]: Connection 'master' was properly closed.
[0m11:22:45.971269 [debug] [MainThread]: Connection 'list_OLIST_DW_DBT_SCHEMA' was left open.
[0m11:22:45.973597 [debug] [MainThread]: On list_OLIST_DW_DBT_SCHEMA: Close
[0m11:22:46.646155 [debug] [MainThread]: Connection 'model.dbt_olist_data_model.br_olist_sellers' was properly closed.
[0m11:22:46.657770 [debug] [MainThread]: Command end result
[0m11:22:46.795381 [debug] [MainThread]: Wrote artifact WritableManifest to C:\Users\lenovo\Documents\Data_Engineering\Portfolio\Data-Migration-from-MySQL-Database-to-Migration-with-Full-CI-CD-Pipeline\dbt_olist_data_model\target\manifest.json
[0m11:22:46.805049 [debug] [MainThread]: Wrote artifact SemanticManifest to C:\Users\lenovo\Documents\Data_Engineering\Portfolio\Data-Migration-from-MySQL-Database-to-Migration-with-Full-CI-CD-Pipeline\dbt_olist_data_model\target\semantic_manifest.json
[0m11:22:46.814641 [debug] [MainThread]: Wrote artifact OsiDocument to C:\Users\lenovo\Documents\Data_Engineering\Portfolio\Data-Migration-from-MySQL-Database-to-Migration-with-Full-CI-CD-Pipeline\dbt_olist_data_model\target\osi_document.json
[0m11:22:46.844068 [debug] [MainThread]: Wrote artifact RunExecutionResult to C:\Users\lenovo\Documents\Data_Engineering\Portfolio\Data-Migration-from-MySQL-Database-to-Migration-with-Full-CI-CD-Pipeline\dbt_olist_data_model\target\run_results.json
[0m11:22:46.849305 [debug] [MainThread]: Command `dbt compile` succeeded at 11:22:46.848400 after 12.50 seconds
[0m11:22:46.852065 [debug] [MainThread]: Sending event: {'category': 'dbt', 'action': 'invocation', 'label': 'end', 'context': [<snowplow_tracker.self_describing_json.SelfDescribingJson object at 0x0000025518B639D0>, <snowplow_tracker.self_describing_json.SelfDescribingJson object at 0x000002551A683E50>, <snowplow_tracker.self_describing_json.SelfDescribingJson object at 0x000002551A6930D0>]}
[0m11:22:46.854081 [debug] [MainThread]: Flushing usage events
[0m11:22:49.113089 [debug] [MainThread]: An error was encountered while trying to flush usage events
[0m11:23:00.813051 [debug] [MainThread]: Sending event: {'category': 'dbt', 'action': 'invocation', 'label': 'start', 'context': [<snowplow_tracker.self_describing_json.SelfDescribingJson object at 0x0000026AD9744A10>, <snowplow_tracker.self_describing_json.SelfDescribingJson object at 0x0000026AD9747050>, <snowplow_tracker.self_describing_json.SelfDescribingJson object at 0x0000026AD9746B90>]}


============================== 11:23:00.822050 | 1e99a207-20f3-445f-a2eb-c1342ed86426 ==============================
[0m11:23:00.822050 [info ] [MainThread]: Running with dbt=1.12.0
[0m11:23:00.826051 [debug] [MainThread]: running dbt with arguments {'version_check': 'True', 'no_print': 'None', 'static_parser': 'True', 'warn_error_options': 'WarnErrorOptionsV2(error=[], warn=[], silence=[])', 'target_path': 'None', 'maximum_seed_size_mib': '1', 'printer_width': '80', 'write_json': 'True', 'empty': 'False', 'log_cache_events': 'False', 'introspect': 'True', 'cache_selected_only': 'False', 'fail_fast': 'False', 'debug': 'False', 'log_format': 'default', 'partial_parse': 'True', 'send_anonymous_usage_stats': 'True', 'quiet': 'False', 'warn_error': 'None', 'profiles_dir': 'C:\\Users\\lenovo\\.dbt', 'invocation_command': 'dbt run', 'hints_enabled': 'True', 'indirect_selection': 'eager', 'use_experimental_parser': 'False', 'use_colors': 'True', 'log_path': 'C:\\Users\\lenovo\\Documents\\Data_Engineering\\Portfolio\\Data-Migration-from-MySQL-Database-to-Migration-with-Full-CI-CD-Pipeline\\dbt_olist_data_model\\logs'}
[0m11:23:01.707426 [debug] [MainThread]: Snowflake adapter: Setting snowflake.connector to ERROR (file logging only)
[0m11:23:01.708999 [debug] [MainThread]: Snowflake adapter: Setting botocore to ERROR (file logging only)
[0m11:23:01.710998 [debug] [MainThread]: Snowflake adapter: Setting boto3 to ERROR (file logging only)
[0m11:23:02.614721 [debug] [MainThread]: Sending event: {'category': 'dbt', 'action': 'project_id', 'label': '1e99a207-20f3-445f-a2eb-c1342ed86426', 'context': [<snowplow_tracker.self_describing_json.SelfDescribingJson object at 0x0000026AD97CF7D0>]}
[0m11:23:02.841972 [debug] [MainThread]: Sending event: {'category': 'dbt', 'action': 'adapter_info', 'label': '1e99a207-20f3-445f-a2eb-c1342ed86426', 'context': [<snowplow_tracker.self_describing_json.SelfDescribingJson object at 0x0000026AD73AC410>]}
[0m11:23:02.844475 [info ] [MainThread]: Registered adapter: snowflake=1.12.0
[0m11:23:03.897763 [debug] [MainThread]: checksum: fa19c417bd532b9cc714519aa84e06d9b91dd956fbccdd320c8e6f600c8f48a8, vars: {}, profile: dbt_olist_data_model, target: dev, version: 1.12.0
[0m11:23:04.212667 [debug] [MainThread]: Partial parsing enabled: 0 files deleted, 0 files added, 0 files changed.
[0m11:23:04.214660 [debug] [MainThread]: Nothing changed, skipping partial parsing.
[0m11:23:04.215742 [debug] [MainThread]: Partial parsing enabled, no changes found, skipping parsing
[0m11:23:04.233708 [warn ] [MainThread]: [[33mWARNING[0m]: Configuration paths exist in your dbt_project.yml file which do not apply to any resources.
There are 2 unused configuration paths:
- models.dbt_olist_data_model.silver
- models.dbt_olist_data_model.gold
[0m11:23:04.246207 [debug] [MainThread]: Sending event: {'category': 'dbt', 'action': 'load_project', 'label': '1e99a207-20f3-445f-a2eb-c1342ed86426', 'context': [<snowplow_tracker.self_describing_json.SelfDescribingJson object at 0x0000026ADB2B09D0>]}
[0m11:23:04.623882 [debug] [MainThread]: Wrote artifact WritableManifest to C:\Users\lenovo\Documents\Data_Engineering\Portfolio\Data-Migration-from-MySQL-Database-to-Migration-with-Full-CI-CD-Pipeline\dbt_olist_data_model\target\manifest.json
[0m11:23:04.633423 [debug] [MainThread]: Wrote artifact SemanticManifest to C:\Users\lenovo\Documents\Data_Engineering\Portfolio\Data-Migration-from-MySQL-Database-to-Migration-with-Full-CI-CD-Pipeline\dbt_olist_data_model\target\semantic_manifest.json
[0m11:23:04.708096 [debug] [MainThread]: Wrote artifact OsiDocument to C:\Users\lenovo\Documents\Data_Engineering\Portfolio\Data-Migration-from-MySQL-Database-to-Migration-with-Full-CI-CD-Pipeline\dbt_olist_data_model\target\osi_document.json
[0m11:23:04.865783 [debug] [MainThread]: Sending event: {'category': 'dbt', 'action': 'resource_counts', 'label': '1e99a207-20f3-445f-a2eb-c1342ed86426', 'context': [<snowplow_tracker.self_describing_json.SelfDescribingJson object at 0x0000026ADA803E10>]}
[0m11:23:04.869142 [info ] [MainThread]: Found 9 models, 9 sources, 545 macros
[0m11:23:04.872292 [debug] [MainThread]: Sending event: {'category': 'dbt', 'action': 'runnable_timing', 'label': '1e99a207-20f3-445f-a2eb-c1342ed86426', 'context': [<snowplow_tracker.self_describing_json.SelfDescribingJson object at 0x0000026AD7E7D2D0>]}
[0m11:23:04.885730 [info ] [MainThread]: 
[0m11:23:04.893905 [info ] [MainThread]: Concurrency: 1 threads (target='dev')
[0m11:23:04.901358 [info ] [MainThread]: 
[0m11:23:04.924147 [debug] [MainThread]: Acquiring new snowflake connection 'master'
[0m11:23:05.018465 [debug] [ThreadPool]: Acquiring new snowflake connection 'list_OLIST_DW'
[0m11:23:05.052015 [debug] [ThreadPool]: Using snowflake connection "list_OLIST_DW"
[0m11:23:05.054011 [debug] [ThreadPool]: On list_OLIST_DW: show terse schemas in database OLIST_DW
    limit 10000
/* {"app": "dbt", "dbt_version": "1.12.0", "profile_name": "dbt_olist_data_model", "target_name": "dev", "connection_name": "list_OLIST_DW"} */
[0m11:23:05.056540 [debug] [ThreadPool]: Opening a new connection, currently in state init
[0m11:23:09.304172 [debug] [ThreadPool]: SQL status: SUCCESS 3 in 4.247 seconds
[0m11:23:09.320611 [debug] [ThreadPool]: Re-using an available connection from the pool (formerly list_OLIST_DW, now create_OLIST_DW_DBT_SCHEMA)
[0m11:23:09.328400 [debug] [ThreadPool]: Creating schema "database: "OLIST_DW"
schema: "DBT_SCHEMA"
"
[0m11:23:09.357484 [debug] [ThreadPool]: Using snowflake connection "create_OLIST_DW_DBT_SCHEMA"
[0m11:23:09.367105 [debug] [ThreadPool]: On create_OLIST_DW_DBT_SCHEMA: create schema if not exists OLIST_DW.DBT_SCHEMA
/* {"app": "dbt", "dbt_version": "1.12.0", "profile_name": "dbt_olist_data_model", "target_name": "dev", "connection_name": "create_OLIST_DW_DBT_SCHEMA"} */
[0m11:23:09.703725 [debug] [ThreadPool]: SQL status: SUCCESS 1 in 0.333 seconds
[0m11:23:09.733733 [debug] [ThreadPool]: Acquiring new snowflake connection 'list_OLIST_DW_DBT_SCHEMA'
[0m11:23:09.789480 [debug] [ThreadPool]: Using snowflake connection "list_OLIST_DW_DBT_SCHEMA"
[0m11:23:09.793442 [debug] [ThreadPool]: On list_OLIST_DW_DBT_SCHEMA: show objects in OLIST_DW.DBT_SCHEMA
    limit 10000
    

/* {"app": "dbt", "dbt_version": "1.12.0", "profile_name": "dbt_olist_data_model", "target_name": "dev", "connection_name": "list_OLIST_DW_DBT_SCHEMA"} */;
[0m11:23:09.797398 [debug] [ThreadPool]: Opening a new connection, currently in state init
[0m11:23:11.868265 [debug] [ThreadPool]: SQL status: SUCCESS 0 in 2.072 seconds
[0m11:23:11.881070 [debug] [ThreadPool]: Using snowflake connection "list_OLIST_DW_DBT_SCHEMA"
[0m11:23:11.883070 [debug] [ThreadPool]: On list_OLIST_DW_DBT_SCHEMA: show user functions in OLIST_DW.DBT_SCHEMA
/* {"app": "dbt", "dbt_version": "1.12.0", "profile_name": "dbt_olist_data_model", "target_name": "dev", "connection_name": "list_OLIST_DW_DBT_SCHEMA"} */
[0m11:23:12.258083 [debug] [ThreadPool]: SQL status: SUCCESS 0 in 0.373 seconds
[0m11:23:12.265879 [debug] [MainThread]: Sending event: {'category': 'dbt', 'action': 'runnable_timing', 'label': '1e99a207-20f3-445f-a2eb-c1342ed86426', 'context': [<snowplow_tracker.self_describing_json.SelfDescribingJson object at 0x0000026AD540D490>]}
[0m11:23:12.368269 [debug] [Thread-2 (]: Began running node model.dbt_olist_data_model.br_olist_customers
[0m11:23:12.376264 [info ] [Thread-2 (]: 1 of 9 START sql incremental model DBT_SCHEMA.br_olist_customers ............... [RUN]
[0m11:23:12.388286 [debug] [Thread-2 (]: Acquiring new snowflake connection 'model.dbt_olist_data_model.br_olist_customers'
[0m11:23:12.397107 [debug] [Thread-2 (]: Began compiling node model.dbt_olist_data_model.br_olist_customers
[0m11:23:12.514089 [debug] [Thread-2 (]: Writing injected SQL for node "model.dbt_olist_data_model.br_olist_customers"
[0m11:23:12.518307 [debug] [Thread-2 (]: Began executing node model.dbt_olist_data_model.br_olist_customers
[0m11:23:12.748305 [debug] [Thread-2 (]: Writing runtime sql for node "model.dbt_olist_data_model.br_olist_customers"
[0m11:23:12.753302 [debug] [Thread-2 (]: Using snowflake connection "model.dbt_olist_data_model.br_olist_customers"
[0m11:23:12.754438 [debug] [Thread-2 (]: On model.dbt_olist_data_model.br_olist_customers: create or replace transient table OLIST_DW.DBT_SCHEMA.br_olist_customers
    
    
    
    
    

    as (

select
    customer_id,
    customer_unique_id,
    customer_zip_code_prefix,
    customer_city,
    customer_state,
    _ingested_at::timestamp_ntz as ingested_at
from olist_dw.raw.raw_olist_customers


    )

/* {"app": "dbt", "dbt_version": "1.12.0", "profile_name": "dbt_olist_data_model", "target_name": "dev", "node_id": "model.dbt_olist_data_model.br_olist_customers"} */;
[0m11:23:12.755306 [debug] [Thread-2 (]: Opening a new connection, currently in state init
[0m11:23:17.071632 [debug] [Thread-2 (]: SQL status: SUCCESS 99441 in 4.316 seconds
[0m11:23:17.113260 [debug] [Thread-2 (]: Applying DROP to: OLIST_DW.DBT_SCHEMA.br_olist_customers__dbt_tmp
[0m11:23:17.165269 [debug] [Thread-2 (]: Using snowflake connection "model.dbt_olist_data_model.br_olist_customers"
[0m11:23:17.172256 [debug] [Thread-2 (]: On model.dbt_olist_data_model.br_olist_customers: drop view if exists OLIST_DW.DBT_SCHEMA.br_olist_customers__dbt_tmp cascade
/* {"app": "dbt", "dbt_version": "1.12.0", "profile_name": "dbt_olist_data_model", "target_name": "dev", "node_id": "model.dbt_olist_data_model.br_olist_customers"} */
[0m11:23:17.478301 [debug] [Thread-2 (]: SQL status: SUCCESS 1 in 0.300 seconds
[0m11:23:17.572927 [debug] [Thread-2 (]: Sending event: {'category': 'dbt', 'action': 'run_model', 'label': '1e99a207-20f3-445f-a2eb-c1342ed86426', 'context': [<snowplow_tracker.self_describing_json.SelfDescribingJson object at 0x0000026ADB1BE290>]}
[0m11:23:17.576593 [info ] [Thread-2 (]: 1 of 9 OK created sql incremental model DBT_SCHEMA.br_olist_customers .......... [[32mSUCCESS 99441[0m in 5.17s]
[0m11:23:17.581218 [debug] [Thread-2 (]: Finished running node model.dbt_olist_data_model.br_olist_customers
[0m11:23:17.584714 [debug] [Thread-2 (]: Began running node model.dbt_olist_data_model.br_olist_geolocation
[0m11:23:17.587825 [info ] [Thread-2 (]: 2 of 9 START sql incremental model DBT_SCHEMA.br_olist_geolocation ............. [RUN]
[0m11:23:17.596855 [debug] [Thread-2 (]: Re-using an available connection from the pool (formerly model.dbt_olist_data_model.br_olist_customers, now model.dbt_olist_data_model.br_olist_geolocation)
[0m11:23:17.601458 [debug] [Thread-2 (]: Began compiling node model.dbt_olist_data_model.br_olist_geolocation
[0m11:23:17.628411 [debug] [Thread-2 (]: Writing injected SQL for node "model.dbt_olist_data_model.br_olist_geolocation"
[0m11:23:17.636405 [debug] [Thread-2 (]: Began executing node model.dbt_olist_data_model.br_olist_geolocation
[0m11:23:17.658214 [debug] [Thread-2 (]: Writing runtime sql for node "model.dbt_olist_data_model.br_olist_geolocation"
[0m11:23:17.668213 [debug] [Thread-2 (]: Using snowflake connection "model.dbt_olist_data_model.br_olist_geolocation"
[0m11:23:17.673210 [debug] [Thread-2 (]: On model.dbt_olist_data_model.br_olist_geolocation: create or replace transient table OLIST_DW.DBT_SCHEMA.br_olist_geolocation
    
    
    
    
    

    as (

select
    geolocation_id::number as geolocation_id,
    geolocation_zip_code_prefix,
    geolocation_lat::float as geolocation_lat,
    geolocation_lng::float as geolocation_lng,
    geolocation_city,
    geolocation_state,
    _ingested_at::timestamp_ntz as ingested_at
from olist_dw.raw.raw_olist_geolocation


    )

/* {"app": "dbt", "dbt_version": "1.12.0", "profile_name": "dbt_olist_data_model", "target_name": "dev", "node_id": "model.dbt_olist_data_model.br_olist_geolocation"} */;
[0m11:23:19.323420 [debug] [Thread-2 (]: SQL status: SUCCESS 1000163 in 1.647 seconds
[0m11:23:19.338378 [debug] [Thread-2 (]: Applying DROP to: OLIST_DW.DBT_SCHEMA.br_olist_geolocation__dbt_tmp
[0m11:23:19.348229 [debug] [Thread-2 (]: Using snowflake connection "model.dbt_olist_data_model.br_olist_geolocation"
[0m11:23:19.352176 [debug] [Thread-2 (]: On model.dbt_olist_data_model.br_olist_geolocation: drop view if exists OLIST_DW.DBT_SCHEMA.br_olist_geolocation__dbt_tmp cascade
/* {"app": "dbt", "dbt_version": "1.12.0", "profile_name": "dbt_olist_data_model", "target_name": "dev", "node_id": "model.dbt_olist_data_model.br_olist_geolocation"} */
[0m11:23:19.582369 [debug] [Thread-2 (]: SQL status: SUCCESS 1 in 0.225 seconds
[0m11:23:19.596371 [debug] [Thread-2 (]: Sending event: {'category': 'dbt', 'action': 'run_model', 'label': '1e99a207-20f3-445f-a2eb-c1342ed86426', 'context': [<snowplow_tracker.self_describing_json.SelfDescribingJson object at 0x0000026AD97F1BD0>]}
[0m11:23:19.602371 [info ] [Thread-2 (]: 2 of 9 OK created sql incremental model DBT_SCHEMA.br_olist_geolocation ........ [[32mSUCCESS 1000163[0m in 2.00s]
[0m11:23:19.610957 [debug] [Thread-2 (]: Finished running node model.dbt_olist_data_model.br_olist_geolocation
[0m11:23:19.614910 [debug] [Thread-2 (]: Began running node model.dbt_olist_data_model.br_olist_order_items
[0m11:23:19.621689 [info ] [Thread-2 (]: 3 of 9 START sql incremental model DBT_SCHEMA.br_olist_order_items ............. [RUN]
[0m11:23:19.629789 [debug] [Thread-2 (]: Re-using an available connection from the pool (formerly model.dbt_olist_data_model.br_olist_geolocation, now model.dbt_olist_data_model.br_olist_order_items)
[0m11:23:19.635786 [debug] [Thread-2 (]: Began compiling node model.dbt_olist_data_model.br_olist_order_items
[0m11:23:19.704580 [debug] [Thread-2 (]: Writing injected SQL for node "model.dbt_olist_data_model.br_olist_order_items"
[0m11:23:19.723602 [debug] [Thread-2 (]: Began executing node model.dbt_olist_data_model.br_olist_order_items
[0m11:23:19.772643 [debug] [Thread-2 (]: Writing runtime sql for node "model.dbt_olist_data_model.br_olist_order_items"
[0m11:23:19.800488 [debug] [Thread-2 (]: Using snowflake connection "model.dbt_olist_data_model.br_olist_order_items"
[0m11:23:19.803489 [debug] [Thread-2 (]: On model.dbt_olist_data_model.br_olist_order_items: create or replace transient table OLIST_DW.DBT_SCHEMA.br_olist_order_items
    
    
    
    
    

    as (

select
    order_id,
    order_item_id::number as order_item_id,
    product_id,
    seller_id,
    shipping_limit_date::timestamp_ntz as shipping_limit_date,
    price::number(10,2) as price,
    freight_value::number(10,2) as freight_value,
    _ingested_at::timestamp_ntz as ingested_at
from olist_dw.raw.raw_olist_order_items


    )

/* {"app": "dbt", "dbt_version": "1.12.0", "profile_name": "dbt_olist_data_model", "target_name": "dev", "node_id": "model.dbt_olist_data_model.br_olist_order_items"} */;
[0m11:23:22.106873 [debug] [Thread-2 (]: SQL status: SUCCESS 112650 in 2.276 seconds
[0m11:23:22.120013 [debug] [Thread-2 (]: Applying DROP to: OLIST_DW.DBT_SCHEMA.br_olist_order_items__dbt_tmp
[0m11:23:22.131680 [debug] [Thread-2 (]: Using snowflake connection "model.dbt_olist_data_model.br_olist_order_items"
[0m11:23:22.137193 [debug] [Thread-2 (]: On model.dbt_olist_data_model.br_olist_order_items: drop view if exists OLIST_DW.DBT_SCHEMA.br_olist_order_items__dbt_tmp cascade
/* {"app": "dbt", "dbt_version": "1.12.0", "profile_name": "dbt_olist_data_model", "target_name": "dev", "node_id": "model.dbt_olist_data_model.br_olist_order_items"} */
[0m11:23:22.436312 [debug] [Thread-2 (]: SQL status: SUCCESS 1 in 0.293 seconds
[0m11:23:22.449272 [debug] [Thread-2 (]: Sending event: {'category': 'dbt', 'action': 'run_model', 'label': '1e99a207-20f3-445f-a2eb-c1342ed86426', 'context': [<snowplow_tracker.self_describing_json.SelfDescribingJson object at 0x0000026ADB169290>]}
[0m11:23:22.454753 [info ] [Thread-2 (]: 3 of 9 OK created sql incremental model DBT_SCHEMA.br_olist_order_items ........ [[32mSUCCESS 112650[0m in 2.82s]
[0m11:23:22.461483 [debug] [Thread-2 (]: Finished running node model.dbt_olist_data_model.br_olist_order_items
[0m11:23:22.466489 [debug] [Thread-2 (]: Began running node model.dbt_olist_data_model.br_olist_order_payments
[0m11:23:22.473486 [info ] [Thread-2 (]: 4 of 9 START sql incremental model DBT_SCHEMA.br_olist_order_payments .......... [RUN]
[0m11:23:22.488310 [debug] [Thread-2 (]: Re-using an available connection from the pool (formerly model.dbt_olist_data_model.br_olist_order_items, now model.dbt_olist_data_model.br_olist_order_payments)
[0m11:23:22.491313 [debug] [Thread-2 (]: Began compiling node model.dbt_olist_data_model.br_olist_order_payments
[0m11:23:22.521264 [debug] [Thread-2 (]: Writing injected SQL for node "model.dbt_olist_data_model.br_olist_order_payments"
[0m11:23:22.537318 [debug] [Thread-2 (]: Began executing node model.dbt_olist_data_model.br_olist_order_payments
[0m11:23:22.557885 [debug] [Thread-2 (]: Writing runtime sql for node "model.dbt_olist_data_model.br_olist_order_payments"
[0m11:23:22.575727 [debug] [Thread-2 (]: Using snowflake connection "model.dbt_olist_data_model.br_olist_order_payments"
[0m11:23:22.580685 [debug] [Thread-2 (]: On model.dbt_olist_data_model.br_olist_order_payments: create or replace transient table OLIST_DW.DBT_SCHEMA.br_olist_order_payments
    
    
    
    
    

    as (
select
    payment_id::number as payment_id,
    order_id,
    payment_sequential::number as payment_sequential,
    payment_type,
    payment_installments::number as payment_installments,
    payment_value::number(10,2) as payment_value,
    _ingested_at::timestamp_ntz as ingested_at
from olist_dw.raw.raw_olist_order_payments


    )

/* {"app": "dbt", "dbt_version": "1.12.0", "profile_name": "dbt_olist_data_model", "target_name": "dev", "node_id": "model.dbt_olist_data_model.br_olist_order_payments"} */;
[0m11:23:25.367306 [debug] [Thread-2 (]: SQL status: SUCCESS 103886 in 2.782 seconds
[0m11:23:25.391977 [debug] [Thread-2 (]: Applying DROP to: OLIST_DW.DBT_SCHEMA.br_olist_order_payments__dbt_tmp
[0m11:23:25.404501 [debug] [Thread-2 (]: Using snowflake connection "model.dbt_olist_data_model.br_olist_order_payments"
[0m11:23:25.409308 [debug] [Thread-2 (]: On model.dbt_olist_data_model.br_olist_order_payments: drop view if exists OLIST_DW.DBT_SCHEMA.br_olist_order_payments__dbt_tmp cascade
/* {"app": "dbt", "dbt_version": "1.12.0", "profile_name": "dbt_olist_data_model", "target_name": "dev", "node_id": "model.dbt_olist_data_model.br_olist_order_payments"} */
[0m11:23:25.720210 [debug] [Thread-2 (]: SQL status: SUCCESS 1 in 0.306 seconds
[0m11:23:25.729203 [debug] [Thread-2 (]: Sending event: {'category': 'dbt', 'action': 'run_model', 'label': '1e99a207-20f3-445f-a2eb-c1342ed86426', 'context': [<snowplow_tracker.self_describing_json.SelfDescribingJson object at 0x0000026ADABBEDD0>]}
[0m11:23:25.742208 [info ] [Thread-2 (]: 4 of 9 OK created sql incremental model DBT_SCHEMA.br_olist_order_payments ..... [[32mSUCCESS 103886[0m in 3.24s]
[0m11:23:25.753684 [debug] [Thread-2 (]: Finished running node model.dbt_olist_data_model.br_olist_order_payments
[0m11:23:25.758091 [debug] [Thread-2 (]: Began running node model.dbt_olist_data_model.br_olist_order_reviews
[0m11:23:25.762086 [info ] [Thread-2 (]: 5 of 9 START sql incremental model DBT_SCHEMA.br_olist_order_reviews ........... [RUN]
[0m11:23:25.787129 [debug] [Thread-2 (]: Re-using an available connection from the pool (formerly model.dbt_olist_data_model.br_olist_order_payments, now model.dbt_olist_data_model.br_olist_order_reviews)
[0m11:23:25.815131 [debug] [Thread-2 (]: Began compiling node model.dbt_olist_data_model.br_olist_order_reviews
[0m11:23:25.835131 [debug] [Thread-2 (]: Writing injected SQL for node "model.dbt_olist_data_model.br_olist_order_reviews"
[0m11:23:25.841093 [debug] [Thread-2 (]: Began executing node model.dbt_olist_data_model.br_olist_order_reviews
[0m11:23:25.856206 [debug] [Thread-2 (]: Writing runtime sql for node "model.dbt_olist_data_model.br_olist_order_reviews"
[0m11:23:25.865323 [debug] [Thread-2 (]: Using snowflake connection "model.dbt_olist_data_model.br_olist_order_reviews"
[0m11:23:25.868439 [debug] [Thread-2 (]: On model.dbt_olist_data_model.br_olist_order_reviews: create or replace transient table OLIST_DW.DBT_SCHEMA.br_olist_order_reviews
    
    
    
    
    

    as (

select
    review_pk_id::number as review_pk_id,
    review_id,
    order_id,
    review_score::number as review_score,
    review_comment_title,
    review_comment_message,
    review_creation_date::timestamp_ntz as review_creation_date,
    review_answer_timestamp::timestamp_ntz as review_answer_timestamp,
    _ingested_at::timestamp_ntz as ingested_at
from olist_dw.raw.raw_olist_order_reviews


    )

/* {"app": "dbt", "dbt_version": "1.12.0", "profile_name": "dbt_olist_data_model", "target_name": "dev", "node_id": "model.dbt_olist_data_model.br_olist_order_reviews"} */;
[0m11:23:27.517285 [debug] [Thread-2 (]: Snowflake adapter: Snowflake query id: 01c60d6d-010b-5627-0004-142a0003018a
[0m11:23:27.521360 [debug] [Thread-2 (]: Snowflake adapter: Snowflake error: 100035 (22007): DML operation to table DQ04802.OLIST_DW.DBT_SCHEMA.BR_OLIST_ORDER_REVIEWS failed on column REVIEW_CREATION_DATE with error: Timestamp 'f63f9a7699e3674c80a4ba92e56dfbb8' is not recognized
[0m11:23:27.546156 [debug] [Thread-2 (]: Database Error in model br_olist_order_reviews (models\bronze\br_olist_order_reviews.sql)
  100035 (22007): DML operation to table DQ04802.OLIST_DW.DBT_SCHEMA.BR_OLIST_ORDER_REVIEWS failed on column REVIEW_CREATION_DATE with error: Timestamp 'f63f9a7699e3674c80a4ba92e56dfbb8' is not recognized
  compiled code at target\run\dbt_olist_data_model\models\bronze\br_olist_order_reviews.sql
[0m11:23:27.550153 [debug] [Thread-2 (]: Sending event: {'category': 'dbt', 'action': 'run_model', 'label': '1e99a207-20f3-445f-a2eb-c1342ed86426', 'context': [<snowplow_tracker.self_describing_json.SelfDescribingJson object at 0x0000026ADC67FA50>]}
[0m11:23:27.554159 [error] [Thread-2 (]: 5 of 9 ERROR creating sql incremental model DBT_SCHEMA.br_olist_order_reviews .. [[31mERROR[0m in 1.76s]
[0m11:23:27.557159 [debug] [Thread-2 (]: Finished running node model.dbt_olist_data_model.br_olist_order_reviews
[0m11:23:27.559863 [debug] [Thread-2 (]: Began running node model.dbt_olist_data_model.br_olist_orders
[0m11:23:27.562512 [debug] [Thread-5 (]: Marking all children of 'model.dbt_olist_data_model.br_olist_order_reviews' to be skipped because of status 'error'.  Reason: Database Error in model br_olist_order_reviews (models\bronze\br_olist_order_reviews.sql)
  100035 (22007): DML operation to table DQ04802.OLIST_DW.DBT_SCHEMA.BR_OLIST_ORDER_REVIEWS failed on column REVIEW_CREATION_DATE with error: Timestamp 'f63f9a7699e3674c80a4ba92e56dfbb8' is not recognized
  compiled code at target\run\dbt_olist_data_model\models\bronze\br_olist_order_reviews.sql.
[0m11:23:27.564935 [info ] [Thread-2 (]: 6 of 9 START sql incremental model DBT_SCHEMA.br_olist_orders .................. [RUN]
[0m11:23:27.572549 [debug] [Thread-2 (]: Re-using an available connection from the pool (formerly model.dbt_olist_data_model.br_olist_order_reviews, now model.dbt_olist_data_model.br_olist_orders)
[0m11:23:27.582386 [debug] [Thread-2 (]: Began compiling node model.dbt_olist_data_model.br_olist_orders
[0m11:23:27.600404 [debug] [Thread-2 (]: Writing injected SQL for node "model.dbt_olist_data_model.br_olist_orders"
[0m11:23:27.605880 [debug] [Thread-2 (]: Began executing node model.dbt_olist_data_model.br_olist_orders
[0m11:23:27.631378 [debug] [Thread-2 (]: Writing runtime sql for node "model.dbt_olist_data_model.br_olist_orders"
[0m11:23:27.639495 [debug] [Thread-2 (]: Using snowflake connection "model.dbt_olist_data_model.br_olist_orders"
[0m11:23:27.644492 [debug] [Thread-2 (]: On model.dbt_olist_data_model.br_olist_orders: create or replace transient table OLIST_DW.DBT_SCHEMA.br_olist_orders
    
    
    
    
    

    as (

select
    order_id,
    customer_id,
    order_status,
    order_purchase_timestamp::timestamp_ntz as order_purchase_timestamp,
    order_approved_at::timestamp_ntz as order_approved_at,
    order_delivered_carrier_date::timestamp_ntz as order_delivered_carrier_date,
    order_delivered_customer_date::timestamp_ntz as order_delivered_customer_date,
    order_estimated_delivery_date::timestamp_ntz as order_estimated_delivery_date,
    _ingested_at::timestamp_ntz as ingested_at
from olist_dw.raw.raw_olist_orders


    )

/* {"app": "dbt", "dbt_version": "1.12.0", "profile_name": "dbt_olist_data_model", "target_name": "dev", "node_id": "model.dbt_olist_data_model.br_olist_orders"} */;
[0m11:23:29.561395 [debug] [Thread-2 (]: Snowflake adapter: Snowflake query id: 01c60d6d-010b-5627-0004-142a0003018e
[0m11:23:29.563399 [debug] [Thread-2 (]: Snowflake adapter: Snowflake error: 100035 (22007): DML operation to table DQ04802.OLIST_DW.DBT_SCHEMA.BR_OLIST_ORDERS failed on column ORDER_APPROVED_AT with error: Timestamp '' is not recognized
[0m11:23:29.571605 [debug] [Thread-2 (]: Database Error in model br_olist_orders (models\bronze\br_olist_orders.sql)
  100035 (22007): DML operation to table DQ04802.OLIST_DW.DBT_SCHEMA.BR_OLIST_ORDERS failed on column ORDER_APPROVED_AT with error: Timestamp '' is not recognized
  compiled code at target\run\dbt_olist_data_model\models\bronze\br_olist_orders.sql
[0m11:23:29.573788 [debug] [Thread-2 (]: Sending event: {'category': 'dbt', 'action': 'run_model', 'label': '1e99a207-20f3-445f-a2eb-c1342ed86426', 'context': [<snowplow_tracker.self_describing_json.SelfDescribingJson object at 0x0000026ADC5E6350>]}
[0m11:23:29.575745 [error] [Thread-2 (]: 6 of 9 ERROR creating sql incremental model DBT_SCHEMA.br_olist_orders ......... [[31mERROR[0m in 2.00s]
[0m11:23:29.578454 [debug] [Thread-2 (]: Finished running node model.dbt_olist_data_model.br_olist_orders
[0m11:23:29.580560 [debug] [Thread-2 (]: Began running node model.dbt_olist_data_model.br_olist_product_category_translation
[0m11:23:29.581736 [debug] [Thread-5 (]: Marking all children of 'model.dbt_olist_data_model.br_olist_orders' to be skipped because of status 'error'.  Reason: Database Error in model br_olist_orders (models\bronze\br_olist_orders.sql)
  100035 (22007): DML operation to table DQ04802.OLIST_DW.DBT_SCHEMA.BR_OLIST_ORDERS failed on column ORDER_APPROVED_AT with error: Timestamp '' is not recognized
  compiled code at target\run\dbt_olist_data_model\models\bronze\br_olist_orders.sql.
[0m11:23:29.582691 [info ] [Thread-2 (]: 7 of 9 START sql incremental model DBT_SCHEMA.br_olist_product_category_translation  [RUN]
[0m11:23:29.585515 [debug] [Thread-2 (]: Re-using an available connection from the pool (formerly model.dbt_olist_data_model.br_olist_orders, now model.dbt_olist_data_model.br_olist_product_category_translation)
[0m11:23:29.587371 [debug] [Thread-2 (]: Began compiling node model.dbt_olist_data_model.br_olist_product_category_translation
[0m11:23:29.595401 [debug] [Thread-2 (]: Writing injected SQL for node "model.dbt_olist_data_model.br_olist_product_category_translation"
[0m11:23:29.598402 [debug] [Thread-2 (]: Began executing node model.dbt_olist_data_model.br_olist_product_category_translation
[0m11:23:29.607406 [debug] [Thread-2 (]: Writing runtime sql for node "model.dbt_olist_data_model.br_olist_product_category_translation"
[0m11:23:29.611402 [debug] [Thread-2 (]: Using snowflake connection "model.dbt_olist_data_model.br_olist_product_category_translation"
[0m11:23:29.613407 [debug] [Thread-2 (]: On model.dbt_olist_data_model.br_olist_product_category_translation: create or replace transient table OLIST_DW.DBT_SCHEMA.br_olist_product_category_translation
    
    
    
    
    

    as (

select
    product_category_id::number as product_category_id,
    product_category_name,
    product_category_name_english,
    _ingested_at::timestamp_ntz as ingested_at
from olist_dw.raw.raw_olist_product_category_translation


    )

/* {"app": "dbt", "dbt_version": "1.12.0", "profile_name": "dbt_olist_data_model", "target_name": "dev", "node_id": "model.dbt_olist_data_model.br_olist_product_category_translation"} */;
[0m11:23:31.096718 [debug] [Thread-2 (]: SQL status: SUCCESS 71 in 1.481 seconds
[0m11:23:31.103768 [debug] [Thread-2 (]: Applying DROP to: OLIST_DW.DBT_SCHEMA.br_olist_product_category_translation__dbt_tmp
[0m11:23:31.108561 [debug] [Thread-2 (]: Using snowflake connection "model.dbt_olist_data_model.br_olist_product_category_translation"
[0m11:23:31.111177 [debug] [Thread-2 (]: On model.dbt_olist_data_model.br_olist_product_category_translation: drop view if exists OLIST_DW.DBT_SCHEMA.br_olist_product_category_translation__dbt_tmp cascade
/* {"app": "dbt", "dbt_version": "1.12.0", "profile_name": "dbt_olist_data_model", "target_name": "dev", "node_id": "model.dbt_olist_data_model.br_olist_product_category_translation"} */
[0m11:23:31.406741 [debug] [Thread-2 (]: SQL status: SUCCESS 1 in 0.290 seconds
[0m11:23:31.415240 [debug] [Thread-2 (]: Sending event: {'category': 'dbt', 'action': 'run_model', 'label': '1e99a207-20f3-445f-a2eb-c1342ed86426', 'context': [<snowplow_tracker.self_describing_json.SelfDescribingJson object at 0x0000026AD4DFD0D0>]}
[0m11:23:31.419222 [info ] [Thread-2 (]: 7 of 9 OK created sql incremental model DBT_SCHEMA.br_olist_product_category_translation  [[32mSUCCESS 71[0m in 1.83s]
[0m11:23:31.425790 [debug] [Thread-2 (]: Finished running node model.dbt_olist_data_model.br_olist_product_category_translation
[0m11:23:31.441647 [debug] [Thread-2 (]: Began running node model.dbt_olist_data_model.br_olist_products
[0m11:23:31.451621 [info ] [Thread-2 (]: 8 of 9 START sql incremental model DBT_SCHEMA.br_olist_products ................ [RUN]
[0m11:23:31.462617 [debug] [Thread-2 (]: Re-using an available connection from the pool (formerly model.dbt_olist_data_model.br_olist_product_category_translation, now model.dbt_olist_data_model.br_olist_products)
[0m11:23:31.465680 [debug] [Thread-2 (]: Began compiling node model.dbt_olist_data_model.br_olist_products
[0m11:23:31.477319 [debug] [Thread-2 (]: Writing injected SQL for node "model.dbt_olist_data_model.br_olist_products"
[0m11:23:31.484945 [debug] [Thread-2 (]: Began executing node model.dbt_olist_data_model.br_olist_products
[0m11:23:31.510663 [debug] [Thread-2 (]: Writing runtime sql for node "model.dbt_olist_data_model.br_olist_products"
[0m11:23:31.520538 [debug] [Thread-2 (]: Using snowflake connection "model.dbt_olist_data_model.br_olist_products"
[0m11:23:31.527762 [debug] [Thread-2 (]: On model.dbt_olist_data_model.br_olist_products: create or replace transient table OLIST_DW.DBT_SCHEMA.br_olist_products
    
    
    
    
    

    as (

select
    product_id,
    product_category_name,
    product_name_lenght::number as product_name_length,
    product_description_lenght::number as product_description_length,
    product_photos_qty::number as product_photos_qty,
    product_weight_g::number as product_weight_g,
    product_length_cm::number as product_length_cm,
    product_height_cm::number as product_height_cm,
    product_width_cm::number as product_width_cm,
    _ingested_at::timestamp_ntz as ingested_at
from olist_dw.raw.raw_olist_products


    )

/* {"app": "dbt", "dbt_version": "1.12.0", "profile_name": "dbt_olist_data_model", "target_name": "dev", "node_id": "model.dbt_olist_data_model.br_olist_products"} */;
[0m11:23:33.049328 [debug] [Thread-2 (]: Snowflake adapter: Snowflake query id: 01c60d6d-010b-5627-0004-142a00030196
[0m11:23:33.051236 [debug] [Thread-2 (]: Snowflake adapter: Snowflake error: 100038 (22018): DML operation to table DQ04802.OLIST_DW.DBT_SCHEMA.BR_OLIST_PRODUCTS failed on column PRODUCT_NAME_LENGTH with error: Numeric value '' is not recognized
[0m11:23:33.063299 [debug] [Thread-2 (]: Database Error in model br_olist_products (models\bronze\br_olist_products.sql)
  100038 (22018): DML operation to table DQ04802.OLIST_DW.DBT_SCHEMA.BR_OLIST_PRODUCTS failed on column PRODUCT_NAME_LENGTH with error: Numeric value '' is not recognized
  compiled code at target\run\dbt_olist_data_model\models\bronze\br_olist_products.sql
[0m11:23:33.066306 [debug] [Thread-2 (]: Sending event: {'category': 'dbt', 'action': 'run_model', 'label': '1e99a207-20f3-445f-a2eb-c1342ed86426', 'context': [<snowplow_tracker.self_describing_json.SelfDescribingJson object at 0x0000026ADB1BED50>]}
[0m11:23:33.068723 [error] [Thread-2 (]: 8 of 9 ERROR creating sql incremental model DBT_SCHEMA.br_olist_products ....... [[31mERROR[0m in 1.60s]
[0m11:23:33.072725 [debug] [Thread-2 (]: Finished running node model.dbt_olist_data_model.br_olist_products
[0m11:23:33.075736 [debug] [Thread-2 (]: Began running node model.dbt_olist_data_model.br_olist_sellers
[0m11:23:33.081020 [debug] [Thread-5 (]: Marking all children of 'model.dbt_olist_data_model.br_olist_products' to be skipped because of status 'error'.  Reason: Database Error in model br_olist_products (models\bronze\br_olist_products.sql)
  100038 (22018): DML operation to table DQ04802.OLIST_DW.DBT_SCHEMA.BR_OLIST_PRODUCTS failed on column PRODUCT_NAME_LENGTH with error: Numeric value '' is not recognized
  compiled code at target\run\dbt_olist_data_model\models\bronze\br_olist_products.sql.
[0m11:23:33.084425 [info ] [Thread-2 (]: 9 of 9 START sql incremental model DBT_SCHEMA.br_olist_sellers ................. [RUN]
[0m11:23:33.098363 [debug] [Thread-2 (]: Re-using an available connection from the pool (formerly model.dbt_olist_data_model.br_olist_products, now model.dbt_olist_data_model.br_olist_sellers)
[0m11:23:33.100755 [debug] [Thread-2 (]: Began compiling node model.dbt_olist_data_model.br_olist_sellers
[0m11:23:33.115497 [debug] [Thread-2 (]: Writing injected SQL for node "model.dbt_olist_data_model.br_olist_sellers"
[0m11:23:33.122493 [debug] [Thread-2 (]: Began executing node model.dbt_olist_data_model.br_olist_sellers
[0m11:23:33.137501 [debug] [Thread-2 (]: Writing runtime sql for node "model.dbt_olist_data_model.br_olist_sellers"
[0m11:23:33.147897 [debug] [Thread-2 (]: Using snowflake connection "model.dbt_olist_data_model.br_olist_sellers"
[0m11:23:33.149467 [debug] [Thread-2 (]: On model.dbt_olist_data_model.br_olist_sellers: create or replace transient table OLIST_DW.DBT_SCHEMA.br_olist_sellers
    
    
    
    
    

    as (

select
    seller_id,
    seller_zip_code_prefix,
    seller_city,
    seller_state,
    _ingested_at::timestamp_ntz as ingested_at
from olist_dw.raw.raw_olist_sellers


    )

/* {"app": "dbt", "dbt_version": "1.12.0", "profile_name": "dbt_olist_data_model", "target_name": "dev", "node_id": "model.dbt_olist_data_model.br_olist_sellers"} */;
[0m11:23:34.479169 [debug] [Thread-2 (]: SQL status: SUCCESS 3095 in 1.327 seconds
[0m11:23:34.490489 [debug] [Thread-2 (]: Applying DROP to: OLIST_DW.DBT_SCHEMA.br_olist_sellers__dbt_tmp
[0m11:23:34.499357 [debug] [Thread-2 (]: Using snowflake connection "model.dbt_olist_data_model.br_olist_sellers"
[0m11:23:34.505373 [debug] [Thread-2 (]: On model.dbt_olist_data_model.br_olist_sellers: drop view if exists OLIST_DW.DBT_SCHEMA.br_olist_sellers__dbt_tmp cascade
/* {"app": "dbt", "dbt_version": "1.12.0", "profile_name": "dbt_olist_data_model", "target_name": "dev", "node_id": "model.dbt_olist_data_model.br_olist_sellers"} */
[0m11:23:34.814430 [debug] [Thread-2 (]: SQL status: SUCCESS 1 in 0.304 seconds
[0m11:23:34.826436 [debug] [Thread-2 (]: Sending event: {'category': 'dbt', 'action': 'run_model', 'label': '1e99a207-20f3-445f-a2eb-c1342ed86426', 'context': [<snowplow_tracker.self_describing_json.SelfDescribingJson object at 0x0000026ADC747510>]}
[0m11:23:34.832436 [info ] [Thread-2 (]: 9 of 9 OK created sql incremental model DBT_SCHEMA.br_olist_sellers ............ [[32mSUCCESS 3095[0m in 1.73s]
[0m11:23:34.838490 [debug] [Thread-2 (]: Finished running node model.dbt_olist_data_model.br_olist_sellers
[0m11:23:34.847490 [debug] [MainThread]: Connection 'master' was properly closed.
[0m11:23:34.850487 [debug] [MainThread]: Connection 'create_OLIST_DW_DBT_SCHEMA' was left open.
[0m11:23:34.856912 [debug] [MainThread]: On create_OLIST_DW_DBT_SCHEMA: Close
[0m11:23:35.420810 [debug] [MainThread]: Connection 'list_OLIST_DW_DBT_SCHEMA' was left open.
[0m11:23:35.423808 [debug] [MainThread]: On list_OLIST_DW_DBT_SCHEMA: Close
[0m11:23:35.946455 [debug] [MainThread]: Connection 'model.dbt_olist_data_model.br_olist_sellers' was left open.
[0m11:23:35.949381 [debug] [MainThread]: On model.dbt_olist_data_model.br_olist_sellers: Close
[0m11:23:36.740375 [info ] [MainThread]: 
[0m11:23:36.757497 [info ] [MainThread]: Finished running 9 incremental models in 0 hours 0 minutes and 31.82 seconds (31.82s).
[0m11:23:36.786617 [debug] [MainThread]: Command end result
[0m11:23:37.029409 [debug] [MainThread]: Wrote artifact WritableManifest to C:\Users\lenovo\Documents\Data_Engineering\Portfolio\Data-Migration-from-MySQL-Database-to-Migration-with-Full-CI-CD-Pipeline\dbt_olist_data_model\target\manifest.json
[0m11:23:37.051466 [debug] [MainThread]: Wrote artifact SemanticManifest to C:\Users\lenovo\Documents\Data_Engineering\Portfolio\Data-Migration-from-MySQL-Database-to-Migration-with-Full-CI-CD-Pipeline\dbt_olist_data_model\target\semantic_manifest.json
[0m11:23:37.064524 [debug] [MainThread]: Wrote artifact OsiDocument to C:\Users\lenovo\Documents\Data_Engineering\Portfolio\Data-Migration-from-MySQL-Database-to-Migration-with-Full-CI-CD-Pipeline\dbt_olist_data_model\target\osi_document.json
[0m11:23:37.135273 [debug] [MainThread]: Wrote artifact RunExecutionResult to C:\Users\lenovo\Documents\Data_Engineering\Portfolio\Data-Migration-from-MySQL-Database-to-Migration-with-Full-CI-CD-Pipeline\dbt_olist_data_model\target\run_results.json
[0m11:23:37.162408 [info ] [MainThread]: 
[0m11:23:37.224429 [info ] [MainThread]: [31mCompleted with 3 errors, 0 partial successes, and 0 warnings:[0m
[0m11:23:37.245396 [info ] [MainThread]: 
[0m11:23:37.260091 [error] [MainThread]: [[31mERROR[0m]: in model br_olist_order_reviews (models\bronze\br_olist_order_reviews.sql)
[0m11:23:37.275025 [error] [MainThread]:   Database Error in model br_olist_order_reviews (models\bronze\br_olist_order_reviews.sql)
  100035 (22007): DML operation to table DQ04802.OLIST_DW.DBT_SCHEMA.BR_OLIST_ORDER_REVIEWS failed on column REVIEW_CREATION_DATE with error: Timestamp 'f63f9a7699e3674c80a4ba92e56dfbb8' is not recognized
  compiled code at target\run\dbt_olist_data_model\models\bronze\br_olist_order_reviews.sql
[0m11:23:37.280391 [info ] [MainThread]: 
[0m11:23:37.291061 [info ] [MainThread]:   compiled code at target\compiled\dbt_olist_data_model\models\bronze\br_olist_order_reviews.sql
[0m11:23:37.296063 [info ] [MainThread]: 
[0m11:23:37.300441 [error] [MainThread]: [[31mERROR[0m]: in model br_olist_orders (models\bronze\br_olist_orders.sql)
[0m11:23:37.310526 [error] [MainThread]:   Database Error in model br_olist_orders (models\bronze\br_olist_orders.sql)
  100035 (22007): DML operation to table DQ04802.OLIST_DW.DBT_SCHEMA.BR_OLIST_ORDERS failed on column ORDER_APPROVED_AT with error: Timestamp '' is not recognized
  compiled code at target\run\dbt_olist_data_model\models\bronze\br_olist_orders.sql
[0m11:23:37.314525 [info ] [MainThread]: 
[0m11:23:37.325108 [info ] [MainThread]:   compiled code at target\compiled\dbt_olist_data_model\models\bronze\br_olist_orders.sql
[0m11:23:37.327146 [info ] [MainThread]: 
[0m11:23:37.331379 [error] [MainThread]: [[31mERROR[0m]: in model br_olist_products (models\bronze\br_olist_products.sql)
[0m11:23:37.348264 [error] [MainThread]:   Database Error in model br_olist_products (models\bronze\br_olist_products.sql)
  100038 (22018): DML operation to table DQ04802.OLIST_DW.DBT_SCHEMA.BR_OLIST_PRODUCTS failed on column PRODUCT_NAME_LENGTH with error: Numeric value '' is not recognized
  compiled code at target\run\dbt_olist_data_model\models\bronze\br_olist_products.sql
[0m11:23:37.382607 [info ] [MainThread]: 
[0m11:23:37.460421 [info ] [MainThread]:   compiled code at target\compiled\dbt_olist_data_model\models\bronze\br_olist_products.sql
[0m11:23:37.529476 [info ] [MainThread]: 
[0m11:23:37.560052 [info ] [MainThread]: Done. PASS=6 WARN=0 ERROR=3 SKIP=0 NO-OP=0 REUSED=0 TOTAL=9
[0m11:23:37.595398 [debug] [MainThread]: Command `dbt run` failed at 11:23:37.594396 after 37.12 seconds
[0m11:23:37.598319 [debug] [MainThread]: Sending event: {'category': 'dbt', 'action': 'invocation', 'label': 'end', 'context': [<snowplow_tracker.self_describing_json.SelfDescribingJson object at 0x0000026ADABBB290>, <snowplow_tracker.self_describing_json.SelfDescribingJson object at 0x0000026AD8086E50>, <snowplow_tracker.self_describing_json.SelfDescribingJson object at 0x0000026AD9743390>]}
[0m11:23:37.613320 [debug] [MainThread]: Flushing usage events
[0m11:23:39.292336 [debug] [MainThread]: An error was encountered while trying to flush usage events
[0m11:32:24.231372 [debug] [MainThread]: Sending event: {'category': 'dbt', 'action': 'invocation', 'label': 'start', 'context': [<snowplow_tracker.self_describing_json.SelfDescribingJson object at 0x000002140C634B50>, <snowplow_tracker.self_describing_json.SelfDescribingJson object at 0x000002140C6E3A10>, <snowplow_tracker.self_describing_json.SelfDescribingJson object at 0x000002140C6E3FD0>]}


============================== 11:32:24.245559 | 212a61ce-bbd1-4d28-8e35-f8bb02f91ba9 ==============================
[0m11:32:24.245559 [info ] [MainThread]: Running with dbt=1.12.0
[0m11:32:24.249239 [debug] [MainThread]: running dbt with arguments {'static_parser': 'True', 'no_print': 'None', 'version_check': 'True', 'target_path': 'None', 'warn_error_options': 'WarnErrorOptionsV2(error=[], warn=[], silence=[])', 'maximum_seed_size_mib': '1', 'printer_width': '80', 'write_json': 'True', 'introspect': 'True', 'log_cache_events': 'False', 'empty': 'False', 'cache_selected_only': 'False', 'fail_fast': 'False', 'debug': 'False', 'log_format': 'default', 'partial_parse': 'True', 'send_anonymous_usage_stats': 'True', 'quiet': 'False', 'warn_error': 'None', 'profiles_dir': 'C:\\Users\\lenovo\\.dbt', 'invocation_command': 'dbt compile', 'hints_enabled': 'True', 'indirect_selection': 'eager', 'use_experimental_parser': 'False', 'use_colors': 'True', 'log_path': 'C:\\Users\\lenovo\\Documents\\Data_Engineering\\Portfolio\\Data-Migration-from-MySQL-Database-to-Migration-with-Full-CI-CD-Pipeline\\dbt_olist_data_model\\logs'}
[0m11:32:26.599041 [debug] [MainThread]: Snowflake adapter: Setting snowflake.connector to ERROR (file logging only)
[0m11:32:26.601602 [debug] [MainThread]: Snowflake adapter: Setting botocore to ERROR (file logging only)
[0m11:32:26.604528 [debug] [MainThread]: Snowflake adapter: Setting boto3 to ERROR (file logging only)
[0m11:32:27.595416 [debug] [MainThread]: Sending event: {'category': 'dbt', 'action': 'project_id', 'label': '212a61ce-bbd1-4d28-8e35-f8bb02f91ba9', 'context': [<snowplow_tracker.self_describing_json.SelfDescribingJson object at 0x000002140DC9A4D0>]}
[0m11:32:27.755450 [debug] [MainThread]: Sending event: {'category': 'dbt', 'action': 'adapter_info', 'label': '212a61ce-bbd1-4d28-8e35-f8bb02f91ba9', 'context': [<snowplow_tracker.self_describing_json.SelfDescribingJson object at 0x000002140A338350>]}
[0m11:32:27.759595 [info ] [MainThread]: Registered adapter: snowflake=1.12.0
[0m11:32:28.522874 [debug] [MainThread]: checksum: fa19c417bd532b9cc714519aa84e06d9b91dd956fbccdd320c8e6f600c8f48a8, vars: {}, profile: dbt_olist_data_model, target: dev, version: 1.12.0
[0m11:32:28.920530 [debug] [MainThread]: Partial parsing enabled: 0 files deleted, 0 files added, 0 files changed.
[0m11:32:28.922852 [debug] [MainThread]: Nothing changed, skipping partial parsing.
[0m11:32:28.924714 [debug] [MainThread]: Partial parsing enabled, no changes found, skipping parsing
[0m11:32:28.941637 [warn ] [MainThread]: [[33mWARNING[0m]: Configuration paths exist in your dbt_project.yml file which do not apply to any resources.
There are 2 unused configuration paths:
- models.dbt_olist_data_model.silver
- models.dbt_olist_data_model.gold
[0m11:32:28.950180 [debug] [MainThread]: Sending event: {'category': 'dbt', 'action': 'load_project', 'label': '212a61ce-bbd1-4d28-8e35-f8bb02f91ba9', 'context': [<snowplow_tracker.self_describing_json.SelfDescribingJson object at 0x000002140E2145D0>]}
[0m11:32:29.345325 [debug] [MainThread]: Wrote artifact WritableManifest to C:\Users\lenovo\Documents\Data_Engineering\Portfolio\Data-Migration-from-MySQL-Database-to-Migration-with-Full-CI-CD-Pipeline\dbt_olist_data_model\target\manifest.json
[0m11:32:29.352325 [debug] [MainThread]: Wrote artifact SemanticManifest to C:\Users\lenovo\Documents\Data_Engineering\Portfolio\Data-Migration-from-MySQL-Database-to-Migration-with-Full-CI-CD-Pipeline\dbt_olist_data_model\target\semantic_manifest.json
[0m11:32:29.452522 [debug] [MainThread]: Wrote artifact OsiDocument to C:\Users\lenovo\Documents\Data_Engineering\Portfolio\Data-Migration-from-MySQL-Database-to-Migration-with-Full-CI-CD-Pipeline\dbt_olist_data_model\target\osi_document.json
[0m11:32:29.566083 [debug] [MainThread]: Sending event: {'category': 'dbt', 'action': 'resource_counts', 'label': '212a61ce-bbd1-4d28-8e35-f8bb02f91ba9', 'context': [<snowplow_tracker.self_describing_json.SelfDescribingJson object at 0x0000021407E6CE10>]}
[0m11:32:29.569716 [info ] [MainThread]: Found 9 models, 9 sources, 545 macros
[0m11:32:29.572720 [debug] [MainThread]: Sending event: {'category': 'dbt', 'action': 'runnable_timing', 'label': '212a61ce-bbd1-4d28-8e35-f8bb02f91ba9', 'context': [<snowplow_tracker.self_describing_json.SelfDescribingJson object at 0x000002140E0A4050>]}
[0m11:32:29.580993 [info ] [MainThread]: 
[0m11:32:29.583942 [info ] [MainThread]: Concurrency: 1 threads (target='dev')
[0m11:32:29.587996 [info ] [MainThread]: 
[0m11:32:29.592015 [debug] [MainThread]: Acquiring new snowflake connection 'master'
[0m11:32:29.660378 [debug] [ThreadPool]: Acquiring new snowflake connection 'list_OLIST_DW_DBT_SCHEMA'
[0m11:32:29.739232 [debug] [ThreadPool]: Using snowflake connection "list_OLIST_DW_DBT_SCHEMA"
[0m11:32:29.741330 [debug] [ThreadPool]: On list_OLIST_DW_DBT_SCHEMA: show objects in OLIST_DW.DBT_SCHEMA
    limit 10000
    

/* {"app": "dbt", "dbt_version": "1.12.0", "profile_name": "dbt_olist_data_model", "target_name": "dev", "connection_name": "list_OLIST_DW_DBT_SCHEMA"} */;
[0m11:32:29.744234 [debug] [ThreadPool]: Opening a new connection, currently in state init
[0m11:32:35.197516 [debug] [ThreadPool]: SQL status: SUCCESS 6 in 5.454 seconds
[0m11:32:35.228543 [debug] [ThreadPool]: Using snowflake connection "list_OLIST_DW_DBT_SCHEMA"
[0m11:32:35.233548 [debug] [ThreadPool]: On list_OLIST_DW_DBT_SCHEMA: show user functions in OLIST_DW.DBT_SCHEMA
/* {"app": "dbt", "dbt_version": "1.12.0", "profile_name": "dbt_olist_data_model", "target_name": "dev", "connection_name": "list_OLIST_DW_DBT_SCHEMA"} */
[0m11:32:35.652572 [debug] [ThreadPool]: SQL status: SUCCESS 0 in 0.416 seconds
[0m11:32:35.662712 [debug] [MainThread]: Sending event: {'category': 'dbt', 'action': 'runnable_timing', 'label': '212a61ce-bbd1-4d28-8e35-f8bb02f91ba9', 'context': [<snowplow_tracker.self_describing_json.SelfDescribingJson object at 0x000002140E086290>]}
[0m11:32:35.707628 [debug] [Thread-2 (]: Began running node model.dbt_olist_data_model.br_olist_customers
[0m11:32:35.711723 [debug] [Thread-2 (]: Acquiring new snowflake connection 'model.dbt_olist_data_model.br_olist_customers'
[0m11:32:35.714175 [debug] [Thread-2 (]: Began compiling node model.dbt_olist_data_model.br_olist_customers
[0m11:32:35.751182 [debug] [Thread-2 (]: Writing injected SQL for node "model.dbt_olist_data_model.br_olist_customers"
[0m11:32:35.755230 [debug] [Thread-2 (]: Began executing node model.dbt_olist_data_model.br_olist_customers
[0m11:32:35.759856 [debug] [Thread-2 (]: Finished running node model.dbt_olist_data_model.br_olist_customers
[0m11:32:35.762944 [debug] [Thread-2 (]: Began running node model.dbt_olist_data_model.br_olist_geolocation
[0m11:32:35.765094 [debug] [Thread-2 (]: Re-using an available connection from the pool (formerly model.dbt_olist_data_model.br_olist_customers, now model.dbt_olist_data_model.br_olist_geolocation)
[0m11:32:35.768310 [debug] [Thread-2 (]: Began compiling node model.dbt_olist_data_model.br_olist_geolocation
[0m11:32:35.776429 [debug] [Thread-2 (]: Writing injected SQL for node "model.dbt_olist_data_model.br_olist_geolocation"
[0m11:32:35.780674 [debug] [Thread-2 (]: Began executing node model.dbt_olist_data_model.br_olist_geolocation
[0m11:32:35.784387 [debug] [Thread-2 (]: Finished running node model.dbt_olist_data_model.br_olist_geolocation
[0m11:32:35.786875 [debug] [Thread-2 (]: Began running node model.dbt_olist_data_model.br_olist_order_items
[0m11:32:35.789459 [debug] [Thread-2 (]: Re-using an available connection from the pool (formerly model.dbt_olist_data_model.br_olist_geolocation, now model.dbt_olist_data_model.br_olist_order_items)
[0m11:32:35.792041 [debug] [Thread-2 (]: Began compiling node model.dbt_olist_data_model.br_olist_order_items
[0m11:32:35.803685 [debug] [Thread-2 (]: Writing injected SQL for node "model.dbt_olist_data_model.br_olist_order_items"
[0m11:32:35.809149 [debug] [Thread-2 (]: Began executing node model.dbt_olist_data_model.br_olist_order_items
[0m11:32:35.812674 [debug] [Thread-2 (]: Finished running node model.dbt_olist_data_model.br_olist_order_items
[0m11:32:35.815628 [debug] [Thread-2 (]: Began running node model.dbt_olist_data_model.br_olist_order_payments
[0m11:32:35.819646 [debug] [Thread-2 (]: Re-using an available connection from the pool (formerly model.dbt_olist_data_model.br_olist_order_items, now model.dbt_olist_data_model.br_olist_order_payments)
[0m11:32:35.822001 [debug] [Thread-2 (]: Began compiling node model.dbt_olist_data_model.br_olist_order_payments
[0m11:32:35.832248 [debug] [Thread-2 (]: Writing injected SQL for node "model.dbt_olist_data_model.br_olist_order_payments"
[0m11:32:35.836675 [debug] [Thread-2 (]: Began executing node model.dbt_olist_data_model.br_olist_order_payments
[0m11:32:35.840676 [debug] [Thread-2 (]: Finished running node model.dbt_olist_data_model.br_olist_order_payments
[0m11:32:35.843672 [debug] [Thread-2 (]: Began running node model.dbt_olist_data_model.br_olist_order_reviews
[0m11:32:35.845673 [debug] [Thread-2 (]: Re-using an available connection from the pool (formerly model.dbt_olist_data_model.br_olist_order_payments, now model.dbt_olist_data_model.br_olist_order_reviews)
[0m11:32:35.848702 [debug] [Thread-2 (]: Began compiling node model.dbt_olist_data_model.br_olist_order_reviews
[0m11:32:35.857416 [debug] [Thread-2 (]: Writing injected SQL for node "model.dbt_olist_data_model.br_olist_order_reviews"
[0m11:32:35.862316 [debug] [Thread-2 (]: Began executing node model.dbt_olist_data_model.br_olist_order_reviews
[0m11:32:35.865310 [debug] [Thread-2 (]: Finished running node model.dbt_olist_data_model.br_olist_order_reviews
[0m11:32:35.868186 [debug] [Thread-2 (]: Began running node model.dbt_olist_data_model.br_olist_orders
[0m11:32:35.871462 [debug] [Thread-2 (]: Re-using an available connection from the pool (formerly model.dbt_olist_data_model.br_olist_order_reviews, now model.dbt_olist_data_model.br_olist_orders)
[0m11:32:35.874425 [debug] [Thread-2 (]: Began compiling node model.dbt_olist_data_model.br_olist_orders
[0m11:32:35.884311 [debug] [Thread-2 (]: Writing injected SQL for node "model.dbt_olist_data_model.br_olist_orders"
[0m11:32:35.888707 [debug] [Thread-2 (]: Began executing node model.dbt_olist_data_model.br_olist_orders
[0m11:32:35.892349 [debug] [Thread-2 (]: Finished running node model.dbt_olist_data_model.br_olist_orders
[0m11:32:35.895627 [debug] [Thread-2 (]: Began running node model.dbt_olist_data_model.br_olist_product_category_translation
[0m11:32:35.898198 [debug] [Thread-2 (]: Re-using an available connection from the pool (formerly model.dbt_olist_data_model.br_olist_orders, now model.dbt_olist_data_model.br_olist_product_category_translation)
[0m11:32:35.901272 [debug] [Thread-2 (]: Began compiling node model.dbt_olist_data_model.br_olist_product_category_translation
[0m11:32:35.912320 [debug] [Thread-2 (]: Writing injected SQL for node "model.dbt_olist_data_model.br_olist_product_category_translation"
[0m11:32:35.918458 [debug] [Thread-2 (]: Began executing node model.dbt_olist_data_model.br_olist_product_category_translation
[0m11:32:35.922486 [debug] [Thread-2 (]: Finished running node model.dbt_olist_data_model.br_olist_product_category_translation
[0m11:32:35.925483 [debug] [Thread-2 (]: Began running node model.dbt_olist_data_model.br_olist_products
[0m11:32:35.929557 [debug] [Thread-2 (]: Re-using an available connection from the pool (formerly model.dbt_olist_data_model.br_olist_product_category_translation, now model.dbt_olist_data_model.br_olist_products)
[0m11:32:35.932555 [debug] [Thread-2 (]: Began compiling node model.dbt_olist_data_model.br_olist_products
[0m11:32:35.945561 [debug] [Thread-2 (]: Writing injected SQL for node "model.dbt_olist_data_model.br_olist_products"
[0m11:32:35.949561 [debug] [Thread-2 (]: Began executing node model.dbt_olist_data_model.br_olist_products
[0m11:32:35.954559 [debug] [Thread-2 (]: Finished running node model.dbt_olist_data_model.br_olist_products
[0m11:32:35.958411 [debug] [Thread-2 (]: Began running node model.dbt_olist_data_model.br_olist_sellers
[0m11:32:35.960519 [debug] [Thread-2 (]: Re-using an available connection from the pool (formerly model.dbt_olist_data_model.br_olist_products, now model.dbt_olist_data_model.br_olist_sellers)
[0m11:32:35.963671 [debug] [Thread-2 (]: Began compiling node model.dbt_olist_data_model.br_olist_sellers
[0m11:32:35.973296 [debug] [Thread-2 (]: Writing injected SQL for node "model.dbt_olist_data_model.br_olist_sellers"
[0m11:32:35.977294 [debug] [Thread-2 (]: Began executing node model.dbt_olist_data_model.br_olist_sellers
[0m11:32:35.983341 [debug] [Thread-2 (]: Finished running node model.dbt_olist_data_model.br_olist_sellers
[0m11:32:35.987336 [debug] [MainThread]: Connection 'master' was properly closed.
[0m11:32:35.989338 [debug] [MainThread]: Connection 'list_OLIST_DW_DBT_SCHEMA' was left open.
[0m11:32:35.991816 [debug] [MainThread]: On list_OLIST_DW_DBT_SCHEMA: Close
[0m11:32:36.826039 [debug] [MainThread]: Connection 'model.dbt_olist_data_model.br_olist_sellers' was properly closed.
[0m11:32:36.836039 [debug] [MainThread]: Command end result
[0m11:32:36.986412 [debug] [MainThread]: Wrote artifact WritableManifest to C:\Users\lenovo\Documents\Data_Engineering\Portfolio\Data-Migration-from-MySQL-Database-to-Migration-with-Full-CI-CD-Pipeline\dbt_olist_data_model\target\manifest.json
[0m11:32:36.993566 [debug] [MainThread]: Wrote artifact SemanticManifest to C:\Users\lenovo\Documents\Data_Engineering\Portfolio\Data-Migration-from-MySQL-Database-to-Migration-with-Full-CI-CD-Pipeline\dbt_olist_data_model\target\semantic_manifest.json
[0m11:32:37.004457 [debug] [MainThread]: Wrote artifact OsiDocument to C:\Users\lenovo\Documents\Data_Engineering\Portfolio\Data-Migration-from-MySQL-Database-to-Migration-with-Full-CI-CD-Pipeline\dbt_olist_data_model\target\osi_document.json
[0m11:32:37.028973 [debug] [MainThread]: Wrote artifact RunExecutionResult to C:\Users\lenovo\Documents\Data_Engineering\Portfolio\Data-Migration-from-MySQL-Database-to-Migration-with-Full-CI-CD-Pipeline\dbt_olist_data_model\target\run_results.json
[0m11:32:37.033255 [debug] [MainThread]: Command `dbt compile` succeeded at 11:32:37.032655 after 13.29 seconds
[0m11:32:37.035258 [debug] [MainThread]: Sending event: {'category': 'dbt', 'action': 'invocation', 'label': 'end', 'context': [<snowplow_tracker.self_describing_json.SelfDescribingJson object at 0x000002140C7E6A50>, <snowplow_tracker.self_describing_json.SelfDescribingJson object at 0x000002140C7DF290>, <snowplow_tracker.self_describing_json.SelfDescribingJson object at 0x000002140C6352D0>]}
[0m11:32:37.036623 [debug] [MainThread]: Flushing usage events
[0m11:32:40.152560 [debug] [MainThread]: An error was encountered while trying to flush usage events
[0m11:32:55.237691 [debug] [MainThread]: Sending event: {'category': 'dbt', 'action': 'invocation', 'label': 'start', 'context': [<snowplow_tracker.self_describing_json.SelfDescribingJson object at 0x0000024E05480A90>, <snowplow_tracker.self_describing_json.SelfDescribingJson object at 0x0000024E05451910>, <snowplow_tracker.self_describing_json.SelfDescribingJson object at 0x0000024E053A3910>]}


============================== 11:32:55.247686 | 247218b0-2e27-4fbb-9544-3d2a77f5a9bb ==============================
[0m11:32:55.247686 [info ] [MainThread]: Running with dbt=1.12.0
[0m11:32:55.250702 [debug] [MainThread]: running dbt with arguments {'static_parser': 'True', 'no_print': 'None', 'version_check': 'True', 'target_path': 'None', 'warn_error_options': 'WarnErrorOptionsV2(error=[], warn=[], silence=[])', 'maximum_seed_size_mib': '1', 'printer_width': '80', 'write_json': 'True', 'introspect': 'True', 'log_cache_events': 'False', 'empty': 'False', 'cache_selected_only': 'False', 'log_format': 'default', 'debug': 'False', 'fail_fast': 'False', 'profiles_dir': 'C:\\Users\\lenovo\\.dbt', 'send_anonymous_usage_stats': 'True', 'quiet': 'False', 'warn_error': 'None', 'partial_parse': 'True', 'indirect_selection': 'eager', 'hints_enabled': 'True', 'invocation_command': 'dbt run', 'use_experimental_parser': 'False', 'use_colors': 'True', 'log_path': 'C:\\Users\\lenovo\\Documents\\Data_Engineering\\Portfolio\\Data-Migration-from-MySQL-Database-to-Migration-with-Full-CI-CD-Pipeline\\dbt_olist_data_model\\logs'}
[0m11:32:56.187172 [debug] [MainThread]: Snowflake adapter: Setting snowflake.connector to ERROR (file logging only)
[0m11:32:56.189229 [debug] [MainThread]: Snowflake adapter: Setting botocore to ERROR (file logging only)
[0m11:32:56.191227 [debug] [MainThread]: Snowflake adapter: Setting boto3 to ERROR (file logging only)
[0m11:32:56.799553 [debug] [MainThread]: Sending event: {'category': 'dbt', 'action': 'project_id', 'label': '247218b0-2e27-4fbb-9544-3d2a77f5a9bb', 'context': [<snowplow_tracker.self_describing_json.SelfDescribingJson object at 0x0000024E069142D0>]}
[0m11:32:56.923283 [debug] [MainThread]: Sending event: {'category': 'dbt', 'action': 'adapter_info', 'label': '247218b0-2e27-4fbb-9544-3d2a77f5a9bb', 'context': [<snowplow_tracker.self_describing_json.SelfDescribingJson object at 0x0000024E030084D0>]}
[0m11:32:56.925314 [info ] [MainThread]: Registered adapter: snowflake=1.12.0
[0m11:32:57.744072 [debug] [MainThread]: checksum: fa19c417bd532b9cc714519aa84e06d9b91dd956fbccdd320c8e6f600c8f48a8, vars: {}, profile: dbt_olist_data_model, target: dev, version: 1.12.0
[0m11:32:58.203731 [debug] [MainThread]: Partial parsing enabled: 0 files deleted, 0 files added, 0 files changed.
[0m11:32:58.205730 [debug] [MainThread]: Nothing changed, skipping partial parsing.
[0m11:32:58.212897 [debug] [MainThread]: Partial parsing enabled, no changes found, skipping parsing
[0m11:32:58.253424 [warn ] [MainThread]: [[33mWARNING[0m]: Configuration paths exist in your dbt_project.yml file which do not apply to any resources.
There are 2 unused configuration paths:
- models.dbt_olist_data_model.gold
- models.dbt_olist_data_model.silver
[0m11:32:58.273337 [debug] [MainThread]: Sending event: {'category': 'dbt', 'action': 'load_project', 'label': '247218b0-2e27-4fbb-9544-3d2a77f5a9bb', 'context': [<snowplow_tracker.self_describing_json.SelfDescribingJson object at 0x0000024E06E84C90>]}
[0m11:32:59.230156 [debug] [MainThread]: Wrote artifact WritableManifest to C:\Users\lenovo\Documents\Data_Engineering\Portfolio\Data-Migration-from-MySQL-Database-to-Migration-with-Full-CI-CD-Pipeline\dbt_olist_data_model\target\manifest.json
[0m11:32:59.240155 [debug] [MainThread]: Wrote artifact SemanticManifest to C:\Users\lenovo\Documents\Data_Engineering\Portfolio\Data-Migration-from-MySQL-Database-to-Migration-with-Full-CI-CD-Pipeline\dbt_olist_data_model\target\semantic_manifest.json
[0m11:32:59.337165 [debug] [MainThread]: Wrote artifact OsiDocument to C:\Users\lenovo\Documents\Data_Engineering\Portfolio\Data-Migration-from-MySQL-Database-to-Migration-with-Full-CI-CD-Pipeline\dbt_olist_data_model\target\osi_document.json
[0m11:32:59.607167 [debug] [MainThread]: Sending event: {'category': 'dbt', 'action': 'resource_counts', 'label': '247218b0-2e27-4fbb-9544-3d2a77f5a9bb', 'context': [<snowplow_tracker.self_describing_json.SelfDescribingJson object at 0x0000024E06976110>]}
[0m11:32:59.608182 [info ] [MainThread]: Found 9 models, 9 sources, 545 macros
[0m11:32:59.611371 [debug] [MainThread]: Sending event: {'category': 'dbt', 'action': 'runnable_timing', 'label': '247218b0-2e27-4fbb-9544-3d2a77f5a9bb', 'context': [<snowplow_tracker.self_describing_json.SelfDescribingJson object at 0x0000024E069AD050>]}
[0m11:32:59.626239 [info ] [MainThread]: 
[0m11:32:59.633314 [info ] [MainThread]: Concurrency: 1 threads (target='dev')
[0m11:32:59.641137 [info ] [MainThread]: 
[0m11:32:59.644096 [debug] [MainThread]: Acquiring new snowflake connection 'master'
[0m11:32:59.700111 [debug] [ThreadPool]: Acquiring new snowflake connection 'list_OLIST_DW'
[0m11:32:59.757805 [debug] [ThreadPool]: Using snowflake connection "list_OLIST_DW"
[0m11:32:59.760589 [debug] [ThreadPool]: On list_OLIST_DW: show terse schemas in database OLIST_DW
    limit 10000
/* {"app": "dbt", "dbt_version": "1.12.0", "profile_name": "dbt_olist_data_model", "target_name": "dev", "connection_name": "list_OLIST_DW"} */
[0m11:32:59.763243 [debug] [ThreadPool]: Opening a new connection, currently in state init
[0m11:33:02.794456 [debug] [ThreadPool]: SQL status: SUCCESS 4 in 3.031 seconds
[0m11:33:02.825025 [debug] [ThreadPool]: Acquiring new snowflake connection 'list_OLIST_DW_DBT_SCHEMA'
[0m11:33:02.860445 [debug] [ThreadPool]: Using snowflake connection "list_OLIST_DW_DBT_SCHEMA"
[0m11:33:02.863531 [debug] [ThreadPool]: On list_OLIST_DW_DBT_SCHEMA: show objects in OLIST_DW.DBT_SCHEMA
    limit 10000
    

/* {"app": "dbt", "dbt_version": "1.12.0", "profile_name": "dbt_olist_data_model", "target_name": "dev", "connection_name": "list_OLIST_DW_DBT_SCHEMA"} */;
[0m11:33:02.866605 [debug] [ThreadPool]: Opening a new connection, currently in state init
[0m11:33:05.350980 [debug] [ThreadPool]: SQL status: SUCCESS 6 in 2.484 seconds
[0m11:33:05.390481 [debug] [ThreadPool]: Using snowflake connection "list_OLIST_DW_DBT_SCHEMA"
[0m11:33:05.395486 [debug] [ThreadPool]: On list_OLIST_DW_DBT_SCHEMA: show user functions in OLIST_DW.DBT_SCHEMA
/* {"app": "dbt", "dbt_version": "1.12.0", "profile_name": "dbt_olist_data_model", "target_name": "dev", "connection_name": "list_OLIST_DW_DBT_SCHEMA"} */
[0m11:33:05.798660 [debug] [ThreadPool]: SQL status: SUCCESS 0 in 0.398 seconds
[0m11:33:05.822784 [debug] [MainThread]: Sending event: {'category': 'dbt', 'action': 'runnable_timing', 'label': '247218b0-2e27-4fbb-9544-3d2a77f5a9bb', 'context': [<snowplow_tracker.self_describing_json.SelfDescribingJson object at 0x0000024E06A08C90>]}
[0m11:33:05.925332 [debug] [Thread-2 (]: Began running node model.dbt_olist_data_model.br_olist_customers
[0m11:33:05.930055 [info ] [Thread-2 (]: 1 of 9 START sql incremental model DBT_SCHEMA.br_olist_customers ............... [RUN]
[0m11:33:05.939225 [debug] [Thread-2 (]: Acquiring new snowflake connection 'model.dbt_olist_data_model.br_olist_customers'
[0m11:33:05.942161 [debug] [Thread-2 (]: Began compiling node model.dbt_olist_data_model.br_olist_customers
[0m11:33:06.014487 [debug] [Thread-2 (]: Writing injected SQL for node "model.dbt_olist_data_model.br_olist_customers"
[0m11:33:06.019565 [debug] [Thread-2 (]: Began executing node model.dbt_olist_data_model.br_olist_customers
[0m11:33:06.116109 [debug] [Thread-2 (]: Using snowflake connection "model.dbt_olist_data_model.br_olist_customers"
[0m11:33:06.119112 [debug] [Thread-2 (]: On model.dbt_olist_data_model.br_olist_customers: create or replace  temporary view OLIST_DW.DBT_SCHEMA.br_olist_customers__dbt_tmp
  
  
  
  
  as (
    

select
    customer_id,
    customer_unique_id,
    customer_zip_code_prefix,
    customer_city,
    customer_state,
    _ingested_at::timestamp_ntz as ingested_at
from olist_dw.raw.raw_olist_customers


where _ingested_at::timestamp_ntz > (select max(ingested_at) from OLIST_DW.DBT_SCHEMA.br_olist_customers)

  )
/* {"app": "dbt", "dbt_version": "1.12.0", "profile_name": "dbt_olist_data_model", "target_name": "dev", "node_id": "model.dbt_olist_data_model.br_olist_customers"} */;
[0m11:33:06.121109 [debug] [Thread-2 (]: Opening a new connection, currently in state init
[0m11:33:07.911127 [debug] [Thread-2 (]: SQL status: SUCCESS 1 in 1.790 seconds
[0m11:33:07.958851 [debug] [Thread-2 (]: Using snowflake connection "model.dbt_olist_data_model.br_olist_customers"
[0m11:33:07.966765 [debug] [Thread-2 (]: On model.dbt_olist_data_model.br_olist_customers: describe table OLIST_DW.DBT_SCHEMA.br_olist_customers__dbt_tmp
/* {"app": "dbt", "dbt_version": "1.12.0", "profile_name": "dbt_olist_data_model", "target_name": "dev", "node_id": "model.dbt_olist_data_model.br_olist_customers"} */
[0m11:33:08.325030 [debug] [Thread-2 (]: SQL status: SUCCESS 6 in 0.354 seconds
[0m11:33:08.341187 [debug] [Thread-2 (]: Using snowflake connection "model.dbt_olist_data_model.br_olist_customers"
[0m11:33:08.345250 [debug] [Thread-2 (]: On model.dbt_olist_data_model.br_olist_customers: describe table OLIST_DW.DBT_SCHEMA.br_olist_customers
/* {"app": "dbt", "dbt_version": "1.12.0", "profile_name": "dbt_olist_data_model", "target_name": "dev", "node_id": "model.dbt_olist_data_model.br_olist_customers"} */
[0m11:33:08.696347 [debug] [Thread-2 (]: SQL status: SUCCESS 6 in 0.347 seconds
[0m11:33:08.747370 [debug] [Thread-2 (]: Using snowflake connection "model.dbt_olist_data_model.br_olist_customers"
[0m11:33:08.752359 [debug] [Thread-2 (]: On model.dbt_olist_data_model.br_olist_customers: describe table "OLIST_DW"."DBT_SCHEMA"."BR_OLIST_CUSTOMERS"
/* {"app": "dbt", "dbt_version": "1.12.0", "profile_name": "dbt_olist_data_model", "target_name": "dev", "node_id": "model.dbt_olist_data_model.br_olist_customers"} */
[0m11:33:09.094230 [debug] [Thread-2 (]: SQL status: SUCCESS 6 in 0.338 seconds
[0m11:33:09.290664 [debug] [Thread-2 (]: Writing runtime sql for node "model.dbt_olist_data_model.br_olist_customers"
[0m11:33:09.299215 [debug] [Thread-2 (]: Using snowflake connection "model.dbt_olist_data_model.br_olist_customers"
[0m11:33:09.301368 [debug] [Thread-2 (]: On model.dbt_olist_data_model.br_olist_customers: -- back compat for old kwarg name
  
  begin
/* {"app": "dbt", "dbt_version": "1.12.0", "profile_name": "dbt_olist_data_model", "target_name": "dev", "node_id": "model.dbt_olist_data_model.br_olist_customers"} */;
[0m11:33:09.858490 [debug] [Thread-2 (]: SQL status: SUCCESS 1 in 0.554 seconds
[0m11:33:09.860492 [debug] [Thread-2 (]: Using snowflake connection "model.dbt_olist_data_model.br_olist_customers"
[0m11:33:09.866060 [debug] [Thread-2 (]: On model.dbt_olist_data_model.br_olist_customers: merge into OLIST_DW.DBT_SCHEMA.br_olist_customers as DBT_INTERNAL_DEST
        using OLIST_DW.DBT_SCHEMA.br_olist_customers__dbt_tmp as DBT_INTERNAL_SOURCE
        on ((DBT_INTERNAL_SOURCE.customer_id = DBT_INTERNAL_DEST.customer_id))

    
    when matched then update set
        "CUSTOMER_ID" = DBT_INTERNAL_SOURCE."CUSTOMER_ID","CUSTOMER_UNIQUE_ID" = DBT_INTERNAL_SOURCE."CUSTOMER_UNIQUE_ID","CUSTOMER_ZIP_CODE_PREFIX" = DBT_INTERNAL_SOURCE."CUSTOMER_ZIP_CODE_PREFIX","CUSTOMER_CITY" = DBT_INTERNAL_SOURCE."CUSTOMER_CITY","CUSTOMER_STATE" = DBT_INTERNAL_SOURCE."CUSTOMER_STATE","INGESTED_AT" = DBT_INTERNAL_SOURCE."INGESTED_AT"
    

    when not matched then insert
        ("CUSTOMER_ID", "CUSTOMER_UNIQUE_ID", "CUSTOMER_ZIP_CODE_PREFIX", "CUSTOMER_CITY", "CUSTOMER_STATE", "INGESTED_AT")
    values
        ("CUSTOMER_ID", "CUSTOMER_UNIQUE_ID", "CUSTOMER_ZIP_CODE_PREFIX", "CUSTOMER_CITY", "CUSTOMER_STATE", "INGESTED_AT")


/* {"app": "dbt", "dbt_version": "1.12.0", "profile_name": "dbt_olist_data_model", "target_name": "dev", "node_id": "model.dbt_olist_data_model.br_olist_customers"} */;
[0m11:33:10.514220 [debug] [Thread-2 (]: SQL status: SUCCESS 0 in 0.643 seconds
[0m11:33:10.517205 [debug] [Thread-2 (]: Using snowflake connection "model.dbt_olist_data_model.br_olist_customers"
[0m11:33:10.524210 [debug] [Thread-2 (]: On model.dbt_olist_data_model.br_olist_customers: COMMIT
/* {"app": "dbt", "dbt_version": "1.12.0", "profile_name": "dbt_olist_data_model", "target_name": "dev", "node_id": "model.dbt_olist_data_model.br_olist_customers"} */
[0m11:33:11.186858 [debug] [Thread-2 (]: SQL status: SUCCESS 1 in 0.657 seconds
[0m11:33:11.228181 [debug] [Thread-2 (]: Applying DROP to: OLIST_DW.DBT_SCHEMA.br_olist_customers__dbt_tmp
[0m11:33:11.272966 [debug] [Thread-2 (]: Using snowflake connection "model.dbt_olist_data_model.br_olist_customers"
[0m11:33:11.278413 [debug] [Thread-2 (]: On model.dbt_olist_data_model.br_olist_customers: drop view if exists OLIST_DW.DBT_SCHEMA.br_olist_customers__dbt_tmp cascade
/* {"app": "dbt", "dbt_version": "1.12.0", "profile_name": "dbt_olist_data_model", "target_name": "dev", "node_id": "model.dbt_olist_data_model.br_olist_customers"} */
[0m11:33:11.700312 [debug] [Thread-2 (]: SQL status: SUCCESS 1 in 0.417 seconds
[0m11:33:11.899257 [debug] [Thread-2 (]: Sending event: {'category': 'dbt', 'action': 'run_model', 'label': '247218b0-2e27-4fbb-9544-3d2a77f5a9bb', 'context': [<snowplow_tracker.self_describing_json.SelfDescribingJson object at 0x0000024E07174A90>]}
[0m11:33:11.902259 [info ] [Thread-2 (]: 1 of 9 OK created sql incremental model DBT_SCHEMA.br_olist_customers .......... [[32mSUCCESS 0[0m in 5.95s]
[0m11:33:11.906250 [debug] [Thread-2 (]: Finished running node model.dbt_olist_data_model.br_olist_customers
[0m11:33:11.910365 [debug] [Thread-2 (]: Began running node model.dbt_olist_data_model.br_olist_geolocation
[0m11:33:11.916362 [info ] [Thread-2 (]: 2 of 9 START sql incremental model DBT_SCHEMA.br_olist_geolocation ............. [RUN]
[0m11:33:11.921269 [debug] [Thread-2 (]: Re-using an available connection from the pool (formerly model.dbt_olist_data_model.br_olist_customers, now model.dbt_olist_data_model.br_olist_geolocation)
[0m11:33:11.924490 [debug] [Thread-2 (]: Began compiling node model.dbt_olist_data_model.br_olist_geolocation
[0m11:33:11.939811 [debug] [Thread-2 (]: Writing injected SQL for node "model.dbt_olist_data_model.br_olist_geolocation"
[0m11:33:11.946872 [debug] [Thread-2 (]: Began executing node model.dbt_olist_data_model.br_olist_geolocation
[0m11:33:11.966340 [debug] [Thread-2 (]: Using snowflake connection "model.dbt_olist_data_model.br_olist_geolocation"
[0m11:33:11.969063 [debug] [Thread-2 (]: On model.dbt_olist_data_model.br_olist_geolocation: create or replace  temporary view OLIST_DW.DBT_SCHEMA.br_olist_geolocation__dbt_tmp
  
  
  
  
  as (
    

select
    geolocation_id::number as geolocation_id,
    geolocation_zip_code_prefix,
    geolocation_lat::float as geolocation_lat,
    geolocation_lng::float as geolocation_lng,
    geolocation_city,
    geolocation_state,
    _ingested_at::timestamp_ntz as ingested_at
from olist_dw.raw.raw_olist_geolocation


where _ingested_at::timestamp_ntz > (select max(ingested_at) from OLIST_DW.DBT_SCHEMA.br_olist_geolocation)

  )
/* {"app": "dbt", "dbt_version": "1.12.0", "profile_name": "dbt_olist_data_model", "target_name": "dev", "node_id": "model.dbt_olist_data_model.br_olist_geolocation"} */;
[0m11:33:12.722177 [debug] [Thread-2 (]: SQL status: SUCCESS 1 in 0.752 seconds
[0m11:33:12.728875 [debug] [Thread-2 (]: Using snowflake connection "model.dbt_olist_data_model.br_olist_geolocation"
[0m11:33:12.733879 [debug] [Thread-2 (]: On model.dbt_olist_data_model.br_olist_geolocation: describe table OLIST_DW.DBT_SCHEMA.br_olist_geolocation__dbt_tmp
/* {"app": "dbt", "dbt_version": "1.12.0", "profile_name": "dbt_olist_data_model", "target_name": "dev", "node_id": "model.dbt_olist_data_model.br_olist_geolocation"} */
[0m11:33:13.088189 [debug] [Thread-2 (]: SQL status: SUCCESS 7 in 0.350 seconds
[0m11:33:13.094188 [debug] [Thread-2 (]: Using snowflake connection "model.dbt_olist_data_model.br_olist_geolocation"
[0m11:33:13.096188 [debug] [Thread-2 (]: On model.dbt_olist_data_model.br_olist_geolocation: describe table OLIST_DW.DBT_SCHEMA.br_olist_geolocation
/* {"app": "dbt", "dbt_version": "1.12.0", "profile_name": "dbt_olist_data_model", "target_name": "dev", "node_id": "model.dbt_olist_data_model.br_olist_geolocation"} */
[0m11:33:13.442964 [debug] [Thread-2 (]: SQL status: SUCCESS 7 in 0.343 seconds
[0m11:33:13.462337 [debug] [Thread-2 (]: Using snowflake connection "model.dbt_olist_data_model.br_olist_geolocation"
[0m11:33:13.468488 [debug] [Thread-2 (]: On model.dbt_olist_data_model.br_olist_geolocation: describe table "OLIST_DW"."DBT_SCHEMA"."BR_OLIST_GEOLOCATION"
/* {"app": "dbt", "dbt_version": "1.12.0", "profile_name": "dbt_olist_data_model", "target_name": "dev", "node_id": "model.dbt_olist_data_model.br_olist_geolocation"} */
[0m11:33:13.848335 [debug] [Thread-2 (]: SQL status: SUCCESS 7 in 0.373 seconds
[0m11:33:13.862934 [debug] [Thread-2 (]: Writing runtime sql for node "model.dbt_olist_data_model.br_olist_geolocation"
[0m11:33:13.871829 [debug] [Thread-2 (]: Using snowflake connection "model.dbt_olist_data_model.br_olist_geolocation"
[0m11:33:13.874667 [debug] [Thread-2 (]: On model.dbt_olist_data_model.br_olist_geolocation: -- back compat for old kwarg name
  
  begin
/* {"app": "dbt", "dbt_version": "1.12.0", "profile_name": "dbt_olist_data_model", "target_name": "dev", "node_id": "model.dbt_olist_data_model.br_olist_geolocation"} */;
[0m11:33:14.359505 [debug] [Thread-2 (]: SQL status: SUCCESS 1 in 0.482 seconds
[0m11:33:14.361592 [debug] [Thread-2 (]: Using snowflake connection "model.dbt_olist_data_model.br_olist_geolocation"
[0m11:33:14.364336 [debug] [Thread-2 (]: On model.dbt_olist_data_model.br_olist_geolocation: merge into OLIST_DW.DBT_SCHEMA.br_olist_geolocation as DBT_INTERNAL_DEST
        using OLIST_DW.DBT_SCHEMA.br_olist_geolocation__dbt_tmp as DBT_INTERNAL_SOURCE
        on ((DBT_INTERNAL_SOURCE.geolocation_id = DBT_INTERNAL_DEST.geolocation_id))

    
    when matched then update set
        "GEOLOCATION_ID" = DBT_INTERNAL_SOURCE."GEOLOCATION_ID","GEOLOCATION_ZIP_CODE_PREFIX" = DBT_INTERNAL_SOURCE."GEOLOCATION_ZIP_CODE_PREFIX","GEOLOCATION_LAT" = DBT_INTERNAL_SOURCE."GEOLOCATION_LAT","GEOLOCATION_LNG" = DBT_INTERNAL_SOURCE."GEOLOCATION_LNG","GEOLOCATION_CITY" = DBT_INTERNAL_SOURCE."GEOLOCATION_CITY","GEOLOCATION_STATE" = DBT_INTERNAL_SOURCE."GEOLOCATION_STATE","INGESTED_AT" = DBT_INTERNAL_SOURCE."INGESTED_AT"
    

    when not matched then insert
        ("GEOLOCATION_ID", "GEOLOCATION_ZIP_CODE_PREFIX", "GEOLOCATION_LAT", "GEOLOCATION_LNG", "GEOLOCATION_CITY", "GEOLOCATION_STATE", "INGESTED_AT")
    values
        ("GEOLOCATION_ID", "GEOLOCATION_ZIP_CODE_PREFIX", "GEOLOCATION_LAT", "GEOLOCATION_LNG", "GEOLOCATION_CITY", "GEOLOCATION_STATE", "INGESTED_AT")


/* {"app": "dbt", "dbt_version": "1.12.0", "profile_name": "dbt_olist_data_model", "target_name": "dev", "node_id": "model.dbt_olist_data_model.br_olist_geolocation"} */;
[0m11:33:15.490051 [debug] [Thread-2 (]: SQL status: SUCCESS 0 in 1.123 seconds
[0m11:33:15.497547 [debug] [Thread-2 (]: Using snowflake connection "model.dbt_olist_data_model.br_olist_geolocation"
[0m11:33:15.505506 [debug] [Thread-2 (]: On model.dbt_olist_data_model.br_olist_geolocation: COMMIT
/* {"app": "dbt", "dbt_version": "1.12.0", "profile_name": "dbt_olist_data_model", "target_name": "dev", "node_id": "model.dbt_olist_data_model.br_olist_geolocation"} */
[0m11:33:15.969539 [debug] [Thread-2 (]: SQL status: SUCCESS 1 in 0.457 seconds
[0m11:33:15.978023 [debug] [Thread-2 (]: Applying DROP to: OLIST_DW.DBT_SCHEMA.br_olist_geolocation__dbt_tmp
[0m11:33:15.984067 [debug] [Thread-2 (]: Using snowflake connection "model.dbt_olist_data_model.br_olist_geolocation"
[0m11:33:15.987067 [debug] [Thread-2 (]: On model.dbt_olist_data_model.br_olist_geolocation: drop view if exists OLIST_DW.DBT_SCHEMA.br_olist_geolocation__dbt_tmp cascade
/* {"app": "dbt", "dbt_version": "1.12.0", "profile_name": "dbt_olist_data_model", "target_name": "dev", "node_id": "model.dbt_olist_data_model.br_olist_geolocation"} */
[0m11:33:16.618785 [debug] [Thread-2 (]: SQL status: SUCCESS 1 in 0.623 seconds
[0m11:33:16.645897 [debug] [Thread-2 (]: Sending event: {'category': 'dbt', 'action': 'run_model', 'label': '247218b0-2e27-4fbb-9544-3d2a77f5a9bb', 'context': [<snowplow_tracker.self_describing_json.SelfDescribingJson object at 0x0000024E06CB4F90>]}
[0m11:33:16.651569 [info ] [Thread-2 (]: 2 of 9 OK created sql incremental model DBT_SCHEMA.br_olist_geolocation ........ [[32mSUCCESS 0[0m in 4.72s]
[0m11:33:16.657542 [debug] [Thread-2 (]: Finished running node model.dbt_olist_data_model.br_olist_geolocation
[0m11:33:16.663558 [debug] [Thread-2 (]: Began running node model.dbt_olist_data_model.br_olist_order_items
[0m11:33:16.666559 [info ] [Thread-2 (]: 3 of 9 START sql incremental model DBT_SCHEMA.br_olist_order_items ............. [RUN]
[0m11:33:16.669636 [debug] [Thread-2 (]: Re-using an available connection from the pool (formerly model.dbt_olist_data_model.br_olist_geolocation, now model.dbt_olist_data_model.br_olist_order_items)
[0m11:33:16.672635 [debug] [Thread-2 (]: Began compiling node model.dbt_olist_data_model.br_olist_order_items
[0m11:33:16.688540 [debug] [Thread-2 (]: Writing injected SQL for node "model.dbt_olist_data_model.br_olist_order_items"
[0m11:33:16.702450 [debug] [Thread-2 (]: Began executing node model.dbt_olist_data_model.br_olist_order_items
[0m11:33:16.722156 [debug] [Thread-2 (]: Using snowflake connection "model.dbt_olist_data_model.br_olist_order_items"
[0m11:33:16.732242 [debug] [Thread-2 (]: On model.dbt_olist_data_model.br_olist_order_items: create or replace  temporary view OLIST_DW.DBT_SCHEMA.br_olist_order_items__dbt_tmp
  
  
  
  
  as (
    

select
    order_id,
    order_item_id::number as order_item_id,
    product_id,
    seller_id,
    shipping_limit_date::timestamp_ntz as shipping_limit_date,
    price::number(10,2) as price,
    freight_value::number(10,2) as freight_value,
    _ingested_at::timestamp_ntz as ingested_at
from olist_dw.raw.raw_olist_order_items


where _ingested_at::timestamp_ntz > (select max(ingested_at) from OLIST_DW.DBT_SCHEMA.br_olist_order_items)

  )
/* {"app": "dbt", "dbt_version": "1.12.0", "profile_name": "dbt_olist_data_model", "target_name": "dev", "node_id": "model.dbt_olist_data_model.br_olist_order_items"} */;
[0m11:33:17.638356 [debug] [Thread-2 (]: SQL status: SUCCESS 1 in 0.903 seconds
[0m11:33:17.654354 [debug] [Thread-2 (]: Using snowflake connection "model.dbt_olist_data_model.br_olist_order_items"
[0m11:33:17.661617 [debug] [Thread-2 (]: On model.dbt_olist_data_model.br_olist_order_items: describe table OLIST_DW.DBT_SCHEMA.br_olist_order_items__dbt_tmp
/* {"app": "dbt", "dbt_version": "1.12.0", "profile_name": "dbt_olist_data_model", "target_name": "dev", "node_id": "model.dbt_olist_data_model.br_olist_order_items"} */
[0m11:33:19.177396 [debug] [Thread-2 (]: SQL status: SUCCESS 8 in 1.509 seconds
[0m11:33:19.195416 [debug] [Thread-2 (]: Using snowflake connection "model.dbt_olist_data_model.br_olist_order_items"
[0m11:33:19.199924 [debug] [Thread-2 (]: On model.dbt_olist_data_model.br_olist_order_items: describe table OLIST_DW.DBT_SCHEMA.br_olist_order_items
/* {"app": "dbt", "dbt_version": "1.12.0", "profile_name": "dbt_olist_data_model", "target_name": "dev", "node_id": "model.dbt_olist_data_model.br_olist_order_items"} */
[0m11:33:19.686213 [debug] [Thread-2 (]: SQL status: SUCCESS 8 in 0.484 seconds
[0m11:33:19.715200 [debug] [Thread-2 (]: Using snowflake connection "model.dbt_olist_data_model.br_olist_order_items"
[0m11:33:19.720207 [debug] [Thread-2 (]: On model.dbt_olist_data_model.br_olist_order_items: describe table "OLIST_DW"."DBT_SCHEMA"."BR_OLIST_ORDER_ITEMS"
/* {"app": "dbt", "dbt_version": "1.12.0", "profile_name": "dbt_olist_data_model", "target_name": "dev", "node_id": "model.dbt_olist_data_model.br_olist_order_items"} */
[0m11:33:20.053117 [debug] [Thread-2 (]: SQL status: SUCCESS 8 in 0.326 seconds
[0m11:33:20.077792 [debug] [Thread-2 (]: Writing runtime sql for node "model.dbt_olist_data_model.br_olist_order_items"
[0m11:33:20.092639 [debug] [Thread-2 (]: Using snowflake connection "model.dbt_olist_data_model.br_olist_order_items"
[0m11:33:20.098409 [debug] [Thread-2 (]: On model.dbt_olist_data_model.br_olist_order_items: -- back compat for old kwarg name
  
  begin
/* {"app": "dbt", "dbt_version": "1.12.0", "profile_name": "dbt_olist_data_model", "target_name": "dev", "node_id": "model.dbt_olist_data_model.br_olist_order_items"} */;
[0m11:33:20.606961 [debug] [Thread-2 (]: SQL status: SUCCESS 1 in 0.501 seconds
[0m11:33:20.611144 [debug] [Thread-2 (]: Using snowflake connection "model.dbt_olist_data_model.br_olist_order_items"
[0m11:33:20.617803 [debug] [Thread-2 (]: On model.dbt_olist_data_model.br_olist_order_items: merge into OLIST_DW.DBT_SCHEMA.br_olist_order_items as DBT_INTERNAL_DEST
        using OLIST_DW.DBT_SCHEMA.br_olist_order_items__dbt_tmp as DBT_INTERNAL_SOURCE
        on (
                    DBT_INTERNAL_SOURCE.order_id = DBT_INTERNAL_DEST.order_id
                ) and (
                    DBT_INTERNAL_SOURCE.order_item_id = DBT_INTERNAL_DEST.order_item_id
                )

    
    when matched then update set
        "ORDER_ID" = DBT_INTERNAL_SOURCE."ORDER_ID","ORDER_ITEM_ID" = DBT_INTERNAL_SOURCE."ORDER_ITEM_ID","PRODUCT_ID" = DBT_INTERNAL_SOURCE."PRODUCT_ID","SELLER_ID" = DBT_INTERNAL_SOURCE."SELLER_ID","SHIPPING_LIMIT_DATE" = DBT_INTERNAL_SOURCE."SHIPPING_LIMIT_DATE","PRICE" = DBT_INTERNAL_SOURCE."PRICE","FREIGHT_VALUE" = DBT_INTERNAL_SOURCE."FREIGHT_VALUE","INGESTED_AT" = DBT_INTERNAL_SOURCE."INGESTED_AT"
    

    when not matched then insert
        ("ORDER_ID", "ORDER_ITEM_ID", "PRODUCT_ID", "SELLER_ID", "SHIPPING_LIMIT_DATE", "PRICE", "FREIGHT_VALUE", "INGESTED_AT")
    values
        ("ORDER_ID", "ORDER_ITEM_ID", "PRODUCT_ID", "SELLER_ID", "SHIPPING_LIMIT_DATE", "PRICE", "FREIGHT_VALUE", "INGESTED_AT")


/* {"app": "dbt", "dbt_version": "1.12.0", "profile_name": "dbt_olist_data_model", "target_name": "dev", "node_id": "model.dbt_olist_data_model.br_olist_order_items"} */;
[0m11:33:21.333090 [debug] [Thread-2 (]: SQL status: SUCCESS 0 in 0.709 seconds
[0m11:33:21.337422 [debug] [Thread-2 (]: Using snowflake connection "model.dbt_olist_data_model.br_olist_order_items"
[0m11:33:21.346384 [debug] [Thread-2 (]: On model.dbt_olist_data_model.br_olist_order_items: COMMIT
/* {"app": "dbt", "dbt_version": "1.12.0", "profile_name": "dbt_olist_data_model", "target_name": "dev", "node_id": "model.dbt_olist_data_model.br_olist_order_items"} */
[0m11:33:22.160262 [debug] [Thread-2 (]: SQL status: SUCCESS 1 in 0.808 seconds
[0m11:33:22.200432 [debug] [Thread-2 (]: Applying DROP to: OLIST_DW.DBT_SCHEMA.br_olist_order_items__dbt_tmp
[0m11:33:22.238235 [debug] [Thread-2 (]: Using snowflake connection "model.dbt_olist_data_model.br_olist_order_items"
[0m11:33:22.265599 [debug] [Thread-2 (]: On model.dbt_olist_data_model.br_olist_order_items: drop view if exists OLIST_DW.DBT_SCHEMA.br_olist_order_items__dbt_tmp cascade
/* {"app": "dbt", "dbt_version": "1.12.0", "profile_name": "dbt_olist_data_model", "target_name": "dev", "node_id": "model.dbt_olist_data_model.br_olist_order_items"} */
[0m11:33:22.904717 [debug] [Thread-2 (]: SQL status: SUCCESS 1 in 0.630 seconds
[0m11:33:22.911895 [debug] [Thread-2 (]: Sending event: {'category': 'dbt', 'action': 'run_model', 'label': '247218b0-2e27-4fbb-9544-3d2a77f5a9bb', 'context': [<snowplow_tracker.self_describing_json.SelfDescribingJson object at 0x0000024E06D91E10>]}
[0m11:33:22.915177 [info ] [Thread-2 (]: 3 of 9 OK created sql incremental model DBT_SCHEMA.br_olist_order_items ........ [[32mSUCCESS 0[0m in 6.24s]
[0m11:33:22.919499 [debug] [Thread-2 (]: Finished running node model.dbt_olist_data_model.br_olist_order_items
[0m11:33:22.921888 [debug] [Thread-2 (]: Began running node model.dbt_olist_data_model.br_olist_order_payments
[0m11:33:22.924718 [info ] [Thread-2 (]: 4 of 9 START sql incremental model DBT_SCHEMA.br_olist_order_payments .......... [RUN]
[0m11:33:22.929517 [debug] [Thread-2 (]: Re-using an available connection from the pool (formerly model.dbt_olist_data_model.br_olist_order_items, now model.dbt_olist_data_model.br_olist_order_payments)
[0m11:33:22.933531 [debug] [Thread-2 (]: Began compiling node model.dbt_olist_data_model.br_olist_order_payments
[0m11:33:22.950312 [debug] [Thread-2 (]: Writing injected SQL for node "model.dbt_olist_data_model.br_olist_order_payments"
[0m11:33:22.955690 [debug] [Thread-2 (]: Began executing node model.dbt_olist_data_model.br_olist_order_payments
[0m11:33:22.970179 [debug] [Thread-2 (]: Using snowflake connection "model.dbt_olist_data_model.br_olist_order_payments"
[0m11:33:22.972379 [debug] [Thread-2 (]: On model.dbt_olist_data_model.br_olist_order_payments: create or replace  temporary view OLIST_DW.DBT_SCHEMA.br_olist_order_payments__dbt_tmp
  
  
  
  
  as (
    
select
    payment_id::number as payment_id,
    order_id,
    payment_sequential::number as payment_sequential,
    payment_type,
    payment_installments::number as payment_installments,
    payment_value::number(10,2) as payment_value,
    _ingested_at::timestamp_ntz as ingested_at
from olist_dw.raw.raw_olist_order_payments


where _ingested_at::timestamp_ntz > (select max(ingested_at) from OLIST_DW.DBT_SCHEMA.br_olist_order_payments)

  )
/* {"app": "dbt", "dbt_version": "1.12.0", "profile_name": "dbt_olist_data_model", "target_name": "dev", "node_id": "model.dbt_olist_data_model.br_olist_order_payments"} */;
[0m11:33:23.682257 [debug] [Thread-2 (]: SQL status: SUCCESS 1 in 0.706 seconds
[0m11:33:23.698576 [debug] [Thread-2 (]: Using snowflake connection "model.dbt_olist_data_model.br_olist_order_payments"
[0m11:33:23.705655 [debug] [Thread-2 (]: On model.dbt_olist_data_model.br_olist_order_payments: describe table OLIST_DW.DBT_SCHEMA.br_olist_order_payments__dbt_tmp
/* {"app": "dbt", "dbt_version": "1.12.0", "profile_name": "dbt_olist_data_model", "target_name": "dev", "node_id": "model.dbt_olist_data_model.br_olist_order_payments"} */
[0m11:33:24.132378 [debug] [Thread-2 (]: SQL status: SUCCESS 7 in 0.420 seconds
[0m11:33:24.139375 [debug] [Thread-2 (]: Using snowflake connection "model.dbt_olist_data_model.br_olist_order_payments"
[0m11:33:24.150427 [debug] [Thread-2 (]: On model.dbt_olist_data_model.br_olist_order_payments: describe table OLIST_DW.DBT_SCHEMA.br_olist_order_payments
/* {"app": "dbt", "dbt_version": "1.12.0", "profile_name": "dbt_olist_data_model", "target_name": "dev", "node_id": "model.dbt_olist_data_model.br_olist_order_payments"} */
[0m11:33:24.541296 [debug] [Thread-2 (]: SQL status: SUCCESS 7 in 0.381 seconds
[0m11:33:24.563910 [debug] [Thread-2 (]: Using snowflake connection "model.dbt_olist_data_model.br_olist_order_payments"
[0m11:33:24.570410 [debug] [Thread-2 (]: On model.dbt_olist_data_model.br_olist_order_payments: describe table "OLIST_DW"."DBT_SCHEMA"."BR_OLIST_ORDER_PAYMENTS"
/* {"app": "dbt", "dbt_version": "1.12.0", "profile_name": "dbt_olist_data_model", "target_name": "dev", "node_id": "model.dbt_olist_data_model.br_olist_order_payments"} */
[0m11:33:24.887638 [debug] [Thread-2 (]: SQL status: SUCCESS 7 in 0.313 seconds
[0m11:33:24.929440 [debug] [Thread-2 (]: Writing runtime sql for node "model.dbt_olist_data_model.br_olist_order_payments"
[0m11:33:24.946434 [debug] [Thread-2 (]: Using snowflake connection "model.dbt_olist_data_model.br_olist_order_payments"
[0m11:33:24.952387 [debug] [Thread-2 (]: On model.dbt_olist_data_model.br_olist_order_payments: -- back compat for old kwarg name
  
  begin
/* {"app": "dbt", "dbt_version": "1.12.0", "profile_name": "dbt_olist_data_model", "target_name": "dev", "node_id": "model.dbt_olist_data_model.br_olist_order_payments"} */;
[0m11:33:25.333681 [debug] [Thread-2 (]: SQL status: SUCCESS 1 in 0.375 seconds
[0m11:33:25.336684 [debug] [Thread-2 (]: Using snowflake connection "model.dbt_olist_data_model.br_olist_order_payments"
[0m11:33:25.343997 [debug] [Thread-2 (]: On model.dbt_olist_data_model.br_olist_order_payments: merge into OLIST_DW.DBT_SCHEMA.br_olist_order_payments as DBT_INTERNAL_DEST
        using OLIST_DW.DBT_SCHEMA.br_olist_order_payments__dbt_tmp as DBT_INTERNAL_SOURCE
        on ((DBT_INTERNAL_SOURCE.payment_id = DBT_INTERNAL_DEST.payment_id))

    
    when matched then update set
        "PAYMENT_ID" = DBT_INTERNAL_SOURCE."PAYMENT_ID","ORDER_ID" = DBT_INTERNAL_SOURCE."ORDER_ID","PAYMENT_SEQUENTIAL" = DBT_INTERNAL_SOURCE."PAYMENT_SEQUENTIAL","PAYMENT_TYPE" = DBT_INTERNAL_SOURCE."PAYMENT_TYPE","PAYMENT_INSTALLMENTS" = DBT_INTERNAL_SOURCE."PAYMENT_INSTALLMENTS","PAYMENT_VALUE" = DBT_INTERNAL_SOURCE."PAYMENT_VALUE","INGESTED_AT" = DBT_INTERNAL_SOURCE."INGESTED_AT"
    

    when not matched then insert
        ("PAYMENT_ID", "ORDER_ID", "PAYMENT_SEQUENTIAL", "PAYMENT_TYPE", "PAYMENT_INSTALLMENTS", "PAYMENT_VALUE", "INGESTED_AT")
    values
        ("PAYMENT_ID", "ORDER_ID", "PAYMENT_SEQUENTIAL", "PAYMENT_TYPE", "PAYMENT_INSTALLMENTS", "PAYMENT_VALUE", "INGESTED_AT")


/* {"app": "dbt", "dbt_version": "1.12.0", "profile_name": "dbt_olist_data_model", "target_name": "dev", "node_id": "model.dbt_olist_data_model.br_olist_order_payments"} */;
[0m11:33:26.856452 [debug] [Thread-2 (]: SQL status: SUCCESS 0 in 1.506 seconds
[0m11:33:26.861523 [debug] [Thread-2 (]: Using snowflake connection "model.dbt_olist_data_model.br_olist_order_payments"
[0m11:33:26.865516 [debug] [Thread-2 (]: On model.dbt_olist_data_model.br_olist_order_payments: COMMIT
/* {"app": "dbt", "dbt_version": "1.12.0", "profile_name": "dbt_olist_data_model", "target_name": "dev", "node_id": "model.dbt_olist_data_model.br_olist_order_payments"} */
[0m11:33:27.678131 [debug] [Thread-2 (]: SQL status: SUCCESS 1 in 0.808 seconds
[0m11:33:27.711631 [debug] [Thread-2 (]: Applying DROP to: OLIST_DW.DBT_SCHEMA.br_olist_order_payments__dbt_tmp
[0m11:33:27.754283 [debug] [Thread-2 (]: Using snowflake connection "model.dbt_olist_data_model.br_olist_order_payments"
[0m11:33:27.764671 [debug] [Thread-2 (]: On model.dbt_olist_data_model.br_olist_order_payments: drop view if exists OLIST_DW.DBT_SCHEMA.br_olist_order_payments__dbt_tmp cascade
/* {"app": "dbt", "dbt_version": "1.12.0", "profile_name": "dbt_olist_data_model", "target_name": "dev", "node_id": "model.dbt_olist_data_model.br_olist_order_payments"} */
[0m11:33:28.180761 [debug] [Thread-2 (]: SQL status: SUCCESS 1 in 0.411 seconds
[0m11:33:28.195819 [debug] [Thread-2 (]: Sending event: {'category': 'dbt', 'action': 'run_model', 'label': '247218b0-2e27-4fbb-9544-3d2a77f5a9bb', 'context': [<snowplow_tracker.self_describing_json.SelfDescribingJson object at 0x0000024E0690BDD0>]}
[0m11:33:28.201764 [info ] [Thread-2 (]: 4 of 9 OK created sql incremental model DBT_SCHEMA.br_olist_order_payments ..... [[32mSUCCESS 0[0m in 5.27s]
[0m11:33:28.209758 [debug] [Thread-2 (]: Finished running node model.dbt_olist_data_model.br_olist_order_payments
[0m11:33:28.214846 [debug] [Thread-2 (]: Began running node model.dbt_olist_data_model.br_olist_order_reviews
[0m11:33:28.220623 [info ] [Thread-2 (]: 5 of 9 START sql incremental model DBT_SCHEMA.br_olist_order_reviews ........... [RUN]
[0m11:33:28.229797 [debug] [Thread-2 (]: Re-using an available connection from the pool (formerly model.dbt_olist_data_model.br_olist_order_payments, now model.dbt_olist_data_model.br_olist_order_reviews)
[0m11:33:28.240813 [debug] [Thread-2 (]: Began compiling node model.dbt_olist_data_model.br_olist_order_reviews
[0m11:33:28.300915 [debug] [Thread-2 (]: Writing injected SQL for node "model.dbt_olist_data_model.br_olist_order_reviews"
[0m11:33:28.315402 [debug] [Thread-2 (]: Began executing node model.dbt_olist_data_model.br_olist_order_reviews
[0m11:33:28.419137 [debug] [Thread-2 (]: Writing runtime sql for node "model.dbt_olist_data_model.br_olist_order_reviews"
[0m11:33:28.424134 [debug] [Thread-2 (]: Using snowflake connection "model.dbt_olist_data_model.br_olist_order_reviews"
[0m11:33:28.426134 [debug] [Thread-2 (]: On model.dbt_olist_data_model.br_olist_order_reviews: create or replace transient table OLIST_DW.DBT_SCHEMA.br_olist_order_reviews
    
    
    
    
    

    as (

select
    review_pk_id::number as review_pk_id,
    review_id,
    order_id,
    review_score::number as review_score,
    review_comment_title,
    review_comment_message,
    try_to_timestamp_ntz(review_creation_date) as review_creation_date,
    try_to_timestamp_ntz(review_answer_timestamp) as review_answer_timestamp,
    _ingested_at::timestamp_ntz as ingested_at
from olist_dw.raw.raw_olist_order_reviews


    )

/* {"app": "dbt", "dbt_version": "1.12.0", "profile_name": "dbt_olist_data_model", "target_name": "dev", "node_id": "model.dbt_olist_data_model.br_olist_order_reviews"} */;
[0m11:33:31.050898 [debug] [Thread-2 (]: SQL status: SUCCESS 99223 in 2.623 seconds
[0m11:33:31.055901 [debug] [Thread-2 (]: Applying DROP to: OLIST_DW.DBT_SCHEMA.br_olist_order_reviews__dbt_tmp
[0m11:33:31.059410 [debug] [Thread-2 (]: Using snowflake connection "model.dbt_olist_data_model.br_olist_order_reviews"
[0m11:33:31.061765 [debug] [Thread-2 (]: On model.dbt_olist_data_model.br_olist_order_reviews: drop view if exists OLIST_DW.DBT_SCHEMA.br_olist_order_reviews__dbt_tmp cascade
/* {"app": "dbt", "dbt_version": "1.12.0", "profile_name": "dbt_olist_data_model", "target_name": "dev", "node_id": "model.dbt_olist_data_model.br_olist_order_reviews"} */
[0m11:33:31.664483 [debug] [Thread-2 (]: SQL status: SUCCESS 1 in 0.601 seconds
[0m11:33:31.669296 [debug] [Thread-2 (]: Sending event: {'category': 'dbt', 'action': 'run_model', 'label': '247218b0-2e27-4fbb-9544-3d2a77f5a9bb', 'context': [<snowplow_tracker.self_describing_json.SelfDescribingJson object at 0x0000024E06922910>]}
[0m11:33:31.671301 [info ] [Thread-2 (]: 5 of 9 OK created sql incremental model DBT_SCHEMA.br_olist_order_reviews ...... [[32mSUCCESS 99223[0m in 3.44s]
[0m11:33:31.673262 [debug] [Thread-2 (]: Finished running node model.dbt_olist_data_model.br_olist_order_reviews
[0m11:33:31.674290 [debug] [Thread-2 (]: Began running node model.dbt_olist_data_model.br_olist_orders
[0m11:33:31.676259 [info ] [Thread-2 (]: 6 of 9 START sql incremental model DBT_SCHEMA.br_olist_orders .................. [RUN]
[0m11:33:31.678551 [debug] [Thread-2 (]: Re-using an available connection from the pool (formerly model.dbt_olist_data_model.br_olist_order_reviews, now model.dbt_olist_data_model.br_olist_orders)
[0m11:33:31.680553 [debug] [Thread-2 (]: Began compiling node model.dbt_olist_data_model.br_olist_orders
[0m11:33:31.689554 [debug] [Thread-2 (]: Writing injected SQL for node "model.dbt_olist_data_model.br_olist_orders"
[0m11:33:31.692876 [debug] [Thread-2 (]: Began executing node model.dbt_olist_data_model.br_olist_orders
[0m11:33:31.703130 [debug] [Thread-2 (]: Writing runtime sql for node "model.dbt_olist_data_model.br_olist_orders"
[0m11:33:31.708446 [debug] [Thread-2 (]: Using snowflake connection "model.dbt_olist_data_model.br_olist_orders"
[0m11:33:31.710458 [debug] [Thread-2 (]: On model.dbt_olist_data_model.br_olist_orders: create or replace transient table OLIST_DW.DBT_SCHEMA.br_olist_orders
    
    
    
    
    

    as (

select
    order_id,
    customer_id,
    order_status,
    try_to_timestamp_ntz(order_purchase_timestamp) as order_purchase_timestamp,
    try_to_timestamp_ntz(order_approved_at) as order_approved_at,
    try_to_timestamp_ntz(order_delivered_carrier_date) as order_delivered_carrier_date,
    try_to_timestamp_ntz(order_delivered_customer_date) as order_delivered_customer_date,
    try_to_timestamp_ntz(order_estimated_delivery_date) as order_estimated_delivery_date,
    _ingested_at::timestamp_ntz as ingested_at
from olist_dw.raw.raw_olist_orders


    )

/* {"app": "dbt", "dbt_version": "1.12.0", "profile_name": "dbt_olist_data_model", "target_name": "dev", "node_id": "model.dbt_olist_data_model.br_olist_orders"} */;
[0m11:33:34.123050 [debug] [Thread-2 (]: SQL status: SUCCESS 99441 in 2.411 seconds
[0m11:33:34.130890 [debug] [Thread-2 (]: Applying DROP to: OLIST_DW.DBT_SCHEMA.br_olist_orders__dbt_tmp
[0m11:33:34.134237 [debug] [Thread-2 (]: Using snowflake connection "model.dbt_olist_data_model.br_olist_orders"
[0m11:33:34.136233 [debug] [Thread-2 (]: On model.dbt_olist_data_model.br_olist_orders: drop view if exists OLIST_DW.DBT_SCHEMA.br_olist_orders__dbt_tmp cascade
/* {"app": "dbt", "dbt_version": "1.12.0", "profile_name": "dbt_olist_data_model", "target_name": "dev", "node_id": "model.dbt_olist_data_model.br_olist_orders"} */
[0m11:33:34.740112 [debug] [Thread-2 (]: SQL status: SUCCESS 1 in 0.602 seconds
[0m11:33:34.754166 [debug] [Thread-2 (]: Sending event: {'category': 'dbt', 'action': 'run_model', 'label': '247218b0-2e27-4fbb-9544-3d2a77f5a9bb', 'context': [<snowplow_tracker.self_describing_json.SelfDescribingJson object at 0x0000024E081CA8D0>]}
[0m11:33:34.762021 [info ] [Thread-2 (]: 6 of 9 OK created sql incremental model DBT_SCHEMA.br_olist_orders ............. [[32mSUCCESS 99441[0m in 3.08s]
[0m11:33:34.769261 [debug] [Thread-2 (]: Finished running node model.dbt_olist_data_model.br_olist_orders
[0m11:33:34.778311 [debug] [Thread-2 (]: Began running node model.dbt_olist_data_model.br_olist_product_category_translation
[0m11:33:34.789802 [info ] [Thread-2 (]: 7 of 9 START sql incremental model DBT_SCHEMA.br_olist_product_category_translation  [RUN]
[0m11:33:34.803681 [debug] [Thread-2 (]: Re-using an available connection from the pool (formerly model.dbt_olist_data_model.br_olist_orders, now model.dbt_olist_data_model.br_olist_product_category_translation)
[0m11:33:34.809417 [debug] [Thread-2 (]: Began compiling node model.dbt_olist_data_model.br_olist_product_category_translation
[0m11:33:34.892783 [debug] [Thread-2 (]: Writing injected SQL for node "model.dbt_olist_data_model.br_olist_product_category_translation"
[0m11:33:34.936764 [debug] [Thread-2 (]: Began executing node model.dbt_olist_data_model.br_olist_product_category_translation
[0m11:33:34.965762 [debug] [Thread-2 (]: Using snowflake connection "model.dbt_olist_data_model.br_olist_product_category_translation"
[0m11:33:35.008924 [debug] [Thread-2 (]: On model.dbt_olist_data_model.br_olist_product_category_translation: create or replace  temporary view OLIST_DW.DBT_SCHEMA.br_olist_product_category_translation__dbt_tmp
  
  
  
  
  as (
    

select
    product_category_id::number as product_category_id,
    product_category_name,
    product_category_name_english,
    _ingested_at::timestamp_ntz as ingested_at
from olist_dw.raw.raw_olist_product_category_translation


where _ingested_at::timestamp_ntz > (select max(ingested_at) from OLIST_DW.DBT_SCHEMA.br_olist_product_category_translation)

  )
/* {"app": "dbt", "dbt_version": "1.12.0", "profile_name": "dbt_olist_data_model", "target_name": "dev", "node_id": "model.dbt_olist_data_model.br_olist_product_category_translation"} */;
[0m11:33:35.659392 [debug] [Thread-2 (]: SQL status: SUCCESS 1 in 0.628 seconds
[0m11:33:35.668389 [debug] [Thread-2 (]: Using snowflake connection "model.dbt_olist_data_model.br_olist_product_category_translation"
[0m11:33:35.671396 [debug] [Thread-2 (]: On model.dbt_olist_data_model.br_olist_product_category_translation: describe table OLIST_DW.DBT_SCHEMA.br_olist_product_category_translation__dbt_tmp
/* {"app": "dbt", "dbt_version": "1.12.0", "profile_name": "dbt_olist_data_model", "target_name": "dev", "node_id": "model.dbt_olist_data_model.br_olist_product_category_translation"} */
[0m11:33:36.072148 [debug] [Thread-2 (]: SQL status: SUCCESS 4 in 0.398 seconds
[0m11:33:36.086711 [debug] [Thread-2 (]: Using snowflake connection "model.dbt_olist_data_model.br_olist_product_category_translation"
[0m11:33:36.091322 [debug] [Thread-2 (]: On model.dbt_olist_data_model.br_olist_product_category_translation: describe table OLIST_DW.DBT_SCHEMA.br_olist_product_category_translation
/* {"app": "dbt", "dbt_version": "1.12.0", "profile_name": "dbt_olist_data_model", "target_name": "dev", "node_id": "model.dbt_olist_data_model.br_olist_product_category_translation"} */
[0m11:33:48.048868 [debug] [Thread-2 (]: SQL status: SUCCESS 4 in 11.953 seconds
[0m11:33:48.059593 [debug] [Thread-2 (]: Using snowflake connection "model.dbt_olist_data_model.br_olist_product_category_translation"
[0m11:33:48.063581 [debug] [Thread-2 (]: On model.dbt_olist_data_model.br_olist_product_category_translation: describe table "OLIST_DW"."DBT_SCHEMA"."BR_OLIST_PRODUCT_CATEGORY_TRANSLATION"
/* {"app": "dbt", "dbt_version": "1.12.0", "profile_name": "dbt_olist_data_model", "target_name": "dev", "node_id": "model.dbt_olist_data_model.br_olist_product_category_translation"} */
[0m11:33:48.361596 [debug] [Thread-2 (]: SQL status: SUCCESS 4 in 0.292 seconds
[0m11:33:48.411282 [debug] [Thread-2 (]: Writing runtime sql for node "model.dbt_olist_data_model.br_olist_product_category_translation"
[0m11:33:48.437268 [debug] [Thread-2 (]: Using snowflake connection "model.dbt_olist_data_model.br_olist_product_category_translation"
[0m11:33:48.451552 [debug] [Thread-2 (]: On model.dbt_olist_data_model.br_olist_product_category_translation: -- back compat for old kwarg name
  
  begin
/* {"app": "dbt", "dbt_version": "1.12.0", "profile_name": "dbt_olist_data_model", "target_name": "dev", "node_id": "model.dbt_olist_data_model.br_olist_product_category_translation"} */;
[0m11:33:48.865802 [debug] [Thread-2 (]: SQL status: SUCCESS 1 in 0.400 seconds
[0m11:33:48.873377 [debug] [Thread-2 (]: Using snowflake connection "model.dbt_olist_data_model.br_olist_product_category_translation"
[0m11:33:48.883642 [debug] [Thread-2 (]: On model.dbt_olist_data_model.br_olist_product_category_translation: merge into OLIST_DW.DBT_SCHEMA.br_olist_product_category_translation as DBT_INTERNAL_DEST
        using OLIST_DW.DBT_SCHEMA.br_olist_product_category_translation__dbt_tmp as DBT_INTERNAL_SOURCE
        on ((DBT_INTERNAL_SOURCE.product_category_id = DBT_INTERNAL_DEST.product_category_id))

    
    when matched then update set
        "PRODUCT_CATEGORY_ID" = DBT_INTERNAL_SOURCE."PRODUCT_CATEGORY_ID","PRODUCT_CATEGORY_NAME" = DBT_INTERNAL_SOURCE."PRODUCT_CATEGORY_NAME","PRODUCT_CATEGORY_NAME_ENGLISH" = DBT_INTERNAL_SOURCE."PRODUCT_CATEGORY_NAME_ENGLISH","INGESTED_AT" = DBT_INTERNAL_SOURCE."INGESTED_AT"
    

    when not matched then insert
        ("PRODUCT_CATEGORY_ID", "PRODUCT_CATEGORY_NAME", "PRODUCT_CATEGORY_NAME_ENGLISH", "INGESTED_AT")
    values
        ("PRODUCT_CATEGORY_ID", "PRODUCT_CATEGORY_NAME", "PRODUCT_CATEGORY_NAME_ENGLISH", "INGESTED_AT")


/* {"app": "dbt", "dbt_version": "1.12.0", "profile_name": "dbt_olist_data_model", "target_name": "dev", "node_id": "model.dbt_olist_data_model.br_olist_product_category_translation"} */;
[0m11:33:49.995961 [debug] [Thread-2 (]: SQL status: SUCCESS 0 in 1.106 seconds
[0m11:33:50.001365 [debug] [Thread-2 (]: Using snowflake connection "model.dbt_olist_data_model.br_olist_product_category_translation"
[0m11:33:50.006365 [debug] [Thread-2 (]: On model.dbt_olist_data_model.br_olist_product_category_translation: COMMIT
/* {"app": "dbt", "dbt_version": "1.12.0", "profile_name": "dbt_olist_data_model", "target_name": "dev", "node_id": "model.dbt_olist_data_model.br_olist_product_category_translation"} */
[0m11:33:50.717245 [debug] [Thread-2 (]: SQL status: SUCCESS 1 in 0.703 seconds
[0m11:33:50.735732 [debug] [Thread-2 (]: Applying DROP to: OLIST_DW.DBT_SCHEMA.br_olist_product_category_translation__dbt_tmp
[0m11:33:50.751420 [debug] [Thread-2 (]: Using snowflake connection "model.dbt_olist_data_model.br_olist_product_category_translation"
[0m11:33:50.756422 [debug] [Thread-2 (]: On model.dbt_olist_data_model.br_olist_product_category_translation: drop view if exists OLIST_DW.DBT_SCHEMA.br_olist_product_category_translation__dbt_tmp cascade
/* {"app": "dbt", "dbt_version": "1.12.0", "profile_name": "dbt_olist_data_model", "target_name": "dev", "node_id": "model.dbt_olist_data_model.br_olist_product_category_translation"} */
[0m11:33:51.182112 [debug] [Thread-2 (]: SQL status: SUCCESS 1 in 0.413 seconds
[0m11:33:51.211763 [debug] [Thread-2 (]: Sending event: {'category': 'dbt', 'action': 'run_model', 'label': '247218b0-2e27-4fbb-9544-3d2a77f5a9bb', 'context': [<snowplow_tracker.self_describing_json.SelfDescribingJson object at 0x0000024E07156550>]}
[0m11:33:51.226120 [info ] [Thread-2 (]: 7 of 9 OK created sql incremental model DBT_SCHEMA.br_olist_product_category_translation  [[32mSUCCESS 0[0m in 16.41s]
[0m11:33:51.233722 [debug] [Thread-2 (]: Finished running node model.dbt_olist_data_model.br_olist_product_category_translation
[0m11:33:51.238695 [debug] [Thread-2 (]: Began running node model.dbt_olist_data_model.br_olist_products
[0m11:33:51.245872 [info ] [Thread-2 (]: 8 of 9 START sql incremental model DBT_SCHEMA.br_olist_products ................ [RUN]
[0m11:33:51.253317 [debug] [Thread-2 (]: Re-using an available connection from the pool (formerly model.dbt_olist_data_model.br_olist_product_category_translation, now model.dbt_olist_data_model.br_olist_products)
[0m11:33:51.263213 [debug] [Thread-2 (]: Began compiling node model.dbt_olist_data_model.br_olist_products
[0m11:33:51.313708 [debug] [Thread-2 (]: Writing injected SQL for node "model.dbt_olist_data_model.br_olist_products"
[0m11:33:51.320257 [debug] [Thread-2 (]: Began executing node model.dbt_olist_data_model.br_olist_products
[0m11:33:51.378381 [debug] [Thread-2 (]: Writing runtime sql for node "model.dbt_olist_data_model.br_olist_products"
[0m11:33:51.484712 [debug] [Thread-2 (]: Using snowflake connection "model.dbt_olist_data_model.br_olist_products"
[0m11:33:51.542322 [debug] [Thread-2 (]: On model.dbt_olist_data_model.br_olist_products: create or replace transient table OLIST_DW.DBT_SCHEMA.br_olist_products
    
    
    
    
    

    as (

select
    product_id,
    product_category_name,
    try_to_number(product_name_lenght) as product_name_length,
    try_to_number(product_description_lenght) as product_description_length,
    try_to_number(product_photos_qty) as product_photos_qty,
    try_to_number(product_weight_g) as product_weight_g,
    try_to_number(product_length_cm) as product_length_cm,
    try_to_number(product_height_cm) as product_height_cm,
    try_to_number(product_width_cm) as product_width_cm,
    _ingested_at::timestamp_ntz as ingested_at
from olist_dw.raw.raw_olist_products


    )

/* {"app": "dbt", "dbt_version": "1.12.0", "profile_name": "dbt_olist_data_model", "target_name": "dev", "node_id": "model.dbt_olist_data_model.br_olist_products"} */;
[0m11:33:52.966376 [debug] [Thread-2 (]: SQL status: SUCCESS 32951 in 1.378 seconds
[0m11:33:52.982003 [debug] [Thread-2 (]: Applying DROP to: OLIST_DW.DBT_SCHEMA.br_olist_products__dbt_tmp
[0m11:33:52.994646 [debug] [Thread-2 (]: Using snowflake connection "model.dbt_olist_data_model.br_olist_products"
[0m11:33:53.000362 [debug] [Thread-2 (]: On model.dbt_olist_data_model.br_olist_products: drop view if exists OLIST_DW.DBT_SCHEMA.br_olist_products__dbt_tmp cascade
/* {"app": "dbt", "dbt_version": "1.12.0", "profile_name": "dbt_olist_data_model", "target_name": "dev", "node_id": "model.dbt_olist_data_model.br_olist_products"} */
[0m11:33:53.300813 [debug] [Thread-2 (]: SQL status: SUCCESS 1 in 0.295 seconds
[0m11:33:53.322710 [debug] [Thread-2 (]: Sending event: {'category': 'dbt', 'action': 'run_model', 'label': '247218b0-2e27-4fbb-9544-3d2a77f5a9bb', 'context': [<snowplow_tracker.self_describing_json.SelfDescribingJson object at 0x0000024E081E1F50>]}
[0m11:33:53.330728 [info ] [Thread-2 (]: 8 of 9 OK created sql incremental model DBT_SCHEMA.br_olist_products ........... [[32mSUCCESS 32951[0m in 2.07s]
[0m11:33:53.340394 [debug] [Thread-2 (]: Finished running node model.dbt_olist_data_model.br_olist_products
[0m11:33:53.347510 [debug] [Thread-2 (]: Began running node model.dbt_olist_data_model.br_olist_sellers
[0m11:33:53.357459 [info ] [Thread-2 (]: 9 of 9 START sql incremental model DBT_SCHEMA.br_olist_sellers ................. [RUN]
[0m11:33:53.367420 [debug] [Thread-2 (]: Re-using an available connection from the pool (formerly model.dbt_olist_data_model.br_olist_products, now model.dbt_olist_data_model.br_olist_sellers)
[0m11:33:53.377466 [debug] [Thread-2 (]: Began compiling node model.dbt_olist_data_model.br_olist_sellers
[0m11:33:53.421035 [debug] [Thread-2 (]: Writing injected SQL for node "model.dbt_olist_data_model.br_olist_sellers"
[0m11:33:53.441306 [debug] [Thread-2 (]: Began executing node model.dbt_olist_data_model.br_olist_sellers
[0m11:33:53.463683 [debug] [Thread-2 (]: Using snowflake connection "model.dbt_olist_data_model.br_olist_sellers"
[0m11:33:53.468391 [debug] [Thread-2 (]: On model.dbt_olist_data_model.br_olist_sellers: create or replace  temporary view OLIST_DW.DBT_SCHEMA.br_olist_sellers__dbt_tmp
  
  
  
  
  as (
    

select
    seller_id,
    seller_zip_code_prefix,
    seller_city,
    seller_state,
    _ingested_at::timestamp_ntz as ingested_at
from olist_dw.raw.raw_olist_sellers


where _ingested_at::timestamp_ntz > (select max(ingested_at) from OLIST_DW.DBT_SCHEMA.br_olist_sellers)

  )
/* {"app": "dbt", "dbt_version": "1.12.0", "profile_name": "dbt_olist_data_model", "target_name": "dev", "node_id": "model.dbt_olist_data_model.br_olist_sellers"} */;
[0m11:33:53.965685 [debug] [Thread-2 (]: SQL status: SUCCESS 1 in 0.489 seconds
[0m11:33:53.977682 [debug] [Thread-2 (]: Using snowflake connection "model.dbt_olist_data_model.br_olist_sellers"
[0m11:33:53.984687 [debug] [Thread-2 (]: On model.dbt_olist_data_model.br_olist_sellers: describe table OLIST_DW.DBT_SCHEMA.br_olist_sellers__dbt_tmp
/* {"app": "dbt", "dbt_version": "1.12.0", "profile_name": "dbt_olist_data_model", "target_name": "dev", "node_id": "model.dbt_olist_data_model.br_olist_sellers"} */
[0m11:33:54.303364 [debug] [Thread-2 (]: SQL status: SUCCESS 5 in 0.314 seconds
[0m11:33:54.317361 [debug] [Thread-2 (]: Using snowflake connection "model.dbt_olist_data_model.br_olist_sellers"
[0m11:33:54.322365 [debug] [Thread-2 (]: On model.dbt_olist_data_model.br_olist_sellers: describe table OLIST_DW.DBT_SCHEMA.br_olist_sellers
/* {"app": "dbt", "dbt_version": "1.12.0", "profile_name": "dbt_olist_data_model", "target_name": "dev", "node_id": "model.dbt_olist_data_model.br_olist_sellers"} */
[0m11:33:54.606012 [debug] [Thread-2 (]: SQL status: SUCCESS 5 in 0.280 seconds
[0m11:33:54.623262 [debug] [Thread-2 (]: Using snowflake connection "model.dbt_olist_data_model.br_olist_sellers"
[0m11:33:54.627772 [debug] [Thread-2 (]: On model.dbt_olist_data_model.br_olist_sellers: describe table "OLIST_DW"."DBT_SCHEMA"."BR_OLIST_SELLERS"
/* {"app": "dbt", "dbt_version": "1.12.0", "profile_name": "dbt_olist_data_model", "target_name": "dev", "node_id": "model.dbt_olist_data_model.br_olist_sellers"} */
[0m11:33:54.912290 [debug] [Thread-2 (]: SQL status: SUCCESS 5 in 0.278 seconds
[0m11:33:54.940203 [debug] [Thread-2 (]: Writing runtime sql for node "model.dbt_olist_data_model.br_olist_sellers"
[0m11:33:54.977495 [debug] [Thread-2 (]: Using snowflake connection "model.dbt_olist_data_model.br_olist_sellers"
[0m11:33:54.996424 [debug] [Thread-2 (]: On model.dbt_olist_data_model.br_olist_sellers: -- back compat for old kwarg name
  
  begin
/* {"app": "dbt", "dbt_version": "1.12.0", "profile_name": "dbt_olist_data_model", "target_name": "dev", "node_id": "model.dbt_olist_data_model.br_olist_sellers"} */;
[0m11:33:55.387846 [debug] [Thread-2 (]: SQL status: SUCCESS 1 in 0.385 seconds
[0m11:33:55.390849 [debug] [Thread-2 (]: Using snowflake connection "model.dbt_olist_data_model.br_olist_sellers"
[0m11:33:55.396052 [debug] [Thread-2 (]: On model.dbt_olist_data_model.br_olist_sellers: merge into OLIST_DW.DBT_SCHEMA.br_olist_sellers as DBT_INTERNAL_DEST
        using OLIST_DW.DBT_SCHEMA.br_olist_sellers__dbt_tmp as DBT_INTERNAL_SOURCE
        on ((DBT_INTERNAL_SOURCE.seller_id = DBT_INTERNAL_DEST.seller_id))

    
    when matched then update set
        "SELLER_ID" = DBT_INTERNAL_SOURCE."SELLER_ID","SELLER_ZIP_CODE_PREFIX" = DBT_INTERNAL_SOURCE."SELLER_ZIP_CODE_PREFIX","SELLER_CITY" = DBT_INTERNAL_SOURCE."SELLER_CITY","SELLER_STATE" = DBT_INTERNAL_SOURCE."SELLER_STATE","INGESTED_AT" = DBT_INTERNAL_SOURCE."INGESTED_AT"
    

    when not matched then insert
        ("SELLER_ID", "SELLER_ZIP_CODE_PREFIX", "SELLER_CITY", "SELLER_STATE", "INGESTED_AT")
    values
        ("SELLER_ID", "SELLER_ZIP_CODE_PREFIX", "SELLER_CITY", "SELLER_STATE", "INGESTED_AT")


/* {"app": "dbt", "dbt_version": "1.12.0", "profile_name": "dbt_olist_data_model", "target_name": "dev", "node_id": "model.dbt_olist_data_model.br_olist_sellers"} */;
[0m11:33:56.652700 [debug] [Thread-2 (]: SQL status: SUCCESS 0 in 1.251 seconds
[0m11:33:56.659332 [debug] [Thread-2 (]: Using snowflake connection "model.dbt_olist_data_model.br_olist_sellers"
[0m11:33:56.665346 [debug] [Thread-2 (]: On model.dbt_olist_data_model.br_olist_sellers: COMMIT
/* {"app": "dbt", "dbt_version": "1.12.0", "profile_name": "dbt_olist_data_model", "target_name": "dev", "node_id": "model.dbt_olist_data_model.br_olist_sellers"} */
[0m11:33:57.266398 [debug] [Thread-2 (]: SQL status: SUCCESS 1 in 0.596 seconds
[0m11:33:57.287323 [debug] [Thread-2 (]: Applying DROP to: OLIST_DW.DBT_SCHEMA.br_olist_sellers__dbt_tmp
[0m11:33:57.300587 [debug] [Thread-2 (]: Using snowflake connection "model.dbt_olist_data_model.br_olist_sellers"
[0m11:33:57.306672 [debug] [Thread-2 (]: On model.dbt_olist_data_model.br_olist_sellers: drop view if exists OLIST_DW.DBT_SCHEMA.br_olist_sellers__dbt_tmp cascade
/* {"app": "dbt", "dbt_version": "1.12.0", "profile_name": "dbt_olist_data_model", "target_name": "dev", "node_id": "model.dbt_olist_data_model.br_olist_sellers"} */
[0m11:33:57.787342 [debug] [Thread-2 (]: SQL status: SUCCESS 1 in 0.475 seconds
[0m11:33:57.792479 [debug] [Thread-2 (]: Sending event: {'category': 'dbt', 'action': 'run_model', 'label': '247218b0-2e27-4fbb-9544-3d2a77f5a9bb', 'context': [<snowplow_tracker.self_describing_json.SelfDescribingJson object at 0x0000024E7FD7FE10>]}
[0m11:33:57.795340 [info ] [Thread-2 (]: 9 of 9 OK created sql incremental model DBT_SCHEMA.br_olist_sellers ............ [[32mSUCCESS 0[0m in 4.43s]
[0m11:33:57.797343 [debug] [Thread-2 (]: Finished running node model.dbt_olist_data_model.br_olist_sellers
[0m11:33:57.800338 [debug] [MainThread]: Connection 'master' was properly closed.
[0m11:33:57.801882 [debug] [MainThread]: Connection 'list_OLIST_DW' was left open.
[0m11:33:57.802792 [debug] [MainThread]: On list_OLIST_DW: Close
[0m11:33:58.655318 [debug] [MainThread]: Connection 'list_OLIST_DW_DBT_SCHEMA' was left open.
[0m11:33:58.660317 [debug] [MainThread]: On list_OLIST_DW_DBT_SCHEMA: Close
[0m11:33:59.307456 [debug] [MainThread]: Connection 'model.dbt_olist_data_model.br_olist_sellers' was left open.
[0m11:33:59.311584 [debug] [MainThread]: On model.dbt_olist_data_model.br_olist_sellers: Close
[0m11:33:59.941846 [info ] [MainThread]: 
[0m11:33:59.945911 [info ] [MainThread]: Finished running 9 incremental models in 0 hours 1 minutes and 0.30 seconds (60.30s).
[0m11:33:59.973963 [debug] [MainThread]: Command end result
[0m11:34:00.186666 [debug] [MainThread]: Wrote artifact WritableManifest to C:\Users\lenovo\Documents\Data_Engineering\Portfolio\Data-Migration-from-MySQL-Database-to-Migration-with-Full-CI-CD-Pipeline\dbt_olist_data_model\target\manifest.json
[0m11:34:00.195865 [debug] [MainThread]: Wrote artifact SemanticManifest to C:\Users\lenovo\Documents\Data_Engineering\Portfolio\Data-Migration-from-MySQL-Database-to-Migration-with-Full-CI-CD-Pipeline\dbt_olist_data_model\target\semantic_manifest.json
[0m11:34:00.207549 [debug] [MainThread]: Wrote artifact OsiDocument to C:\Users\lenovo\Documents\Data_Engineering\Portfolio\Data-Migration-from-MySQL-Database-to-Migration-with-Full-CI-CD-Pipeline\dbt_olist_data_model\target\osi_document.json
[0m11:34:00.228177 [debug] [MainThread]: Wrote artifact RunExecutionResult to C:\Users\lenovo\Documents\Data_Engineering\Portfolio\Data-Migration-from-MySQL-Database-to-Migration-with-Full-CI-CD-Pipeline\dbt_olist_data_model\target\run_results.json
[0m11:34:00.232177 [info ] [MainThread]: 
[0m11:34:00.237202 [info ] [MainThread]: [32mCompleted successfully[0m
[0m11:34:00.241587 [info ] [MainThread]: 
[0m11:34:00.244590 [info ] [MainThread]: Done. PASS=9 WARN=0 ERROR=0 SKIP=0 NO-OP=0 REUSED=0 TOTAL=9
[0m11:34:00.250885 [debug] [MainThread]: Command `dbt run` succeeded at 11:34:00.250885 after 65.48 seconds
[0m11:34:00.252590 [debug] [MainThread]: Sending event: {'category': 'dbt', 'action': 'invocation', 'label': 'end', 'context': [<snowplow_tracker.self_describing_json.SelfDescribingJson object at 0x0000024E052FCFD0>, <snowplow_tracker.self_describing_json.SelfDescribingJson object at 0x0000024E03CE6550>, <snowplow_tracker.self_describing_json.SelfDescribingJson object at 0x0000024E05393F10>]}
[0m11:34:00.259181 [debug] [MainThread]: Flushing usage events
[0m11:34:03.203346 [debug] [MainThread]: An error was encountered while trying to flush usage events
[0m11:43:34.170368 [debug] [MainThread]: Sending event: {'category': 'dbt', 'action': 'invocation', 'label': 'start', 'context': [<snowplow_tracker.self_describing_json.SelfDescribingJson object at 0x0000024CA3DB0A10>, <snowplow_tracker.self_describing_json.SelfDescribingJson object at 0x0000024CA3DA2F90>, <snowplow_tracker.self_describing_json.SelfDescribingJson object at 0x0000024CA3DCED90>]}


============================== 11:43:34.177368 | 2ff2e89f-e7cc-4558-b741-ac48fb72d01c ==============================
[0m11:43:34.177368 [info ] [MainThread]: Running with dbt=1.12.0
[0m11:43:34.179370 [debug] [MainThread]: running dbt with arguments {'static_parser': 'True', 'no_print': 'None', 'version_check': 'True', 'target_path': 'None', 'maximum_seed_size_mib': '1', 'warn_error_options': 'WarnErrorOptionsV2(error=[], warn=[], silence=[])', 'printer_width': '80', 'write_json': 'True', 'empty': 'False', 'log_cache_events': 'False', 'introspect': 'True', 'cache_selected_only': 'False', 'fail_fast': 'False', 'debug': 'False', 'log_format': 'default', 'profiles_dir': 'C:\\Users\\lenovo\\.dbt', 'send_anonymous_usage_stats': 'True', 'quiet': 'False', 'warn_error': 'None', 'partial_parse': 'True', 'invocation_command': 'dbt run --select bronze --full-refresh', 'hints_enabled': 'True', 'indirect_selection': 'eager', 'use_experimental_parser': 'False', 'use_colors': 'True', 'log_path': 'C:\\Users\\lenovo\\Documents\\Data_Engineering\\Portfolio\\Data-Migration-from-MySQL-Database-to-Migration-with-Full-CI-CD-Pipeline\\dbt_olist_data_model\\logs'}
[0m11:43:35.068371 [debug] [MainThread]: Snowflake adapter: Setting snowflake.connector to ERROR (file logging only)
[0m11:43:35.070370 [debug] [MainThread]: Snowflake adapter: Setting botocore to ERROR (file logging only)
[0m11:43:35.072366 [debug] [MainThread]: Snowflake adapter: Setting boto3 to ERROR (file logging only)
[0m11:43:35.641713 [debug] [MainThread]: Sending event: {'category': 'dbt', 'action': 'project_id', 'label': '2ff2e89f-e7cc-4558-b741-ac48fb72d01c', 'context': [<snowplow_tracker.self_describing_json.SelfDescribingJson object at 0x0000024CA52A5090>]}
[0m11:43:35.758708 [debug] [MainThread]: Sending event: {'category': 'dbt', 'action': 'adapter_info', 'label': '2ff2e89f-e7cc-4558-b741-ac48fb72d01c', 'context': [<snowplow_tracker.self_describing_json.SelfDescribingJson object at 0x0000024CA1928490>]}
[0m11:43:35.761705 [info ] [MainThread]: Registered adapter: snowflake=1.12.0
[0m11:43:36.486587 [debug] [MainThread]: checksum: fa19c417bd532b9cc714519aa84e06d9b91dd956fbccdd320c8e6f600c8f48a8, vars: {}, profile: dbt_olist_data_model, target: dev, version: 1.12.0
[0m11:43:36.785542 [debug] [MainThread]: Partial parsing enabled: 0 files deleted, 0 files added, 0 files changed.
[0m11:43:36.786544 [debug] [MainThread]: Nothing changed, skipping partial parsing.
[0m11:43:36.788545 [debug] [MainThread]: Partial parsing enabled, no changes found, skipping parsing
[0m11:43:36.800547 [warn ] [MainThread]: [[33mWARNING[0m]: Configuration paths exist in your dbt_project.yml file which do not apply to any resources.
There are 2 unused configuration paths:
- models.dbt_olist_data_model.gold
- models.dbt_olist_data_model.silver
[0m11:43:36.806546 [debug] [MainThread]: Sending event: {'category': 'dbt', 'action': 'load_project', 'label': '2ff2e89f-e7cc-4558-b741-ac48fb72d01c', 'context': [<snowplow_tracker.self_describing_json.SelfDescribingJson object at 0x0000024CA5819310>]}
[0m11:43:37.253554 [debug] [MainThread]: Wrote artifact WritableManifest to C:\Users\lenovo\Documents\Data_Engineering\Portfolio\Data-Migration-from-MySQL-Database-to-Migration-with-Full-CI-CD-Pipeline\dbt_olist_data_model\target\manifest.json
[0m11:43:37.263550 [debug] [MainThread]: Wrote artifact SemanticManifest to C:\Users\lenovo\Documents\Data_Engineering\Portfolio\Data-Migration-from-MySQL-Database-to-Migration-with-Full-CI-CD-Pipeline\dbt_olist_data_model\target\semantic_manifest.json
[0m11:43:37.364545 [debug] [MainThread]: Wrote artifact OsiDocument to C:\Users\lenovo\Documents\Data_Engineering\Portfolio\Data-Migration-from-MySQL-Database-to-Migration-with-Full-CI-CD-Pipeline\dbt_olist_data_model\target\osi_document.json
[0m11:43:37.463548 [debug] [MainThread]: Sending event: {'category': 'dbt', 'action': 'resource_counts', 'label': '2ff2e89f-e7cc-4558-b741-ac48fb72d01c', 'context': [<snowplow_tracker.self_describing_json.SelfDescribingJson object at 0x0000024CA3D8E790>]}
[0m11:43:37.465548 [info ] [MainThread]: Found 9 models, 9 sources, 546 macros
[0m11:43:37.466546 [debug] [MainThread]: Sending event: {'category': 'dbt', 'action': 'runnable_timing', 'label': '2ff2e89f-e7cc-4558-b741-ac48fb72d01c', 'context': [<snowplow_tracker.self_describing_json.SelfDescribingJson object at 0x0000024CA592DCD0>]}
[0m11:43:37.470550 [info ] [MainThread]: 
[0m11:43:37.473551 [info ] [MainThread]: Concurrency: 1 threads (target='dev')
[0m11:43:37.475546 [info ] [MainThread]: 
[0m11:43:37.478545 [debug] [MainThread]: Acquiring new snowflake connection 'master'
[0m11:43:37.502549 [debug] [ThreadPool]: Acquiring new snowflake connection 'list_OLIST_DW'
[0m11:43:37.534543 [debug] [ThreadPool]: Using snowflake connection "list_OLIST_DW"
[0m11:43:37.536545 [debug] [ThreadPool]: On list_OLIST_DW: show terse schemas in database OLIST_DW
    limit 10000
/* {"app": "dbt", "dbt_version": "1.12.0", "profile_name": "dbt_olist_data_model", "target_name": "dev", "connection_name": "list_OLIST_DW"} */
[0m11:43:37.537545 [debug] [ThreadPool]: Opening a new connection, currently in state init
[0m11:43:45.811473 [debug] [ThreadPool]: SQL status: SUCCESS 4 in 8.273 seconds
[0m11:43:45.814462 [debug] [ThreadPool]: Re-using an available connection from the pool (formerly list_OLIST_DW, now create_OLIST_DW_bronze)
[0m11:43:45.816434 [debug] [ThreadPool]: Creating schema "database: "OLIST_DW"
schema: "bronze"
"
[0m11:43:45.822430 [debug] [ThreadPool]: Using snowflake connection "create_OLIST_DW_bronze"
[0m11:43:45.823430 [debug] [ThreadPool]: On create_OLIST_DW_bronze: create schema if not exists OLIST_DW.bronze
/* {"app": "dbt", "dbt_version": "1.12.0", "profile_name": "dbt_olist_data_model", "target_name": "dev", "connection_name": "create_OLIST_DW_bronze"} */
[0m11:43:46.220461 [debug] [ThreadPool]: SQL status: SUCCESS 1 in 0.396 seconds
[0m11:43:46.235445 [debug] [ThreadPool]: Acquiring new snowflake connection 'list_OLIST_DW_bronze'
[0m11:43:46.256441 [debug] [ThreadPool]: Using snowflake connection "list_OLIST_DW_bronze"
[0m11:43:46.257442 [debug] [ThreadPool]: On list_OLIST_DW_bronze: show objects in OLIST_DW.bronze
    limit 10000
    

/* {"app": "dbt", "dbt_version": "1.12.0", "profile_name": "dbt_olist_data_model", "target_name": "dev", "connection_name": "list_OLIST_DW_bronze"} */;
[0m11:43:46.259447 [debug] [ThreadPool]: Opening a new connection, currently in state init
[0m11:43:47.754192 [debug] [ThreadPool]: SQL status: SUCCESS 0 in 1.495 seconds
[0m11:43:47.772197 [debug] [ThreadPool]: Using snowflake connection "list_OLIST_DW_bronze"
[0m11:43:47.777216 [debug] [ThreadPool]: On list_OLIST_DW_bronze: show user functions in OLIST_DW.bronze
/* {"app": "dbt", "dbt_version": "1.12.0", "profile_name": "dbt_olist_data_model", "target_name": "dev", "connection_name": "list_OLIST_DW_bronze"} */
[0m11:43:48.130192 [debug] [ThreadPool]: SQL status: SUCCESS 0 in 0.350 seconds
[0m11:43:48.150190 [debug] [MainThread]: Sending event: {'category': 'dbt', 'action': 'runnable_timing', 'label': '2ff2e89f-e7cc-4558-b741-ac48fb72d01c', 'context': [<snowplow_tracker.self_describing_json.SelfDescribingJson object at 0x0000024C9F346D10>]}
[0m11:43:48.318185 [debug] [Thread-2 (]: Began running node model.dbt_olist_data_model.br_olist_customers
[0m11:43:48.321192 [info ] [Thread-2 (]: 1 of 9 START sql incremental model bronze.br_olist_customers ................... [RUN]
[0m11:43:48.325197 [debug] [Thread-2 (]: Acquiring new snowflake connection 'model.dbt_olist_data_model.br_olist_customers'
[0m11:43:48.327187 [debug] [Thread-2 (]: Began compiling node model.dbt_olist_data_model.br_olist_customers
[0m11:43:48.382187 [debug] [Thread-2 (]: Writing injected SQL for node "model.dbt_olist_data_model.br_olist_customers"
[0m11:43:48.385185 [debug] [Thread-2 (]: Began executing node model.dbt_olist_data_model.br_olist_customers
[0m11:43:48.507182 [debug] [Thread-2 (]: Writing runtime sql for node "model.dbt_olist_data_model.br_olist_customers"
[0m11:43:48.511183 [debug] [Thread-2 (]: Using snowflake connection "model.dbt_olist_data_model.br_olist_customers"
[0m11:43:48.512180 [debug] [Thread-2 (]: On model.dbt_olist_data_model.br_olist_customers: create or replace transient table OLIST_DW.bronze.br_olist_customers
    
    
    
    
    

    as (

select
    customer_id,
    customer_unique_id,
    customer_zip_code_prefix,
    customer_city,
    customer_state,
    _ingested_at::timestamp_ntz as ingested_at
from olist_dw.raw.raw_olist_customers


    )

/* {"app": "dbt", "dbt_version": "1.12.0", "profile_name": "dbt_olist_data_model", "target_name": "dev", "node_id": "model.dbt_olist_data_model.br_olist_customers"} */;
[0m11:43:48.514184 [debug] [Thread-2 (]: Opening a new connection, currently in state init
[0m11:43:50.769031 [debug] [Thread-2 (]: SQL status: SUCCESS 99441 in 2.254 seconds
[0m11:43:50.789009 [debug] [Thread-2 (]: Applying DROP to: OLIST_DW.bronze.br_olist_customers__dbt_tmp
[0m11:43:50.800859 [debug] [Thread-2 (]: Using snowflake connection "model.dbt_olist_data_model.br_olist_customers"
[0m11:43:50.801860 [debug] [Thread-2 (]: On model.dbt_olist_data_model.br_olist_customers: drop view if exists OLIST_DW.bronze.br_olist_customers__dbt_tmp cascade
/* {"app": "dbt", "dbt_version": "1.12.0", "profile_name": "dbt_olist_data_model", "target_name": "dev", "node_id": "model.dbt_olist_data_model.br_olist_customers"} */
[0m11:43:51.109862 [debug] [Thread-2 (]: SQL status: SUCCESS 1 in 0.306 seconds
[0m11:43:51.162862 [debug] [Thread-2 (]: Sending event: {'category': 'dbt', 'action': 'run_model', 'label': '2ff2e89f-e7cc-4558-b741-ac48fb72d01c', 'context': [<snowplow_tracker.self_describing_json.SelfDescribingJson object at 0x0000024CA5960610>]}
[0m11:43:51.170862 [info ] [Thread-2 (]: 1 of 9 OK created sql incremental model bronze.br_olist_customers .............. [[32mSUCCESS 99441[0m in 2.83s]
[0m11:43:51.193866 [debug] [Thread-2 (]: Finished running node model.dbt_olist_data_model.br_olist_customers
[0m11:43:51.198860 [debug] [Thread-2 (]: Began running node model.dbt_olist_data_model.br_olist_geolocation
[0m11:43:51.199862 [info ] [Thread-2 (]: 2 of 9 START sql incremental model bronze.br_olist_geolocation ................. [RUN]
[0m11:43:51.203868 [debug] [Thread-2 (]: Re-using an available connection from the pool (formerly model.dbt_olist_data_model.br_olist_customers, now model.dbt_olist_data_model.br_olist_geolocation)
[0m11:43:51.206862 [debug] [Thread-2 (]: Began compiling node model.dbt_olist_data_model.br_olist_geolocation
[0m11:43:51.218865 [debug] [Thread-2 (]: Writing injected SQL for node "model.dbt_olist_data_model.br_olist_geolocation"
[0m11:43:51.225866 [debug] [Thread-2 (]: Began executing node model.dbt_olist_data_model.br_olist_geolocation
[0m11:43:51.236902 [debug] [Thread-2 (]: Writing runtime sql for node "model.dbt_olist_data_model.br_olist_geolocation"
[0m11:43:51.282858 [debug] [Thread-2 (]: Using snowflake connection "model.dbt_olist_data_model.br_olist_geolocation"
[0m11:43:51.290857 [debug] [Thread-2 (]: On model.dbt_olist_data_model.br_olist_geolocation: create or replace transient table OLIST_DW.bronze.br_olist_geolocation
    
    
    
    
    

    as (

select
    geolocation_id::number as geolocation_id,
    geolocation_zip_code_prefix,
    geolocation_lat::float as geolocation_lat,
    geolocation_lng::float as geolocation_lng,
    geolocation_city,
    geolocation_state,
    _ingested_at::timestamp_ntz as ingested_at
from olist_dw.raw.raw_olist_geolocation


    )

/* {"app": "dbt", "dbt_version": "1.12.0", "profile_name": "dbt_olist_data_model", "target_name": "dev", "node_id": "model.dbt_olist_data_model.br_olist_geolocation"} */;
[0m11:43:52.741745 [debug] [Thread-2 (]: SQL status: SUCCESS 1000163 in 1.422 seconds
[0m11:43:52.750732 [debug] [Thread-2 (]: Applying DROP to: OLIST_DW.bronze.br_olist_geolocation__dbt_tmp
[0m11:43:52.754638 [debug] [Thread-2 (]: Using snowflake connection "model.dbt_olist_data_model.br_olist_geolocation"
[0m11:43:52.756588 [debug] [Thread-2 (]: On model.dbt_olist_data_model.br_olist_geolocation: drop view if exists OLIST_DW.bronze.br_olist_geolocation__dbt_tmp cascade
/* {"app": "dbt", "dbt_version": "1.12.0", "profile_name": "dbt_olist_data_model", "target_name": "dev", "node_id": "model.dbt_olist_data_model.br_olist_geolocation"} */
[0m11:43:53.049126 [debug] [Thread-2 (]: SQL status: SUCCESS 1 in 0.290 seconds
[0m11:43:53.057125 [debug] [Thread-2 (]: Sending event: {'category': 'dbt', 'action': 'run_model', 'label': '2ff2e89f-e7cc-4558-b741-ac48fb72d01c', 'context': [<snowplow_tracker.self_describing_json.SelfDescribingJson object at 0x0000024CA5151E90>]}
[0m11:43:53.059123 [info ] [Thread-2 (]: 2 of 9 OK created sql incremental model bronze.br_olist_geolocation ............ [[32mSUCCESS 1000163[0m in 1.85s]
[0m11:43:53.061124 [debug] [Thread-2 (]: Finished running node model.dbt_olist_data_model.br_olist_geolocation
[0m11:43:53.062121 [debug] [Thread-2 (]: Began running node model.dbt_olist_data_model.br_olist_order_items
[0m11:43:53.064124 [info ] [Thread-2 (]: 3 of 9 START sql incremental model bronze.br_olist_order_items ................. [RUN]
[0m11:43:53.066125 [debug] [Thread-2 (]: Re-using an available connection from the pool (formerly model.dbt_olist_data_model.br_olist_geolocation, now model.dbt_olist_data_model.br_olist_order_items)
[0m11:43:53.070124 [debug] [Thread-2 (]: Began compiling node model.dbt_olist_data_model.br_olist_order_items
[0m11:43:53.080121 [debug] [Thread-2 (]: Writing injected SQL for node "model.dbt_olist_data_model.br_olist_order_items"
[0m11:43:53.084122 [debug] [Thread-2 (]: Began executing node model.dbt_olist_data_model.br_olist_order_items
[0m11:43:53.096121 [debug] [Thread-2 (]: Writing runtime sql for node "model.dbt_olist_data_model.br_olist_order_items"
[0m11:43:53.107123 [debug] [Thread-2 (]: Using snowflake connection "model.dbt_olist_data_model.br_olist_order_items"
[0m11:43:53.112122 [debug] [Thread-2 (]: On model.dbt_olist_data_model.br_olist_order_items: create or replace transient table OLIST_DW.bronze.br_olist_order_items
    
    
    
    
    

    as (

select
    order_id,
    order_item_id::number as order_item_id,
    product_id,
    seller_id,
    shipping_limit_date::timestamp_ntz as shipping_limit_date,
    price::number(10,2) as price,
    freight_value::number(10,2) as freight_value,
    _ingested_at::timestamp_ntz as ingested_at
from olist_dw.raw.raw_olist_order_items


    )

/* {"app": "dbt", "dbt_version": "1.12.0", "profile_name": "dbt_olist_data_model", "target_name": "dev", "node_id": "model.dbt_olist_data_model.br_olist_order_items"} */;
[0m11:43:55.014684 [debug] [Thread-2 (]: SQL status: SUCCESS 112650 in 1.900 seconds
[0m11:43:55.017676 [debug] [Thread-2 (]: Applying DROP to: OLIST_DW.bronze.br_olist_order_items__dbt_tmp
[0m11:43:55.019943 [debug] [Thread-2 (]: Using snowflake connection "model.dbt_olist_data_model.br_olist_order_items"
[0m11:43:55.020981 [debug] [Thread-2 (]: On model.dbt_olist_data_model.br_olist_order_items: drop view if exists OLIST_DW.bronze.br_olist_order_items__dbt_tmp cascade
/* {"app": "dbt", "dbt_version": "1.12.0", "profile_name": "dbt_olist_data_model", "target_name": "dev", "node_id": "model.dbt_olist_data_model.br_olist_order_items"} */
[0m11:43:55.341299 [debug] [Thread-2 (]: SQL status: SUCCESS 1 in 0.319 seconds
[0m11:43:55.346297 [debug] [Thread-2 (]: Sending event: {'category': 'dbt', 'action': 'run_model', 'label': '2ff2e89f-e7cc-4558-b741-ac48fb72d01c', 'context': [<snowplow_tracker.self_describing_json.SelfDescribingJson object at 0x0000024CA6B57ED0>]}
[0m11:43:55.349299 [info ] [Thread-2 (]: 3 of 9 OK created sql incremental model bronze.br_olist_order_items ............ [[32mSUCCESS 112650[0m in 2.28s]
[0m11:43:55.352334 [debug] [Thread-2 (]: Finished running node model.dbt_olist_data_model.br_olist_order_items
[0m11:43:55.354299 [debug] [Thread-2 (]: Began running node model.dbt_olist_data_model.br_olist_order_payments
[0m11:43:55.356334 [info ] [Thread-2 (]: 4 of 9 START sql incremental model bronze.br_olist_order_payments .............. [RUN]
[0m11:43:55.358297 [debug] [Thread-2 (]: Re-using an available connection from the pool (formerly model.dbt_olist_data_model.br_olist_order_items, now model.dbt_olist_data_model.br_olist_order_payments)
[0m11:43:55.361299 [debug] [Thread-2 (]: Began compiling node model.dbt_olist_data_model.br_olist_order_payments
[0m11:43:55.370295 [debug] [Thread-2 (]: Writing injected SQL for node "model.dbt_olist_data_model.br_olist_order_payments"
[0m11:43:55.373297 [debug] [Thread-2 (]: Began executing node model.dbt_olist_data_model.br_olist_order_payments
[0m11:43:55.378295 [debug] [Thread-2 (]: Writing runtime sql for node "model.dbt_olist_data_model.br_olist_order_payments"
[0m11:43:55.383302 [debug] [Thread-2 (]: Using snowflake connection "model.dbt_olist_data_model.br_olist_order_payments"
[0m11:43:55.385297 [debug] [Thread-2 (]: On model.dbt_olist_data_model.br_olist_order_payments: create or replace transient table OLIST_DW.bronze.br_olist_order_payments
    
    
    
    
    

    as (
select
    payment_id::number as payment_id,
    order_id,
    payment_sequential::number as payment_sequential,
    payment_type,
    payment_installments::number as payment_installments,
    payment_value::number(10,2) as payment_value,
    _ingested_at::timestamp_ntz as ingested_at
from olist_dw.raw.raw_olist_order_payments


    )

/* {"app": "dbt", "dbt_version": "1.12.0", "profile_name": "dbt_olist_data_model", "target_name": "dev", "node_id": "model.dbt_olist_data_model.br_olist_order_payments"} */;
[0m11:43:56.613305 [debug] [Thread-2 (]: SQL status: SUCCESS 103886 in 1.226 seconds
[0m11:43:56.625311 [debug] [Thread-2 (]: Applying DROP to: OLIST_DW.bronze.br_olist_order_payments__dbt_tmp
[0m11:43:56.633316 [debug] [Thread-2 (]: Using snowflake connection "model.dbt_olist_data_model.br_olist_order_payments"
[0m11:43:56.635852 [debug] [Thread-2 (]: On model.dbt_olist_data_model.br_olist_order_payments: drop view if exists OLIST_DW.bronze.br_olist_order_payments__dbt_tmp cascade
/* {"app": "dbt", "dbt_version": "1.12.0", "profile_name": "dbt_olist_data_model", "target_name": "dev", "node_id": "model.dbt_olist_data_model.br_olist_order_payments"} */
[0m11:43:56.922667 [debug] [Thread-2 (]: SQL status: SUCCESS 1 in 0.283 seconds
[0m11:43:56.929666 [debug] [Thread-2 (]: Sending event: {'category': 'dbt', 'action': 'run_model', 'label': '2ff2e89f-e7cc-4558-b741-ac48fb72d01c', 'context': [<snowplow_tracker.self_describing_json.SelfDescribingJson object at 0x0000024CA6B4A950>]}
[0m11:43:56.932669 [info ] [Thread-2 (]: 4 of 9 OK created sql incremental model bronze.br_olist_order_payments ......... [[32mSUCCESS 103886[0m in 1.57s]
[0m11:43:56.934666 [debug] [Thread-2 (]: Finished running node model.dbt_olist_data_model.br_olist_order_payments
[0m11:43:56.936668 [debug] [Thread-2 (]: Began running node model.dbt_olist_data_model.br_olist_order_reviews
[0m11:43:56.937666 [info ] [Thread-2 (]: 5 of 9 START sql incremental model bronze.br_olist_order_reviews ............... [RUN]
[0m11:43:56.940668 [debug] [Thread-2 (]: Re-using an available connection from the pool (formerly model.dbt_olist_data_model.br_olist_order_payments, now model.dbt_olist_data_model.br_olist_order_reviews)
[0m11:43:56.947676 [debug] [Thread-2 (]: Began compiling node model.dbt_olist_data_model.br_olist_order_reviews
[0m11:43:56.957674 [debug] [Thread-2 (]: Writing injected SQL for node "model.dbt_olist_data_model.br_olist_order_reviews"
[0m11:43:56.960667 [debug] [Thread-2 (]: Began executing node model.dbt_olist_data_model.br_olist_order_reviews
[0m11:43:56.970666 [debug] [Thread-2 (]: Writing runtime sql for node "model.dbt_olist_data_model.br_olist_order_reviews"
[0m11:43:56.975666 [debug] [Thread-2 (]: Using snowflake connection "model.dbt_olist_data_model.br_olist_order_reviews"
[0m11:43:56.977667 [debug] [Thread-2 (]: On model.dbt_olist_data_model.br_olist_order_reviews: create or replace transient table OLIST_DW.bronze.br_olist_order_reviews
    
    
    
    
    

    as (

select
    review_pk_id::number as review_pk_id,
    review_id,
    order_id,
    review_score::number as review_score,
    review_comment_title,
    review_comment_message,
    try_to_timestamp_ntz(review_creation_date) as review_creation_date,
    try_to_timestamp_ntz(review_answer_timestamp) as review_answer_timestamp,
    _ingested_at::timestamp_ntz as ingested_at
from olist_dw.raw.raw_olist_order_reviews


    )

/* {"app": "dbt", "dbt_version": "1.12.0", "profile_name": "dbt_olist_data_model", "target_name": "dev", "node_id": "model.dbt_olist_data_model.br_olist_order_reviews"} */;
[0m11:43:58.539750 [debug] [Thread-2 (]: SQL status: SUCCESS 99223 in 1.559 seconds
[0m11:43:58.545747 [debug] [Thread-2 (]: Applying DROP to: OLIST_DW.bronze.br_olist_order_reviews__dbt_tmp
[0m11:43:58.558748 [debug] [Thread-2 (]: Using snowflake connection "model.dbt_olist_data_model.br_olist_order_reviews"
[0m11:43:58.569744 [debug] [Thread-2 (]: On model.dbt_olist_data_model.br_olist_order_reviews: drop view if exists OLIST_DW.bronze.br_olist_order_reviews__dbt_tmp cascade
/* {"app": "dbt", "dbt_version": "1.12.0", "profile_name": "dbt_olist_data_model", "target_name": "dev", "node_id": "model.dbt_olist_data_model.br_olist_order_reviews"} */
[0m11:43:58.892835 [debug] [Thread-2 (]: SQL status: SUCCESS 1 in 0.298 seconds
[0m11:43:58.900838 [debug] [Thread-2 (]: Sending event: {'category': 'dbt', 'action': 'run_model', 'label': '2ff2e89f-e7cc-4558-b741-ac48fb72d01c', 'context': [<snowplow_tracker.self_describing_json.SelfDescribingJson object at 0x0000024CA6C55ED0>]}
[0m11:43:58.903846 [info ] [Thread-2 (]: 5 of 9 OK created sql incremental model bronze.br_olist_order_reviews .......... [[32mSUCCESS 99223[0m in 1.96s]
[0m11:43:58.904836 [debug] [Thread-2 (]: Finished running node model.dbt_olist_data_model.br_olist_order_reviews
[0m11:43:58.908881 [debug] [Thread-2 (]: Began running node model.dbt_olist_data_model.br_olist_orders
[0m11:43:58.911839 [info ] [Thread-2 (]: 6 of 9 START sql incremental model bronze.br_olist_orders ...................... [RUN]
[0m11:43:58.924837 [debug] [Thread-2 (]: Re-using an available connection from the pool (formerly model.dbt_olist_data_model.br_olist_order_reviews, now model.dbt_olist_data_model.br_olist_orders)
[0m11:43:58.938873 [debug] [Thread-2 (]: Began compiling node model.dbt_olist_data_model.br_olist_orders
[0m11:43:58.954836 [debug] [Thread-2 (]: Writing injected SQL for node "model.dbt_olist_data_model.br_olist_orders"
[0m11:43:58.960836 [debug] [Thread-2 (]: Began executing node model.dbt_olist_data_model.br_olist_orders
[0m11:43:58.978871 [debug] [Thread-2 (]: Writing runtime sql for node "model.dbt_olist_data_model.br_olist_orders"
[0m11:43:58.988835 [debug] [Thread-2 (]: Using snowflake connection "model.dbt_olist_data_model.br_olist_orders"
[0m11:43:58.989838 [debug] [Thread-2 (]: On model.dbt_olist_data_model.br_olist_orders: create or replace transient table OLIST_DW.bronze.br_olist_orders
    
    
    
    
    

    as (

select
    order_id,
    customer_id,
    order_status,
    try_to_timestamp_ntz(order_purchase_timestamp) as order_purchase_timestamp,
    try_to_timestamp_ntz(order_approved_at) as order_approved_at,
    try_to_timestamp_ntz(order_delivered_carrier_date) as order_delivered_carrier_date,
    try_to_timestamp_ntz(order_delivered_customer_date) as order_delivered_customer_date,
    try_to_timestamp_ntz(order_estimated_delivery_date) as order_estimated_delivery_date,
    _ingested_at::timestamp_ntz as ingested_at
from olist_dw.raw.raw_olist_orders


    )

/* {"app": "dbt", "dbt_version": "1.12.0", "profile_name": "dbt_olist_data_model", "target_name": "dev", "node_id": "model.dbt_olist_data_model.br_olist_orders"} */;
[0m11:44:00.465370 [debug] [Thread-2 (]: SQL status: SUCCESS 99441 in 1.473 seconds
[0m11:44:00.474419 [debug] [Thread-2 (]: Applying DROP to: OLIST_DW.bronze.br_olist_orders__dbt_tmp
[0m11:44:00.477407 [debug] [Thread-2 (]: Using snowflake connection "model.dbt_olist_data_model.br_olist_orders"
[0m11:44:00.479354 [debug] [Thread-2 (]: On model.dbt_olist_data_model.br_olist_orders: drop view if exists OLIST_DW.bronze.br_olist_orders__dbt_tmp cascade
/* {"app": "dbt", "dbt_version": "1.12.0", "profile_name": "dbt_olist_data_model", "target_name": "dev", "node_id": "model.dbt_olist_data_model.br_olist_orders"} */
[0m11:44:00.820772 [debug] [Thread-2 (]: SQL status: SUCCESS 1 in 0.339 seconds
[0m11:44:00.830761 [debug] [Thread-2 (]: Sending event: {'category': 'dbt', 'action': 'run_model', 'label': '2ff2e89f-e7cc-4558-b741-ac48fb72d01c', 'context': [<snowplow_tracker.self_describing_json.SelfDescribingJson object at 0x0000024CA6C16810>]}
[0m11:44:00.833751 [info ] [Thread-2 (]: 6 of 9 OK created sql incremental model bronze.br_olist_orders ................. [[32mSUCCESS 99441[0m in 1.91s]
[0m11:44:00.837301 [debug] [Thread-2 (]: Finished running node model.dbt_olist_data_model.br_olist_orders
[0m11:44:00.839298 [debug] [Thread-2 (]: Began running node model.dbt_olist_data_model.br_olist_product_category_translation
[0m11:44:00.841299 [info ] [Thread-2 (]: 7 of 9 START sql incremental model bronze.br_olist_product_category_translation  [RUN]
[0m11:44:00.843187 [debug] [Thread-2 (]: Re-using an available connection from the pool (formerly model.dbt_olist_data_model.br_olist_orders, now model.dbt_olist_data_model.br_olist_product_category_translation)
[0m11:44:00.845195 [debug] [Thread-2 (]: Began compiling node model.dbt_olist_data_model.br_olist_product_category_translation
[0m11:44:00.851193 [debug] [Thread-2 (]: Writing injected SQL for node "model.dbt_olist_data_model.br_olist_product_category_translation"
[0m11:44:00.854193 [debug] [Thread-2 (]: Began executing node model.dbt_olist_data_model.br_olist_product_category_translation
[0m11:44:00.859187 [debug] [Thread-2 (]: Writing runtime sql for node "model.dbt_olist_data_model.br_olist_product_category_translation"
[0m11:44:00.861786 [debug] [Thread-2 (]: Using snowflake connection "model.dbt_olist_data_model.br_olist_product_category_translation"
[0m11:44:00.862785 [debug] [Thread-2 (]: On model.dbt_olist_data_model.br_olist_product_category_translation: create or replace transient table OLIST_DW.bronze.br_olist_product_category_translation
    
    
    
    
    

    as (

select
    product_category_id::number as product_category_id,
    product_category_name,
    product_category_name_english,
    _ingested_at::timestamp_ntz as ingested_at
from olist_dw.raw.raw_olist_product_category_translation


    )

/* {"app": "dbt", "dbt_version": "1.12.0", "profile_name": "dbt_olist_data_model", "target_name": "dev", "node_id": "model.dbt_olist_data_model.br_olist_product_category_translation"} */;
[0m11:44:02.478435 [debug] [Thread-2 (]: SQL status: SUCCESS 71 in 1.612 seconds
[0m11:44:02.486424 [debug] [Thread-2 (]: Applying DROP to: OLIST_DW.bronze.br_olist_product_category_translation__dbt_tmp
[0m11:44:02.490688 [debug] [Thread-2 (]: Using snowflake connection "model.dbt_olist_data_model.br_olist_product_category_translation"
[0m11:44:02.492647 [debug] [Thread-2 (]: On model.dbt_olist_data_model.br_olist_product_category_translation: drop view if exists OLIST_DW.bronze.br_olist_product_category_translation__dbt_tmp cascade
/* {"app": "dbt", "dbt_version": "1.12.0", "profile_name": "dbt_olist_data_model", "target_name": "dev", "node_id": "model.dbt_olist_data_model.br_olist_product_category_translation"} */
[0m11:44:02.794529 [debug] [Thread-2 (]: SQL status: SUCCESS 1 in 0.300 seconds
[0m11:44:02.803513 [debug] [Thread-2 (]: Sending event: {'category': 'dbt', 'action': 'run_model', 'label': '2ff2e89f-e7cc-4558-b741-ac48fb72d01c', 'context': [<snowplow_tracker.self_describing_json.SelfDescribingJson object at 0x0000024CA6C55050>]}
[0m11:44:02.805445 [info ] [Thread-2 (]: 7 of 9 OK created sql incremental model bronze.br_olist_product_category_translation  [[32mSUCCESS 71[0m in 1.96s]
[0m11:44:02.808438 [debug] [Thread-2 (]: Finished running node model.dbt_olist_data_model.br_olist_product_category_translation
[0m11:44:02.811117 [debug] [Thread-2 (]: Began running node model.dbt_olist_data_model.br_olist_products
[0m11:44:02.813114 [info ] [Thread-2 (]: 8 of 9 START sql incremental model bronze.br_olist_products .................... [RUN]
[0m11:44:02.816108 [debug] [Thread-2 (]: Re-using an available connection from the pool (formerly model.dbt_olist_data_model.br_olist_product_category_translation, now model.dbt_olist_data_model.br_olist_products)
[0m11:44:02.818114 [debug] [Thread-2 (]: Began compiling node model.dbt_olist_data_model.br_olist_products
[0m11:44:02.824564 [debug] [Thread-2 (]: Writing injected SQL for node "model.dbt_olist_data_model.br_olist_products"
[0m11:44:02.827532 [debug] [Thread-2 (]: Began executing node model.dbt_olist_data_model.br_olist_products
[0m11:44:02.835729 [debug] [Thread-2 (]: Writing runtime sql for node "model.dbt_olist_data_model.br_olist_products"
[0m11:44:02.839700 [debug] [Thread-2 (]: Using snowflake connection "model.dbt_olist_data_model.br_olist_products"
[0m11:44:02.840797 [debug] [Thread-2 (]: On model.dbt_olist_data_model.br_olist_products: create or replace transient table OLIST_DW.bronze.br_olist_products
    
    
    
    
    

    as (

select
    product_id,
    product_category_name,
    try_to_number(product_name_lenght) as product_name_length,
    try_to_number(product_description_lenght) as product_description_length,
    try_to_number(product_photos_qty) as product_photos_qty,
    try_to_number(product_weight_g) as product_weight_g,
    try_to_number(product_length_cm) as product_length_cm,
    try_to_number(product_height_cm) as product_height_cm,
    try_to_number(product_width_cm) as product_width_cm,
    _ingested_at::timestamp_ntz as ingested_at
from olist_dw.raw.raw_olist_products


    )

/* {"app": "dbt", "dbt_version": "1.12.0", "profile_name": "dbt_olist_data_model", "target_name": "dev", "node_id": "model.dbt_olist_data_model.br_olist_products"} */;
[0m11:44:03.980678 [debug] [Thread-2 (]: SQL status: SUCCESS 32951 in 1.137 seconds
[0m11:44:03.990626 [debug] [Thread-2 (]: Applying DROP to: OLIST_DW.bronze.br_olist_products__dbt_tmp
[0m11:44:03.994616 [debug] [Thread-2 (]: Using snowflake connection "model.dbt_olist_data_model.br_olist_products"
[0m11:44:03.996615 [debug] [Thread-2 (]: On model.dbt_olist_data_model.br_olist_products: drop view if exists OLIST_DW.bronze.br_olist_products__dbt_tmp cascade
/* {"app": "dbt", "dbt_version": "1.12.0", "profile_name": "dbt_olist_data_model", "target_name": "dev", "node_id": "model.dbt_olist_data_model.br_olist_products"} */
[0m11:44:04.391417 [debug] [Thread-2 (]: SQL status: SUCCESS 1 in 0.393 seconds
[0m11:44:04.398414 [debug] [Thread-2 (]: Sending event: {'category': 'dbt', 'action': 'run_model', 'label': '2ff2e89f-e7cc-4558-b741-ac48fb72d01c', 'context': [<snowplow_tracker.self_describing_json.SelfDescribingJson object at 0x0000024CA5700710>]}
[0m11:44:04.411413 [info ] [Thread-2 (]: 8 of 9 OK created sql incremental model bronze.br_olist_products ............... [[32mSUCCESS 32951[0m in 1.58s]
[0m11:44:04.417411 [debug] [Thread-2 (]: Finished running node model.dbt_olist_data_model.br_olist_products
[0m11:44:04.421413 [debug] [Thread-2 (]: Began running node model.dbt_olist_data_model.br_olist_sellers
[0m11:44:04.437417 [info ] [Thread-2 (]: 9 of 9 START sql incremental model bronze.br_olist_sellers ..................... [RUN]
[0m11:44:04.454415 [debug] [Thread-2 (]: Re-using an available connection from the pool (formerly model.dbt_olist_data_model.br_olist_products, now model.dbt_olist_data_model.br_olist_sellers)
[0m11:44:04.456412 [debug] [Thread-2 (]: Began compiling node model.dbt_olist_data_model.br_olist_sellers
[0m11:44:04.469412 [debug] [Thread-2 (]: Writing injected SQL for node "model.dbt_olist_data_model.br_olist_sellers"
[0m11:44:04.473413 [debug] [Thread-2 (]: Began executing node model.dbt_olist_data_model.br_olist_sellers
[0m11:44:04.488413 [debug] [Thread-2 (]: Writing runtime sql for node "model.dbt_olist_data_model.br_olist_sellers"
[0m11:44:04.493413 [debug] [Thread-2 (]: Using snowflake connection "model.dbt_olist_data_model.br_olist_sellers"
[0m11:44:04.496414 [debug] [Thread-2 (]: On model.dbt_olist_data_model.br_olist_sellers: create or replace transient table OLIST_DW.bronze.br_olist_sellers
    
    
    
    
    

    as (

select
    seller_id,
    seller_zip_code_prefix,
    seller_city,
    seller_state,
    _ingested_at::timestamp_ntz as ingested_at
from olist_dw.raw.raw_olist_sellers


    )

/* {"app": "dbt", "dbt_version": "1.12.0", "profile_name": "dbt_olist_data_model", "target_name": "dev", "node_id": "model.dbt_olist_data_model.br_olist_sellers"} */;
[0m11:44:05.577177 [debug] [Thread-2 (]: SQL status: SUCCESS 3095 in 1.076 seconds
[0m11:44:05.581820 [debug] [Thread-2 (]: Applying DROP to: OLIST_DW.bronze.br_olist_sellers__dbt_tmp
[0m11:44:05.585484 [debug] [Thread-2 (]: Using snowflake connection "model.dbt_olist_data_model.br_olist_sellers"
[0m11:44:05.588016 [debug] [Thread-2 (]: On model.dbt_olist_data_model.br_olist_sellers: drop view if exists OLIST_DW.bronze.br_olist_sellers__dbt_tmp cascade
/* {"app": "dbt", "dbt_version": "1.12.0", "profile_name": "dbt_olist_data_model", "target_name": "dev", "node_id": "model.dbt_olist_data_model.br_olist_sellers"} */
[0m11:44:05.904882 [debug] [Thread-2 (]: SQL status: SUCCESS 1 in 0.314 seconds
[0m11:44:05.914871 [debug] [Thread-2 (]: Sending event: {'category': 'dbt', 'action': 'run_model', 'label': '2ff2e89f-e7cc-4558-b741-ac48fb72d01c', 'context': [<snowplow_tracker.self_describing_json.SelfDescribingJson object at 0x0000024CA574DD50>]}
[0m11:44:05.918836 [info ] [Thread-2 (]: 9 of 9 OK created sql incremental model bronze.br_olist_sellers ................ [[32mSUCCESS 3095[0m in 1.46s]
[0m11:44:05.922008 [debug] [Thread-2 (]: Finished running node model.dbt_olist_data_model.br_olist_sellers
[0m11:44:05.926034 [debug] [MainThread]: Connection 'master' was properly closed.
[0m11:44:05.928006 [debug] [MainThread]: Connection 'create_OLIST_DW_bronze' was left open.
[0m11:44:05.930006 [debug] [MainThread]: On create_OLIST_DW_bronze: Close
[0m11:44:06.567467 [debug] [MainThread]: Connection 'list_OLIST_DW_bronze' was left open.
[0m11:44:06.568466 [debug] [MainThread]: On list_OLIST_DW_bronze: Close
[0m11:44:07.208210 [debug] [MainThread]: Connection 'model.dbt_olist_data_model.br_olist_sellers' was left open.
[0m11:44:07.208210 [debug] [MainThread]: On model.dbt_olist_data_model.br_olist_sellers: Close
[0m11:44:07.998841 [info ] [MainThread]: 
[0m11:44:08.000843 [info ] [MainThread]: Finished running 9 incremental models in 0 hours 0 minutes and 30.52 seconds (30.52s).
[0m11:44:08.007842 [debug] [MainThread]: Command end result
[0m11:44:08.126360 [debug] [MainThread]: Wrote artifact WritableManifest to C:\Users\lenovo\Documents\Data_Engineering\Portfolio\Data-Migration-from-MySQL-Database-to-Migration-with-Full-CI-CD-Pipeline\dbt_olist_data_model\target\manifest.json
[0m11:44:08.132361 [debug] [MainThread]: Wrote artifact SemanticManifest to C:\Users\lenovo\Documents\Data_Engineering\Portfolio\Data-Migration-from-MySQL-Database-to-Migration-with-Full-CI-CD-Pipeline\dbt_olist_data_model\target\semantic_manifest.json
[0m11:44:08.142358 [debug] [MainThread]: Wrote artifact OsiDocument to C:\Users\lenovo\Documents\Data_Engineering\Portfolio\Data-Migration-from-MySQL-Database-to-Migration-with-Full-CI-CD-Pipeline\dbt_olist_data_model\target\osi_document.json
[0m11:44:08.167359 [debug] [MainThread]: Wrote artifact RunExecutionResult to C:\Users\lenovo\Documents\Data_Engineering\Portfolio\Data-Migration-from-MySQL-Database-to-Migration-with-Full-CI-CD-Pipeline\dbt_olist_data_model\target\run_results.json
[0m11:44:08.173364 [info ] [MainThread]: 
[0m11:44:08.175360 [info ] [MainThread]: [32mCompleted successfully[0m
[0m11:44:08.177359 [info ] [MainThread]: 
[0m11:44:08.179365 [info ] [MainThread]: Done. PASS=9 WARN=0 ERROR=0 SKIP=0 NO-OP=0 REUSED=0 TOTAL=9
[0m11:44:08.182365 [debug] [MainThread]: Command `dbt run` succeeded at 11:44:08.182365 after 34.27 seconds
[0m11:44:08.183362 [debug] [MainThread]: Sending event: {'category': 'dbt', 'action': 'invocation', 'label': 'end', 'context': [<snowplow_tracker.self_describing_json.SelfDescribingJson object at 0x0000024CA3C05550>, <snowplow_tracker.self_describing_json.SelfDescribingJson object at 0x0000024CA3CC3C90>, <snowplow_tracker.self_describing_json.SelfDescribingJson object at 0x0000024CA3CDD390>]}
[0m11:44:08.187426 [debug] [MainThread]: Flushing usage events
[0m11:44:10.942398 [debug] [MainThread]: An error was encountered while trying to flush usage events
[0m11:36:44.047246 [debug] [MainThread]: Sending event: {'category': 'dbt', 'action': 'invocation', 'label': 'start', 'context': [<snowplow_tracker.self_describing_json.SelfDescribingJson object at 0x000001BC719B0890>, <snowplow_tracker.self_describing_json.SelfDescribingJson object at 0x000001BC71B41610>, <snowplow_tracker.self_describing_json.SelfDescribingJson object at 0x000001BC71B5BBD0>]}


============================== 11:36:44.072319 | c1e9fc50-3041-42c9-b7d3-1b5782fd75de ==============================
[0m11:36:44.072319 [info ] [MainThread]: Running with dbt=1.12.0
[0m11:36:44.079019 [debug] [MainThread]: running dbt with arguments {'static_parser': 'True', 'no_print': 'None', 'maximum_seed_size_mib': '1', 'warn_error_options': 'WarnErrorOptionsV2(error=[], warn=[], silence=[])', 'target_path': 'None', 'version_check': 'True', 'printer_width': '80', 'write_json': 'True', 'empty': 'False', 'log_cache_events': 'False', 'introspect': 'True', 'cache_selected_only': 'False', 'log_format': 'default', 'debug': 'False', 'fail_fast': 'False', 'profiles_dir': 'C:\\Users\\lenovo\\.dbt', 'send_anonymous_usage_stats': 'True', 'quiet': 'False', 'warn_error': 'None', 'partial_parse': 'True', 'indirect_selection': 'eager', 'hints_enabled': 'True', 'use_colors': 'True', 'use_experimental_parser': 'False', 'invocation_command': 'dbt compile', 'log_path': 'C:\\Users\\lenovo\\Documents\\Data_Engineering\\Portfolio\\Data-Migration-from-MySQL-Database-to-Migration-with-Full-CI-CD-Pipeline\\dbt_olist_data_model\\logs'}
[0m11:36:49.647118 [debug] [MainThread]: Snowflake adapter: Setting snowflake.connector to ERROR (file logging only)
[0m11:36:49.652318 [debug] [MainThread]: Snowflake adapter: Setting botocore to ERROR (file logging only)
[0m11:36:49.655660 [debug] [MainThread]: Snowflake adapter: Setting boto3 to ERROR (file logging only)
[0m11:36:52.018723 [debug] [MainThread]: Sending event: {'category': 'dbt', 'action': 'project_id', 'label': 'c1e9fc50-3041-42c9-b7d3-1b5782fd75de', 'context': [<snowplow_tracker.self_describing_json.SelfDescribingJson object at 0x000001BC72EBF750>]}
[0m11:36:52.283279 [debug] [MainThread]: Sending event: {'category': 'dbt', 'action': 'adapter_info', 'label': 'c1e9fc50-3041-42c9-b7d3-1b5782fd75de', 'context': [<snowplow_tracker.self_describing_json.SelfDescribingJson object at 0x000001BC6F6B8310>]}
[0m11:36:52.292801 [info ] [MainThread]: Registered adapter: snowflake=1.12.0
[0m11:36:55.188645 [debug] [MainThread]: checksum: fa19c417bd532b9cc714519aa84e06d9b91dd956fbccdd320c8e6f600c8f48a8, vars: {}, profile: dbt_olist_data_model, target: dev, version: 1.12.0
[0m11:36:55.992119 [debug] [MainThread]: Partial parsing enabled: 0 files deleted, 0 files added, 0 files changed.
[0m11:36:56.002114 [debug] [MainThread]: Nothing changed, skipping partial parsing.
[0m11:36:56.006112 [debug] [MainThread]: Partial parsing enabled, no changes found, skipping parsing
[0m11:36:56.042659 [warn ] [MainThread]: [[33mWARNING[0m]: Configuration paths exist in your dbt_project.yml file which do not apply to any resources.
There are 1 unused configuration paths:
- models.dbt_olist_data_model.gold
[0m11:36:56.105805 [debug] [MainThread]: Sending event: {'category': 'dbt', 'action': 'load_project', 'label': 'c1e9fc50-3041-42c9-b7d3-1b5782fd75de', 'context': [<snowplow_tracker.self_describing_json.SelfDescribingJson object at 0x000001BC6F762590>]}
[0m11:36:56.738195 [debug] [MainThread]: Wrote artifact WritableManifest to C:\Users\lenovo\Documents\Data_Engineering\Portfolio\Data-Migration-from-MySQL-Database-to-Migration-with-Full-CI-CD-Pipeline\dbt_olist_data_model\target\manifest.json
[0m11:36:56.751318 [debug] [MainThread]: Wrote artifact SemanticManifest to C:\Users\lenovo\Documents\Data_Engineering\Portfolio\Data-Migration-from-MySQL-Database-to-Migration-with-Full-CI-CD-Pipeline\dbt_olist_data_model\target\semantic_manifest.json
[0m11:36:57.580426 [debug] [MainThread]: Wrote artifact OsiDocument to C:\Users\lenovo\Documents\Data_Engineering\Portfolio\Data-Migration-from-MySQL-Database-to-Migration-with-Full-CI-CD-Pipeline\dbt_olist_data_model\target\osi_document.json
[0m11:36:57.656395 [debug] [MainThread]: Sending event: {'category': 'dbt', 'action': 'resource_counts', 'label': 'c1e9fc50-3041-42c9-b7d3-1b5782fd75de', 'context': [<snowplow_tracker.self_describing_json.SelfDescribingJson object at 0x000001BC71B106D0>]}
[0m11:36:57.657395 [info ] [MainThread]: Found 17 models, 9 sources, 546 macros
[0m11:36:57.659481 [debug] [MainThread]: Sending event: {'category': 'dbt', 'action': 'runnable_timing', 'label': 'c1e9fc50-3041-42c9-b7d3-1b5782fd75de', 'context': [<snowplow_tracker.self_describing_json.SelfDescribingJson object at 0x000001BC701F0350>]}
[0m11:36:57.674379 [info ] [MainThread]: 
[0m11:36:57.682414 [info ] [MainThread]: Concurrency: 1 threads (target='dev')
[0m11:36:57.705144 [info ] [MainThread]: 
[0m11:36:57.737504 [debug] [MainThread]: Acquiring new snowflake connection 'master'
[0m11:36:57.802699 [debug] [ThreadPool]: Acquiring new snowflake connection 'list_OLIST_DW_bronze'
[0m11:36:57.864449 [debug] [ThreadPool]: Using snowflake connection "list_OLIST_DW_bronze"
[0m11:36:57.868397 [debug] [ThreadPool]: On list_OLIST_DW_bronze: show objects in OLIST_DW.bronze
    limit 10000
    

/* {"app": "dbt", "dbt_version": "1.12.0", "profile_name": "dbt_olist_data_model", "target_name": "dev", "connection_name": "list_OLIST_DW_bronze"} */;
[0m11:36:57.869411 [debug] [ThreadPool]: Opening a new connection, currently in state init
[0m11:37:11.060155 [debug] [ThreadPool]: SQL status: SUCCESS 9 in 13.190 seconds
[0m11:37:11.115295 [debug] [ThreadPool]: Using snowflake connection "list_OLIST_DW_bronze"
[0m11:37:11.120515 [debug] [ThreadPool]: On list_OLIST_DW_bronze: show user functions in OLIST_DW.bronze
/* {"app": "dbt", "dbt_version": "1.12.0", "profile_name": "dbt_olist_data_model", "target_name": "dev", "connection_name": "list_OLIST_DW_bronze"} */
[0m11:37:11.646936 [debug] [ThreadPool]: SQL status: SUCCESS 0 in 0.521 seconds
[0m11:37:11.652630 [debug] [ThreadPool]: Re-using an available connection from the pool (formerly list_OLIST_DW_bronze, now list_OLIST_DW_silver)
[0m11:37:11.660496 [debug] [ThreadPool]: Using snowflake connection "list_OLIST_DW_silver"
[0m11:37:11.662531 [debug] [ThreadPool]: On list_OLIST_DW_silver: show objects in OLIST_DW.silver
    limit 10000
    

/* {"app": "dbt", "dbt_version": "1.12.0", "profile_name": "dbt_olist_data_model", "target_name": "dev", "connection_name": "list_OLIST_DW_silver"} */;
[0m11:37:12.203160 [debug] [ThreadPool]: Snowflake adapter: Snowflake query id: 01c6131b-040b-706f-0004-142a0003e23a
[0m11:37:12.207158 [debug] [ThreadPool]: Snowflake adapter: Snowflake error: 002043 (02000): SQL compilation error:
Object does not exist, or operation cannot be performed.
[0m11:37:12.228458 [debug] [ThreadPool]: Snowflake adapter: Error running SQL: macro list_relations_without_caching
[0m11:37:12.237454 [debug] [ThreadPool]: Snowflake adapter: Rolling back transaction.
[0m11:37:12.246461 [debug] [MainThread]: Sending event: {'category': 'dbt', 'action': 'runnable_timing', 'label': 'c1e9fc50-3041-42c9-b7d3-1b5782fd75de', 'context': [<snowplow_tracker.self_describing_json.SelfDescribingJson object at 0x000001BC71B40310>]}
[0m11:37:12.386427 [debug] [Thread-2 (]: Began running node model.dbt_olist_data_model.br_olist_customers
[0m11:37:12.390548 [debug] [Thread-2 (]: Acquiring new snowflake connection 'model.dbt_olist_data_model.br_olist_customers'
[0m11:37:12.396549 [debug] [Thread-2 (]: Began compiling node model.dbt_olist_data_model.br_olist_customers
[0m11:37:12.441385 [debug] [Thread-2 (]: Writing injected SQL for node "model.dbt_olist_data_model.br_olist_customers"
[0m11:37:12.447785 [debug] [Thread-2 (]: Began executing node model.dbt_olist_data_model.br_olist_customers
[0m11:37:12.451147 [debug] [Thread-2 (]: Finished running node model.dbt_olist_data_model.br_olist_customers
[0m11:37:12.453302 [debug] [Thread-2 (]: Began running node model.dbt_olist_data_model.br_olist_geolocation
[0m11:37:12.456103 [debug] [Thread-2 (]: Re-using an available connection from the pool (formerly model.dbt_olist_data_model.br_olist_customers, now model.dbt_olist_data_model.br_olist_geolocation)
[0m11:37:12.458068 [debug] [Thread-2 (]: Began compiling node model.dbt_olist_data_model.br_olist_geolocation
[0m11:37:12.465074 [debug] [Thread-2 (]: Writing injected SQL for node "model.dbt_olist_data_model.br_olist_geolocation"
[0m11:37:12.468065 [debug] [Thread-2 (]: Began executing node model.dbt_olist_data_model.br_olist_geolocation
[0m11:37:12.471071 [debug] [Thread-2 (]: Finished running node model.dbt_olist_data_model.br_olist_geolocation
[0m11:37:12.473073 [debug] [Thread-2 (]: Began running node model.dbt_olist_data_model.br_olist_order_items
[0m11:37:12.475069 [debug] [Thread-2 (]: Re-using an available connection from the pool (formerly model.dbt_olist_data_model.br_olist_geolocation, now model.dbt_olist_data_model.br_olist_order_items)
[0m11:37:12.477294 [debug] [Thread-2 (]: Began compiling node model.dbt_olist_data_model.br_olist_order_items
[0m11:37:12.484566 [debug] [Thread-2 (]: Writing injected SQL for node "model.dbt_olist_data_model.br_olist_order_items"
[0m11:37:12.488492 [debug] [Thread-2 (]: Began executing node model.dbt_olist_data_model.br_olist_order_items
[0m11:37:12.491491 [debug] [Thread-2 (]: Finished running node model.dbt_olist_data_model.br_olist_order_items
[0m11:37:12.493579 [debug] [Thread-2 (]: Began running node model.dbt_olist_data_model.br_olist_order_payments
[0m11:37:12.495494 [debug] [Thread-2 (]: Re-using an available connection from the pool (formerly model.dbt_olist_data_model.br_olist_order_items, now model.dbt_olist_data_model.br_olist_order_payments)
[0m11:37:12.497492 [debug] [Thread-2 (]: Began compiling node model.dbt_olist_data_model.br_olist_order_payments
[0m11:37:12.503620 [debug] [Thread-2 (]: Writing injected SQL for node "model.dbt_olist_data_model.br_olist_order_payments"
[0m11:37:12.509438 [debug] [Thread-2 (]: Began executing node model.dbt_olist_data_model.br_olist_order_payments
[0m11:37:12.511439 [debug] [Thread-2 (]: Finished running node model.dbt_olist_data_model.br_olist_order_payments
[0m11:37:12.513436 [debug] [Thread-2 (]: Began running node model.dbt_olist_data_model.br_olist_order_reviews
[0m11:37:12.515438 [debug] [Thread-2 (]: Re-using an available connection from the pool (formerly model.dbt_olist_data_model.br_olist_order_payments, now model.dbt_olist_data_model.br_olist_order_reviews)
[0m11:37:12.517552 [debug] [Thread-2 (]: Began compiling node model.dbt_olist_data_model.br_olist_order_reviews
[0m11:37:12.525109 [debug] [Thread-2 (]: Writing injected SQL for node "model.dbt_olist_data_model.br_olist_order_reviews"
[0m11:37:12.528106 [debug] [Thread-2 (]: Began executing node model.dbt_olist_data_model.br_olist_order_reviews
[0m11:37:12.531135 [debug] [Thread-2 (]: Finished running node model.dbt_olist_data_model.br_olist_order_reviews
[0m11:37:12.533105 [debug] [Thread-2 (]: Began running node model.dbt_olist_data_model.br_olist_orders
[0m11:37:12.534373 [debug] [Thread-2 (]: Re-using an available connection from the pool (formerly model.dbt_olist_data_model.br_olist_order_reviews, now model.dbt_olist_data_model.br_olist_orders)
[0m11:37:12.536253 [debug] [Thread-2 (]: Began compiling node model.dbt_olist_data_model.br_olist_orders
[0m11:37:12.542518 [debug] [Thread-2 (]: Writing injected SQL for node "model.dbt_olist_data_model.br_olist_orders"
[0m11:37:12.547687 [debug] [Thread-2 (]: Began executing node model.dbt_olist_data_model.br_olist_orders
[0m11:37:12.550685 [debug] [Thread-2 (]: Finished running node model.dbt_olist_data_model.br_olist_orders
[0m11:37:12.552277 [debug] [Thread-2 (]: Began running node model.dbt_olist_data_model.br_olist_product_category_translation
[0m11:37:12.553684 [debug] [Thread-2 (]: Re-using an available connection from the pool (formerly model.dbt_olist_data_model.br_olist_orders, now model.dbt_olist_data_model.br_olist_product_category_translation)
[0m11:37:12.555891 [debug] [Thread-2 (]: Began compiling node model.dbt_olist_data_model.br_olist_product_category_translation
[0m11:37:12.560800 [debug] [Thread-2 (]: Writing injected SQL for node "model.dbt_olist_data_model.br_olist_product_category_translation"
[0m11:37:12.563766 [debug] [Thread-2 (]: Began executing node model.dbt_olist_data_model.br_olist_product_category_translation
[0m11:37:12.566794 [debug] [Thread-2 (]: Finished running node model.dbt_olist_data_model.br_olist_product_category_translation
[0m11:37:12.568046 [debug] [Thread-2 (]: Began running node model.dbt_olist_data_model.br_olist_products
[0m11:37:12.569828 [debug] [Thread-2 (]: Re-using an available connection from the pool (formerly model.dbt_olist_data_model.br_olist_product_category_translation, now model.dbt_olist_data_model.br_olist_products)
[0m11:37:12.571795 [debug] [Thread-2 (]: Began compiling node model.dbt_olist_data_model.br_olist_products
[0m11:37:12.576602 [debug] [Thread-2 (]: Writing injected SQL for node "model.dbt_olist_data_model.br_olist_products"
[0m11:37:12.579820 [debug] [Thread-2 (]: Began executing node model.dbt_olist_data_model.br_olist_products
[0m11:37:12.581733 [debug] [Thread-2 (]: Finished running node model.dbt_olist_data_model.br_olist_products
[0m11:37:12.583842 [debug] [Thread-2 (]: Began running node model.dbt_olist_data_model.br_olist_sellers
[0m11:37:12.585810 [debug] [Thread-2 (]: Re-using an available connection from the pool (formerly model.dbt_olist_data_model.br_olist_products, now model.dbt_olist_data_model.br_olist_sellers)
[0m11:37:12.587719 [debug] [Thread-2 (]: Began compiling node model.dbt_olist_data_model.br_olist_sellers
[0m11:37:12.592992 [debug] [Thread-2 (]: Writing injected SQL for node "model.dbt_olist_data_model.br_olist_sellers"
[0m11:37:12.596385 [debug] [Thread-2 (]: Began executing node model.dbt_olist_data_model.br_olist_sellers
[0m11:37:12.598387 [debug] [Thread-2 (]: Finished running node model.dbt_olist_data_model.br_olist_sellers
[0m11:37:12.600387 [debug] [Thread-2 (]: Began running node model.dbt_olist_data_model.slv_customers
[0m11:37:12.602386 [debug] [Thread-2 (]: Re-using an available connection from the pool (formerly model.dbt_olist_data_model.br_olist_sellers, now model.dbt_olist_data_model.slv_customers)
[0m11:37:12.604138 [debug] [Thread-2 (]: Began compiling node model.dbt_olist_data_model.slv_customers
[0m11:37:12.609800 [debug] [Thread-2 (]: Writing injected SQL for node "model.dbt_olist_data_model.slv_customers"
[0m11:37:12.613833 [debug] [Thread-2 (]: Began executing node model.dbt_olist_data_model.slv_customers
[0m11:37:12.616800 [debug] [Thread-2 (]: Finished running node model.dbt_olist_data_model.slv_customers
[0m11:37:12.617802 [debug] [Thread-2 (]: Began running node model.dbt_olist_data_model.slv_geolocation
[0m11:37:12.620284 [debug] [Thread-2 (]: Re-using an available connection from the pool (formerly model.dbt_olist_data_model.slv_customers, now model.dbt_olist_data_model.slv_geolocation)
[0m11:37:12.622536 [debug] [Thread-2 (]: Began compiling node model.dbt_olist_data_model.slv_geolocation
[0m11:37:12.630531 [debug] [Thread-2 (]: Writing injected SQL for node "model.dbt_olist_data_model.slv_geolocation"
[0m11:37:12.635780 [debug] [Thread-2 (]: Began executing node model.dbt_olist_data_model.slv_geolocation
[0m11:37:12.640637 [debug] [Thread-2 (]: Finished running node model.dbt_olist_data_model.slv_geolocation
[0m11:37:12.642993 [debug] [Thread-2 (]: Began running node model.dbt_olist_data_model.slv_order_items
[0m11:37:12.646736 [debug] [Thread-2 (]: Re-using an available connection from the pool (formerly model.dbt_olist_data_model.slv_geolocation, now model.dbt_olist_data_model.slv_order_items)
[0m11:37:12.650716 [debug] [Thread-2 (]: Began compiling node model.dbt_olist_data_model.slv_order_items
[0m11:37:12.660667 [debug] [Thread-2 (]: Writing injected SQL for node "model.dbt_olist_data_model.slv_order_items"
[0m11:37:12.666554 [debug] [Thread-2 (]: Began executing node model.dbt_olist_data_model.slv_order_items
[0m11:37:12.670593 [debug] [Thread-2 (]: Finished running node model.dbt_olist_data_model.slv_order_items
[0m11:37:12.672965 [debug] [Thread-2 (]: Began running node model.dbt_olist_data_model.slv_order_payments
[0m11:37:12.676015 [debug] [Thread-2 (]: Re-using an available connection from the pool (formerly model.dbt_olist_data_model.slv_order_items, now model.dbt_olist_data_model.slv_order_payments)
[0m11:37:12.679530 [debug] [Thread-2 (]: Began compiling node model.dbt_olist_data_model.slv_order_payments
[0m11:37:12.689529 [debug] [Thread-2 (]: Writing injected SQL for node "model.dbt_olist_data_model.slv_order_payments"
[0m11:37:12.694622 [debug] [Thread-2 (]: Began executing node model.dbt_olist_data_model.slv_order_payments
[0m11:37:12.698565 [debug] [Thread-2 (]: Finished running node model.dbt_olist_data_model.slv_order_payments
[0m11:37:12.701536 [debug] [Thread-2 (]: Began running node model.dbt_olist_data_model.slv_order_review
[0m11:37:12.704531 [debug] [Thread-2 (]: Re-using an available connection from the pool (formerly model.dbt_olist_data_model.slv_order_payments, now model.dbt_olist_data_model.slv_order_review)
[0m11:37:12.706952 [debug] [Thread-2 (]: Began compiling node model.dbt_olist_data_model.slv_order_review
[0m11:37:12.717531 [debug] [Thread-2 (]: Writing injected SQL for node "model.dbt_olist_data_model.slv_order_review"
[0m11:37:12.722907 [debug] [Thread-2 (]: Began executing node model.dbt_olist_data_model.slv_order_review
[0m11:37:12.726758 [debug] [Thread-2 (]: Finished running node model.dbt_olist_data_model.slv_order_review
[0m11:37:12.729332 [debug] [Thread-2 (]: Began running node model.dbt_olist_data_model.slv_orders
[0m11:37:12.732329 [debug] [Thread-2 (]: Re-using an available connection from the pool (formerly model.dbt_olist_data_model.slv_order_review, now model.dbt_olist_data_model.slv_orders)
[0m11:37:12.735326 [debug] [Thread-2 (]: Began compiling node model.dbt_olist_data_model.slv_orders
[0m11:37:12.744929 [debug] [Thread-2 (]: Writing injected SQL for node "model.dbt_olist_data_model.slv_orders"
[0m11:37:12.750082 [debug] [Thread-2 (]: Began executing node model.dbt_olist_data_model.slv_orders
[0m11:37:12.754887 [debug] [Thread-2 (]: Finished running node model.dbt_olist_data_model.slv_orders
[0m11:37:12.757886 [debug] [Thread-2 (]: Began running node model.dbt_olist_data_model.slv_products
[0m11:37:12.760885 [debug] [Thread-2 (]: Re-using an available connection from the pool (formerly model.dbt_olist_data_model.slv_orders, now model.dbt_olist_data_model.slv_products)
[0m11:37:12.763952 [debug] [Thread-2 (]: Began compiling node model.dbt_olist_data_model.slv_products
[0m11:37:12.775593 [debug] [Thread-2 (]: Writing injected SQL for node "model.dbt_olist_data_model.slv_products"
[0m11:37:12.781566 [debug] [Thread-2 (]: Began executing node model.dbt_olist_data_model.slv_products
[0m11:37:12.784553 [debug] [Thread-2 (]: Finished running node model.dbt_olist_data_model.slv_products
[0m11:37:12.789696 [debug] [Thread-2 (]: Began running node model.dbt_olist_data_model.slv_sellers
[0m11:37:12.793884 [debug] [Thread-2 (]: Re-using an available connection from the pool (formerly model.dbt_olist_data_model.slv_products, now model.dbt_olist_data_model.slv_sellers)
[0m11:37:12.797692 [debug] [Thread-2 (]: Began compiling node model.dbt_olist_data_model.slv_sellers
[0m11:37:12.807269 [debug] [Thread-2 (]: Writing injected SQL for node "model.dbt_olist_data_model.slv_sellers"
[0m11:37:12.814510 [debug] [Thread-2 (]: Began executing node model.dbt_olist_data_model.slv_sellers
[0m11:37:12.818558 [debug] [Thread-2 (]: Finished running node model.dbt_olist_data_model.slv_sellers
[0m11:37:12.823524 [debug] [MainThread]: Connection 'master' was properly closed.
[0m11:37:12.827521 [debug] [MainThread]: Connection 'list_OLIST_DW_silver' was left open.
[0m11:37:12.831119 [debug] [MainThread]: On list_OLIST_DW_silver: Close
[0m11:37:13.790974 [debug] [MainThread]: Connection 'model.dbt_olist_data_model.slv_sellers' was properly closed.
[0m11:37:13.808966 [debug] [MainThread]: Command end result
[0m11:37:14.205855 [debug] [MainThread]: Wrote artifact WritableManifest to C:\Users\lenovo\Documents\Data_Engineering\Portfolio\Data-Migration-from-MySQL-Database-to-Migration-with-Full-CI-CD-Pipeline\dbt_olist_data_model\target\manifest.json
[0m11:37:14.227907 [debug] [MainThread]: Wrote artifact SemanticManifest to C:\Users\lenovo\Documents\Data_Engineering\Portfolio\Data-Migration-from-MySQL-Database-to-Migration-with-Full-CI-CD-Pipeline\dbt_olist_data_model\target\semantic_manifest.json
[0m11:37:14.258443 [debug] [MainThread]: Wrote artifact OsiDocument to C:\Users\lenovo\Documents\Data_Engineering\Portfolio\Data-Migration-from-MySQL-Database-to-Migration-with-Full-CI-CD-Pipeline\dbt_olist_data_model\target\osi_document.json
[0m11:37:14.287161 [debug] [MainThread]: Wrote artifact RunExecutionResult to C:\Users\lenovo\Documents\Data_Engineering\Portfolio\Data-Migration-from-MySQL-Database-to-Migration-with-Full-CI-CD-Pipeline\dbt_olist_data_model\target\run_results.json
[0m11:37:14.292324 [debug] [MainThread]: Command `dbt compile` succeeded at 11:37:14.291326 after 30.95 seconds
[0m11:37:14.294325 [debug] [MainThread]: Sending event: {'category': 'dbt', 'action': 'invocation', 'label': 'end', 'context': [<snowplow_tracker.self_describing_json.SelfDescribingJson object at 0x000001BC71B5AC90>, <snowplow_tracker.self_describing_json.SelfDescribingJson object at 0x000001BC71A53CD0>, <snowplow_tracker.self_describing_json.SelfDescribingJson object at 0x000001BC71A6D3D0>]}
[0m11:37:14.296532 [debug] [MainThread]: Flushing usage events
[0m11:37:18.061251 [debug] [MainThread]: An error was encountered while trying to flush usage events
[0m11:37:33.932702 [debug] [MainThread]: Sending event: {'category': 'dbt', 'action': 'invocation', 'label': 'start', 'context': [<snowplow_tracker.self_describing_json.SelfDescribingJson object at 0x000002413F6BAF10>, <snowplow_tracker.self_describing_json.SelfDescribingJson object at 0x000002413DF06810>, <snowplow_tracker.self_describing_json.SelfDescribingJson object at 0x000002413DA83A10>]}


============================== 11:37:33.937723 | ccfb9f55-2c67-40e7-a5c8-6d05f9cb3403 ==============================
[0m11:37:33.937723 [info ] [MainThread]: Running with dbt=1.12.0
[0m11:37:33.939798 [debug] [MainThread]: running dbt with arguments {'version_check': 'True', 'no_print': 'None', 'maximum_seed_size_mib': '1', 'warn_error_options': 'WarnErrorOptionsV2(error=[], warn=[], silence=[])', 'target_path': 'None', 'static_parser': 'True', 'printer_width': '80', 'write_json': 'True', 'introspect': 'True', 'log_cache_events': 'False', 'empty': 'False', 'cache_selected_only': 'False', 'log_format': 'default', 'debug': 'False', 'fail_fast': 'False', 'profiles_dir': 'C:\\Users\\lenovo\\.dbt', 'send_anonymous_usage_stats': 'True', 'quiet': 'False', 'warn_error': 'None', 'partial_parse': 'True', 'use_colors': 'True', 'hints_enabled': 'True', 'invocation_command': 'dbt run', 'use_experimental_parser': 'False', 'indirect_selection': 'eager', 'log_path': 'C:\\Users\\lenovo\\Documents\\Data_Engineering\\Portfolio\\Data-Migration-from-MySQL-Database-to-Migration-with-Full-CI-CD-Pipeline\\dbt_olist_data_model\\logs'}
[0m11:37:34.865024 [debug] [MainThread]: Snowflake adapter: Setting snowflake.connector to ERROR (file logging only)
[0m11:37:34.867611 [debug] [MainThread]: Snowflake adapter: Setting botocore to ERROR (file logging only)
[0m11:37:34.871083 [debug] [MainThread]: Snowflake adapter: Setting boto3 to ERROR (file logging only)
[0m11:37:35.524685 [debug] [MainThread]: Sending event: {'category': 'dbt', 'action': 'project_id', 'label': 'ccfb9f55-2c67-40e7-a5c8-6d05f9cb3403', 'context': [<snowplow_tracker.self_describing_json.SelfDescribingJson object at 0x0000024140C4F710>]}
[0m11:37:35.638400 [debug] [MainThread]: Sending event: {'category': 'dbt', 'action': 'adapter_info', 'label': 'ccfb9f55-2c67-40e7-a5c8-6d05f9cb3403', 'context': [<snowplow_tracker.self_describing_json.SelfDescribingJson object at 0x000002413D218290>]}
[0m11:37:35.641398 [info ] [MainThread]: Registered adapter: snowflake=1.12.0
[0m11:37:36.358501 [debug] [MainThread]: checksum: fa19c417bd532b9cc714519aa84e06d9b91dd956fbccdd320c8e6f600c8f48a8, vars: {}, profile: dbt_olist_data_model, target: dev, version: 1.12.0
[0m11:37:36.652748 [debug] [MainThread]: Partial parsing enabled: 0 files deleted, 0 files added, 0 files changed.
[0m11:37:36.653820 [debug] [MainThread]: Nothing changed, skipping partial parsing.
[0m11:37:36.655753 [debug] [MainThread]: Partial parsing enabled, no changes found, skipping parsing
[0m11:37:36.668278 [warn ] [MainThread]: [[33mWARNING[0m]: Configuration paths exist in your dbt_project.yml file which do not apply to any resources.
There are 1 unused configuration paths:
- models.dbt_olist_data_model.gold
[0m11:37:36.675856 [debug] [MainThread]: Sending event: {'category': 'dbt', 'action': 'load_project', 'label': 'ccfb9f55-2c67-40e7-a5c8-6d05f9cb3403', 'context': [<snowplow_tracker.self_describing_json.SelfDescribingJson object at 0x0000024141152810>]}
[0m11:37:37.023630 [debug] [MainThread]: Wrote artifact WritableManifest to C:\Users\lenovo\Documents\Data_Engineering\Portfolio\Data-Migration-from-MySQL-Database-to-Migration-with-Full-CI-CD-Pipeline\dbt_olist_data_model\target\manifest.json
[0m11:37:37.033628 [debug] [MainThread]: Wrote artifact SemanticManifest to C:\Users\lenovo\Documents\Data_Engineering\Portfolio\Data-Migration-from-MySQL-Database-to-Migration-with-Full-CI-CD-Pipeline\dbt_olist_data_model\target\semantic_manifest.json
[0m11:37:37.225014 [debug] [MainThread]: Wrote artifact OsiDocument to C:\Users\lenovo\Documents\Data_Engineering\Portfolio\Data-Migration-from-MySQL-Database-to-Migration-with-Full-CI-CD-Pipeline\dbt_olist_data_model\target\osi_document.json
[0m11:37:37.260677 [debug] [MainThread]: Sending event: {'category': 'dbt', 'action': 'resource_counts', 'label': 'ccfb9f55-2c67-40e7-a5c8-6d05f9cb3403', 'context': [<snowplow_tracker.self_describing_json.SelfDescribingJson object at 0x0000024140C76110>]}
[0m11:37:37.262806 [info ] [MainThread]: Found 17 models, 9 sources, 546 macros
[0m11:37:37.264681 [debug] [MainThread]: Sending event: {'category': 'dbt', 'action': 'runnable_timing', 'label': 'ccfb9f55-2c67-40e7-a5c8-6d05f9cb3403', 'context': [<snowplow_tracker.self_describing_json.SelfDescribingJson object at 0x000002413DD503D0>]}
[0m11:37:37.270281 [info ] [MainThread]: 
[0m11:37:37.273357 [info ] [MainThread]: Concurrency: 1 threads (target='dev')
[0m11:37:37.276290 [info ] [MainThread]: 
[0m11:37:37.278286 [debug] [MainThread]: Acquiring new snowflake connection 'master'
[0m11:37:37.336672 [debug] [ThreadPool]: Acquiring new snowflake connection 'list_OLIST_DW'
[0m11:37:37.460627 [debug] [ThreadPool]: Using snowflake connection "list_OLIST_DW"
[0m11:37:37.507657 [debug] [ThreadPool]: On list_OLIST_DW: show terse schemas in database OLIST_DW
    limit 10000
/* {"app": "dbt", "dbt_version": "1.12.0", "profile_name": "dbt_olist_data_model", "target_name": "dev", "connection_name": "list_OLIST_DW"} */
[0m11:37:37.545157 [debug] [ThreadPool]: Opening a new connection, currently in state init
[0m11:37:41.055645 [debug] [ThreadPool]: SQL status: SUCCESS 5 in 3.510 seconds
[0m11:37:41.073808 [debug] [ThreadPool]: Using snowflake connection "list_OLIST_DW"
[0m11:37:41.081806 [debug] [ThreadPool]: On list_OLIST_DW: show terse schemas in database OLIST_DW
    limit 10000
/* {"app": "dbt", "dbt_version": "1.12.0", "profile_name": "dbt_olist_data_model", "target_name": "dev", "connection_name": "list_OLIST_DW"} */
[0m11:37:41.748905 [debug] [ThreadPool]: SQL status: SUCCESS 5 in 0.662 seconds
[0m11:37:41.756929 [debug] [ThreadPool]: Re-using an available connection from the pool (formerly list_OLIST_DW, now create_OLIST_DW_silver)
[0m11:37:41.761513 [debug] [ThreadPool]: Creating schema "database: "OLIST_DW"
schema: "silver"
"
[0m11:37:41.778508 [debug] [ThreadPool]: Using snowflake connection "create_OLIST_DW_silver"
[0m11:37:41.781505 [debug] [ThreadPool]: On create_OLIST_DW_silver: create schema if not exists OLIST_DW.silver
/* {"app": "dbt", "dbt_version": "1.12.0", "profile_name": "dbt_olist_data_model", "target_name": "dev", "connection_name": "create_OLIST_DW_silver"} */
[0m11:37:42.345399 [debug] [ThreadPool]: SQL status: SUCCESS 1 in 0.561 seconds
[0m11:37:42.406485 [debug] [ThreadPool]: Acquiring new snowflake connection 'list_OLIST_DW_bronze'
[0m11:37:42.508478 [debug] [ThreadPool]: Using snowflake connection "list_OLIST_DW_bronze"
[0m11:37:42.511545 [debug] [ThreadPool]: On list_OLIST_DW_bronze: show objects in OLIST_DW.bronze
    limit 10000
    

/* {"app": "dbt", "dbt_version": "1.12.0", "profile_name": "dbt_olist_data_model", "target_name": "dev", "connection_name": "list_OLIST_DW_bronze"} */;
[0m11:37:42.514541 [debug] [ThreadPool]: Opening a new connection, currently in state init
[0m11:37:45.239979 [debug] [ThreadPool]: SQL status: SUCCESS 9 in 2.725 seconds
[0m11:37:45.261226 [debug] [ThreadPool]: Using snowflake connection "list_OLIST_DW_bronze"
[0m11:37:45.264206 [debug] [ThreadPool]: On list_OLIST_DW_bronze: show user functions in OLIST_DW.bronze
/* {"app": "dbt", "dbt_version": "1.12.0", "profile_name": "dbt_olist_data_model", "target_name": "dev", "connection_name": "list_OLIST_DW_bronze"} */
[0m11:37:45.710591 [debug] [ThreadPool]: SQL status: SUCCESS 0 in 0.443 seconds
[0m11:37:45.724724 [debug] [ThreadPool]: Re-using an available connection from the pool (formerly list_OLIST_DW_bronze, now list_OLIST_DW_silver)
[0m11:37:45.744989 [debug] [ThreadPool]: Using snowflake connection "list_OLIST_DW_silver"
[0m11:37:45.751594 [debug] [ThreadPool]: On list_OLIST_DW_silver: show objects in OLIST_DW.silver
    limit 10000
    

/* {"app": "dbt", "dbt_version": "1.12.0", "profile_name": "dbt_olist_data_model", "target_name": "dev", "connection_name": "list_OLIST_DW_silver"} */;
[0m11:37:47.640526 [debug] [ThreadPool]: SQL status: SUCCESS 0 in 1.885 seconds
[0m11:37:47.656528 [debug] [ThreadPool]: Using snowflake connection "list_OLIST_DW_silver"
[0m11:37:47.662522 [debug] [ThreadPool]: On list_OLIST_DW_silver: show user functions in OLIST_DW.silver
/* {"app": "dbt", "dbt_version": "1.12.0", "profile_name": "dbt_olist_data_model", "target_name": "dev", "connection_name": "list_OLIST_DW_silver"} */
[0m11:37:48.238574 [debug] [ThreadPool]: SQL status: SUCCESS 0 in 0.571 seconds
[0m11:37:48.242130 [debug] [MainThread]: Sending event: {'category': 'dbt', 'action': 'runnable_timing', 'label': 'ccfb9f55-2c67-40e7-a5c8-6d05f9cb3403', 'context': [<snowplow_tracker.self_describing_json.SelfDescribingJson object at 0x0000024140BF1B50>]}
[0m11:37:48.279619 [debug] [Thread-2 (]: Began running node model.dbt_olist_data_model.br_olist_customers
[0m11:37:48.281626 [info ] [Thread-2 (]: 1 of 17 START sql incremental model bronze.br_olist_customers .................. [RUN]
[0m11:37:48.284623 [debug] [Thread-2 (]: Acquiring new snowflake connection 'model.dbt_olist_data_model.br_olist_customers'
[0m11:37:48.286624 [debug] [Thread-2 (]: Began compiling node model.dbt_olist_data_model.br_olist_customers
[0m11:37:48.319534 [debug] [Thread-2 (]: Writing injected SQL for node "model.dbt_olist_data_model.br_olist_customers"
[0m11:37:48.324550 [debug] [Thread-2 (]: Began executing node model.dbt_olist_data_model.br_olist_customers
[0m11:37:48.473463 [debug] [Thread-2 (]: Using snowflake connection "model.dbt_olist_data_model.br_olist_customers"
[0m11:37:48.475466 [debug] [Thread-2 (]: On model.dbt_olist_data_model.br_olist_customers: create or replace  temporary view OLIST_DW.bronze.br_olist_customers__dbt_tmp
  
  
  
  
  as (
    

select
    customer_id,
    customer_unique_id,
    customer_zip_code_prefix,
    customer_city,
    customer_state,
    _ingested_at::timestamp_ntz as ingested_at
from olist_dw.raw.raw_olist_customers


where _ingested_at::timestamp_ntz > (select max(ingested_at) from OLIST_DW.bronze.br_olist_customers)

  )
/* {"app": "dbt", "dbt_version": "1.12.0", "profile_name": "dbt_olist_data_model", "target_name": "dev", "node_id": "model.dbt_olist_data_model.br_olist_customers"} */;
[0m11:37:48.478568 [debug] [Thread-2 (]: Opening a new connection, currently in state init
[0m11:37:55.662206 [debug] [Thread-2 (]: SQL status: SUCCESS 1 in 7.183 seconds
[0m11:37:55.703198 [debug] [Thread-2 (]: Using snowflake connection "model.dbt_olist_data_model.br_olist_customers"
[0m11:37:55.708841 [debug] [Thread-2 (]: On model.dbt_olist_data_model.br_olist_customers: describe table OLIST_DW.bronze.br_olist_customers__dbt_tmp
/* {"app": "dbt", "dbt_version": "1.12.0", "profile_name": "dbt_olist_data_model", "target_name": "dev", "node_id": "model.dbt_olist_data_model.br_olist_customers"} */
[0m11:37:56.391856 [debug] [Thread-2 (]: SQL status: SUCCESS 6 in 0.679 seconds
[0m11:37:56.407827 [debug] [Thread-2 (]: Using snowflake connection "model.dbt_olist_data_model.br_olist_customers"
[0m11:37:56.413081 [debug] [Thread-2 (]: On model.dbt_olist_data_model.br_olist_customers: describe table OLIST_DW.bronze.br_olist_customers
/* {"app": "dbt", "dbt_version": "1.12.0", "profile_name": "dbt_olist_data_model", "target_name": "dev", "node_id": "model.dbt_olist_data_model.br_olist_customers"} */
[0m11:37:57.135272 [debug] [Thread-2 (]: SQL status: SUCCESS 6 in 0.716 seconds
[0m11:37:57.150995 [debug] [Thread-2 (]: Using snowflake connection "model.dbt_olist_data_model.br_olist_customers"
[0m11:37:57.152999 [debug] [Thread-2 (]: On model.dbt_olist_data_model.br_olist_customers: describe table "OLIST_DW"."BRONZE"."BR_OLIST_CUSTOMERS"
/* {"app": "dbt", "dbt_version": "1.12.0", "profile_name": "dbt_olist_data_model", "target_name": "dev", "node_id": "model.dbt_olist_data_model.br_olist_customers"} */
[0m11:37:57.935583 [debug] [Thread-2 (]: SQL status: SUCCESS 6 in 0.780 seconds
[0m11:37:58.125816 [debug] [Thread-2 (]: Writing runtime sql for node "model.dbt_olist_data_model.br_olist_customers"
[0m11:37:58.136360 [debug] [Thread-2 (]: Using snowflake connection "model.dbt_olist_data_model.br_olist_customers"
[0m11:37:58.137784 [debug] [Thread-2 (]: On model.dbt_olist_data_model.br_olist_customers: -- back compat for old kwarg name
  
  begin
/* {"app": "dbt", "dbt_version": "1.12.0", "profile_name": "dbt_olist_data_model", "target_name": "dev", "node_id": "model.dbt_olist_data_model.br_olist_customers"} */;
[0m11:37:58.646456 [debug] [Thread-2 (]: SQL status: SUCCESS 1 in 0.506 seconds
[0m11:37:58.647455 [debug] [Thread-2 (]: Using snowflake connection "model.dbt_olist_data_model.br_olist_customers"
[0m11:37:58.649896 [debug] [Thread-2 (]: On model.dbt_olist_data_model.br_olist_customers: merge into OLIST_DW.bronze.br_olist_customers as DBT_INTERNAL_DEST
        using OLIST_DW.bronze.br_olist_customers__dbt_tmp as DBT_INTERNAL_SOURCE
        on ((DBT_INTERNAL_SOURCE.customer_id = DBT_INTERNAL_DEST.customer_id))

    
    when matched then update set
        "CUSTOMER_ID" = DBT_INTERNAL_SOURCE."CUSTOMER_ID","CUSTOMER_UNIQUE_ID" = DBT_INTERNAL_SOURCE."CUSTOMER_UNIQUE_ID","CUSTOMER_ZIP_CODE_PREFIX" = DBT_INTERNAL_SOURCE."CUSTOMER_ZIP_CODE_PREFIX","CUSTOMER_CITY" = DBT_INTERNAL_SOURCE."CUSTOMER_CITY","CUSTOMER_STATE" = DBT_INTERNAL_SOURCE."CUSTOMER_STATE","INGESTED_AT" = DBT_INTERNAL_SOURCE."INGESTED_AT"
    

    when not matched then insert
        ("CUSTOMER_ID", "CUSTOMER_UNIQUE_ID", "CUSTOMER_ZIP_CODE_PREFIX", "CUSTOMER_CITY", "CUSTOMER_STATE", "INGESTED_AT")
    values
        ("CUSTOMER_ID", "CUSTOMER_UNIQUE_ID", "CUSTOMER_ZIP_CODE_PREFIX", "CUSTOMER_CITY", "CUSTOMER_STATE", "INGESTED_AT")


/* {"app": "dbt", "dbt_version": "1.12.0", "profile_name": "dbt_olist_data_model", "target_name": "dev", "node_id": "model.dbt_olist_data_model.br_olist_customers"} */;
[0m11:38:01.441782 [debug] [Thread-2 (]: SQL status: SUCCESS 0 in 2.789 seconds
[0m11:38:01.448782 [debug] [Thread-2 (]: Using snowflake connection "model.dbt_olist_data_model.br_olist_customers"
[0m11:38:01.471781 [debug] [Thread-2 (]: On model.dbt_olist_data_model.br_olist_customers: COMMIT
/* {"app": "dbt", "dbt_version": "1.12.0", "profile_name": "dbt_olist_data_model", "target_name": "dev", "node_id": "model.dbt_olist_data_model.br_olist_customers"} */
[0m11:38:02.043481 [debug] [Thread-2 (]: SQL status: SUCCESS 1 in 0.540 seconds
[0m11:38:02.073304 [debug] [Thread-2 (]: Applying DROP to: OLIST_DW.bronze.br_olist_customers__dbt_tmp
[0m11:38:02.093203 [debug] [Thread-2 (]: Using snowflake connection "model.dbt_olist_data_model.br_olist_customers"
[0m11:38:02.095070 [debug] [Thread-2 (]: On model.dbt_olist_data_model.br_olist_customers: drop view if exists OLIST_DW.bronze.br_olist_customers__dbt_tmp cascade
/* {"app": "dbt", "dbt_version": "1.12.0", "profile_name": "dbt_olist_data_model", "target_name": "dev", "node_id": "model.dbt_olist_data_model.br_olist_customers"} */
[0m11:38:03.112726 [debug] [Thread-2 (]: SQL status: SUCCESS 1 in 1.015 seconds
[0m11:38:03.262357 [debug] [Thread-2 (]: Sending event: {'category': 'dbt', 'action': 'run_model', 'label': 'ccfb9f55-2c67-40e7-a5c8-6d05f9cb3403', 'context': [<snowplow_tracker.self_describing_json.SelfDescribingJson object at 0x00000241424604D0>]}
[0m11:38:03.265358 [info ] [Thread-2 (]: 1 of 17 OK created sql incremental model bronze.br_olist_customers ............. [[32mSUCCESS 0[0m in 14.97s]
[0m11:38:03.270363 [debug] [Thread-2 (]: Finished running node model.dbt_olist_data_model.br_olist_customers
[0m11:38:03.273362 [debug] [Thread-2 (]: Began running node model.dbt_olist_data_model.br_olist_geolocation
[0m11:38:03.276356 [info ] [Thread-2 (]: 2 of 17 START sql incremental model bronze.br_olist_geolocation ................ [RUN]
[0m11:38:03.281781 [debug] [Thread-2 (]: Re-using an available connection from the pool (formerly model.dbt_olist_data_model.br_olist_customers, now model.dbt_olist_data_model.br_olist_geolocation)
[0m11:38:03.283786 [debug] [Thread-2 (]: Began compiling node model.dbt_olist_data_model.br_olist_geolocation
[0m11:38:03.296853 [debug] [Thread-2 (]: Writing injected SQL for node "model.dbt_olist_data_model.br_olist_geolocation"
[0m11:38:03.307852 [debug] [Thread-2 (]: Began executing node model.dbt_olist_data_model.br_olist_geolocation
[0m11:38:03.322383 [debug] [Thread-2 (]: Using snowflake connection "model.dbt_olist_data_model.br_olist_geolocation"
[0m11:38:03.325384 [debug] [Thread-2 (]: On model.dbt_olist_data_model.br_olist_geolocation: create or replace  temporary view OLIST_DW.bronze.br_olist_geolocation__dbt_tmp
  
  
  
  
  as (
    

select
    geolocation_id::number as geolocation_id,
    geolocation_zip_code_prefix,
    geolocation_lat::float as geolocation_lat,
    geolocation_lng::float as geolocation_lng,
    geolocation_city,
    geolocation_state,
    _ingested_at::timestamp_ntz as ingested_at
from olist_dw.raw.raw_olist_geolocation


where _ingested_at::timestamp_ntz > (select max(ingested_at) from OLIST_DW.bronze.br_olist_geolocation)

  )
/* {"app": "dbt", "dbt_version": "1.12.0", "profile_name": "dbt_olist_data_model", "target_name": "dev", "node_id": "model.dbt_olist_data_model.br_olist_geolocation"} */;
[0m11:38:04.581577 [debug] [Thread-2 (]: SQL status: SUCCESS 1 in 1.254 seconds
[0m11:38:04.587516 [debug] [Thread-2 (]: Using snowflake connection "model.dbt_olist_data_model.br_olist_geolocation"
[0m11:38:04.591519 [debug] [Thread-2 (]: On model.dbt_olist_data_model.br_olist_geolocation: describe table OLIST_DW.bronze.br_olist_geolocation__dbt_tmp
/* {"app": "dbt", "dbt_version": "1.12.0", "profile_name": "dbt_olist_data_model", "target_name": "dev", "node_id": "model.dbt_olist_data_model.br_olist_geolocation"} */
[0m11:38:05.149366 [debug] [Thread-2 (]: SQL status: SUCCESS 7 in 0.554 seconds
[0m11:38:05.166506 [debug] [Thread-2 (]: Using snowflake connection "model.dbt_olist_data_model.br_olist_geolocation"
[0m11:38:05.172506 [debug] [Thread-2 (]: On model.dbt_olist_data_model.br_olist_geolocation: describe table OLIST_DW.bronze.br_olist_geolocation
/* {"app": "dbt", "dbt_version": "1.12.0", "profile_name": "dbt_olist_data_model", "target_name": "dev", "node_id": "model.dbt_olist_data_model.br_olist_geolocation"} */
[0m11:38:05.662784 [debug] [Thread-2 (]: SQL status: SUCCESS 7 in 0.485 seconds
[0m11:38:05.668779 [debug] [Thread-2 (]: Using snowflake connection "model.dbt_olist_data_model.br_olist_geolocation"
[0m11:38:05.672050 [debug] [Thread-2 (]: On model.dbt_olist_data_model.br_olist_geolocation: describe table "OLIST_DW"."BRONZE"."BR_OLIST_GEOLOCATION"
/* {"app": "dbt", "dbt_version": "1.12.0", "profile_name": "dbt_olist_data_model", "target_name": "dev", "node_id": "model.dbt_olist_data_model.br_olist_geolocation"} */
[0m11:38:06.190564 [debug] [Thread-2 (]: SQL status: SUCCESS 7 in 0.517 seconds
[0m11:38:06.207176 [debug] [Thread-2 (]: Writing runtime sql for node "model.dbt_olist_data_model.br_olist_geolocation"
[0m11:38:06.219615 [debug] [Thread-2 (]: Using snowflake connection "model.dbt_olist_data_model.br_olist_geolocation"
[0m11:38:06.222614 [debug] [Thread-2 (]: On model.dbt_olist_data_model.br_olist_geolocation: -- back compat for old kwarg name
  
  begin
/* {"app": "dbt", "dbt_version": "1.12.0", "profile_name": "dbt_olist_data_model", "target_name": "dev", "node_id": "model.dbt_olist_data_model.br_olist_geolocation"} */;
[0m11:38:06.673166 [debug] [Thread-2 (]: SQL status: SUCCESS 1 in 0.448 seconds
[0m11:38:06.676165 [debug] [Thread-2 (]: Using snowflake connection "model.dbt_olist_data_model.br_olist_geolocation"
[0m11:38:06.681162 [debug] [Thread-2 (]: On model.dbt_olist_data_model.br_olist_geolocation: merge into OLIST_DW.bronze.br_olist_geolocation as DBT_INTERNAL_DEST
        using OLIST_DW.bronze.br_olist_geolocation__dbt_tmp as DBT_INTERNAL_SOURCE
        on ((DBT_INTERNAL_SOURCE.geolocation_id = DBT_INTERNAL_DEST.geolocation_id))

    
    when matched then update set
        "GEOLOCATION_ID" = DBT_INTERNAL_SOURCE."GEOLOCATION_ID","GEOLOCATION_ZIP_CODE_PREFIX" = DBT_INTERNAL_SOURCE."GEOLOCATION_ZIP_CODE_PREFIX","GEOLOCATION_LAT" = DBT_INTERNAL_SOURCE."GEOLOCATION_LAT","GEOLOCATION_LNG" = DBT_INTERNAL_SOURCE."GEOLOCATION_LNG","GEOLOCATION_CITY" = DBT_INTERNAL_SOURCE."GEOLOCATION_CITY","GEOLOCATION_STATE" = DBT_INTERNAL_SOURCE."GEOLOCATION_STATE","INGESTED_AT" = DBT_INTERNAL_SOURCE."INGESTED_AT"
    

    when not matched then insert
        ("GEOLOCATION_ID", "GEOLOCATION_ZIP_CODE_PREFIX", "GEOLOCATION_LAT", "GEOLOCATION_LNG", "GEOLOCATION_CITY", "GEOLOCATION_STATE", "INGESTED_AT")
    values
        ("GEOLOCATION_ID", "GEOLOCATION_ZIP_CODE_PREFIX", "GEOLOCATION_LAT", "GEOLOCATION_LNG", "GEOLOCATION_CITY", "GEOLOCATION_STATE", "INGESTED_AT")


/* {"app": "dbt", "dbt_version": "1.12.0", "profile_name": "dbt_olist_data_model", "target_name": "dev", "node_id": "model.dbt_olist_data_model.br_olist_geolocation"} */;
[0m11:38:08.049788 [debug] [Thread-2 (]: SQL status: SUCCESS 0 in 1.363 seconds
[0m11:38:08.053620 [debug] [Thread-2 (]: Using snowflake connection "model.dbt_olist_data_model.br_olist_geolocation"
[0m11:38:08.061137 [debug] [Thread-2 (]: On model.dbt_olist_data_model.br_olist_geolocation: COMMIT
/* {"app": "dbt", "dbt_version": "1.12.0", "profile_name": "dbt_olist_data_model", "target_name": "dev", "node_id": "model.dbt_olist_data_model.br_olist_geolocation"} */
[0m11:38:08.765564 [debug] [Thread-2 (]: SQL status: SUCCESS 1 in 0.699 seconds
[0m11:38:08.772561 [debug] [Thread-2 (]: Applying DROP to: OLIST_DW.bronze.br_olist_geolocation__dbt_tmp
[0m11:38:08.777559 [debug] [Thread-2 (]: Using snowflake connection "model.dbt_olist_data_model.br_olist_geolocation"
[0m11:38:08.779746 [debug] [Thread-2 (]: On model.dbt_olist_data_model.br_olist_geolocation: drop view if exists OLIST_DW.bronze.br_olist_geolocation__dbt_tmp cascade
/* {"app": "dbt", "dbt_version": "1.12.0", "profile_name": "dbt_olist_data_model", "target_name": "dev", "node_id": "model.dbt_olist_data_model.br_olist_geolocation"} */
[0m11:38:12.838329 [debug] [Thread-2 (]: SQL status: SUCCESS 1 in 4.056 seconds
[0m11:38:12.849339 [debug] [Thread-2 (]: Sending event: {'category': 'dbt', 'action': 'run_model', 'label': 'ccfb9f55-2c67-40e7-a5c8-6d05f9cb3403', 'context': [<snowplow_tracker.self_describing_json.SelfDescribingJson object at 0x0000024142578150>]}
[0m11:38:12.853336 [info ] [Thread-2 (]: 2 of 17 OK created sql incremental model bronze.br_olist_geolocation ........... [[32mSUCCESS 0[0m in 9.57s]
[0m11:38:12.857346 [debug] [Thread-2 (]: Finished running node model.dbt_olist_data_model.br_olist_geolocation
[0m11:38:12.861341 [debug] [Thread-2 (]: Began running node model.dbt_olist_data_model.br_olist_order_items
[0m11:38:12.866335 [info ] [Thread-2 (]: 3 of 17 START sql incremental model bronze.br_olist_order_items ................ [RUN]
[0m11:38:12.871299 [debug] [Thread-2 (]: Re-using an available connection from the pool (formerly model.dbt_olist_data_model.br_olist_geolocation, now model.dbt_olist_data_model.br_olist_order_items)
[0m11:38:12.877416 [debug] [Thread-2 (]: Began compiling node model.dbt_olist_data_model.br_olist_order_items
[0m11:38:12.908278 [debug] [Thread-2 (]: Writing injected SQL for node "model.dbt_olist_data_model.br_olist_order_items"
[0m11:38:12.918300 [debug] [Thread-2 (]: Began executing node model.dbt_olist_data_model.br_olist_order_items
[0m11:38:12.956819 [debug] [Thread-2 (]: Using snowflake connection "model.dbt_olist_data_model.br_olist_order_items"
[0m11:38:12.960460 [debug] [Thread-2 (]: On model.dbt_olist_data_model.br_olist_order_items: create or replace  temporary view OLIST_DW.bronze.br_olist_order_items__dbt_tmp
  
  
  
  
  as (
    

select
    order_id,
    order_item_id::number as order_item_id,
    product_id,
    seller_id,
    shipping_limit_date::timestamp_ntz as shipping_limit_date,
    price::number(10,2) as price,
    freight_value::number(10,2) as freight_value,
    _ingested_at::timestamp_ntz as ingested_at
from olist_dw.raw.raw_olist_order_items


where _ingested_at::timestamp_ntz > (select max(ingested_at) from OLIST_DW.bronze.br_olist_order_items)

  )
/* {"app": "dbt", "dbt_version": "1.12.0", "profile_name": "dbt_olist_data_model", "target_name": "dev", "node_id": "model.dbt_olist_data_model.br_olist_order_items"} */;
[0m11:38:13.770283 [debug] [Thread-2 (]: SQL status: SUCCESS 1 in 0.805 seconds
[0m11:38:13.787430 [debug] [Thread-2 (]: Using snowflake connection "model.dbt_olist_data_model.br_olist_order_items"
[0m11:38:13.793430 [debug] [Thread-2 (]: On model.dbt_olist_data_model.br_olist_order_items: describe table OLIST_DW.bronze.br_olist_order_items__dbt_tmp
/* {"app": "dbt", "dbt_version": "1.12.0", "profile_name": "dbt_olist_data_model", "target_name": "dev", "node_id": "model.dbt_olist_data_model.br_olist_order_items"} */
[0m11:38:14.884436 [debug] [Thread-2 (]: SQL status: SUCCESS 8 in 1.085 seconds
[0m11:38:14.898436 [debug] [Thread-2 (]: Using snowflake connection "model.dbt_olist_data_model.br_olist_order_items"
[0m11:38:14.903347 [debug] [Thread-2 (]: On model.dbt_olist_data_model.br_olist_order_items: describe table OLIST_DW.bronze.br_olist_order_items
/* {"app": "dbt", "dbt_version": "1.12.0", "profile_name": "dbt_olist_data_model", "target_name": "dev", "node_id": "model.dbt_olist_data_model.br_olist_order_items"} */
[0m11:38:16.137142 [debug] [Thread-2 (]: SQL status: SUCCESS 8 in 1.225 seconds
[0m11:38:16.144142 [debug] [Thread-2 (]: Using snowflake connection "model.dbt_olist_data_model.br_olist_order_items"
[0m11:38:16.148774 [debug] [Thread-2 (]: On model.dbt_olist_data_model.br_olist_order_items: describe table "OLIST_DW"."BRONZE"."BR_OLIST_ORDER_ITEMS"
/* {"app": "dbt", "dbt_version": "1.12.0", "profile_name": "dbt_olist_data_model", "target_name": "dev", "node_id": "model.dbt_olist_data_model.br_olist_order_items"} */
[0m11:38:16.644877 [debug] [Thread-2 (]: SQL status: SUCCESS 8 in 0.493 seconds
[0m11:38:16.656919 [debug] [Thread-2 (]: Writing runtime sql for node "model.dbt_olist_data_model.br_olist_order_items"
[0m11:38:16.695344 [debug] [Thread-2 (]: Using snowflake connection "model.dbt_olist_data_model.br_olist_order_items"
[0m11:38:16.697349 [debug] [Thread-2 (]: On model.dbt_olist_data_model.br_olist_order_items: -- back compat for old kwarg name
  
  begin
/* {"app": "dbt", "dbt_version": "1.12.0", "profile_name": "dbt_olist_data_model", "target_name": "dev", "node_id": "model.dbt_olist_data_model.br_olist_order_items"} */;
[0m11:38:17.346808 [debug] [Thread-2 (]: SQL status: SUCCESS 1 in 0.640 seconds
[0m11:38:17.348741 [debug] [Thread-2 (]: Using snowflake connection "model.dbt_olist_data_model.br_olist_order_items"
[0m11:38:17.351801 [debug] [Thread-2 (]: On model.dbt_olist_data_model.br_olist_order_items: merge into OLIST_DW.bronze.br_olist_order_items as DBT_INTERNAL_DEST
        using OLIST_DW.bronze.br_olist_order_items__dbt_tmp as DBT_INTERNAL_SOURCE
        on (
                    DBT_INTERNAL_SOURCE.order_id = DBT_INTERNAL_DEST.order_id
                ) and (
                    DBT_INTERNAL_SOURCE.order_item_id = DBT_INTERNAL_DEST.order_item_id
                )

    
    when matched then update set
        "ORDER_ID" = DBT_INTERNAL_SOURCE."ORDER_ID","ORDER_ITEM_ID" = DBT_INTERNAL_SOURCE."ORDER_ITEM_ID","PRODUCT_ID" = DBT_INTERNAL_SOURCE."PRODUCT_ID","SELLER_ID" = DBT_INTERNAL_SOURCE."SELLER_ID","SHIPPING_LIMIT_DATE" = DBT_INTERNAL_SOURCE."SHIPPING_LIMIT_DATE","PRICE" = DBT_INTERNAL_SOURCE."PRICE","FREIGHT_VALUE" = DBT_INTERNAL_SOURCE."FREIGHT_VALUE","INGESTED_AT" = DBT_INTERNAL_SOURCE."INGESTED_AT"
    

    when not matched then insert
        ("ORDER_ID", "ORDER_ITEM_ID", "PRODUCT_ID", "SELLER_ID", "SHIPPING_LIMIT_DATE", "PRICE", "FREIGHT_VALUE", "INGESTED_AT")
    values
        ("ORDER_ID", "ORDER_ITEM_ID", "PRODUCT_ID", "SELLER_ID", "SHIPPING_LIMIT_DATE", "PRICE", "FREIGHT_VALUE", "INGESTED_AT")


/* {"app": "dbt", "dbt_version": "1.12.0", "profile_name": "dbt_olist_data_model", "target_name": "dev", "node_id": "model.dbt_olist_data_model.br_olist_order_items"} */;
[0m11:38:20.830470 [debug] [Thread-2 (]: SQL status: SUCCESS 0 in 3.472 seconds
[0m11:38:20.834519 [debug] [Thread-2 (]: Using snowflake connection "model.dbt_olist_data_model.br_olist_order_items"
[0m11:38:20.839626 [debug] [Thread-2 (]: On model.dbt_olist_data_model.br_olist_order_items: COMMIT
/* {"app": "dbt", "dbt_version": "1.12.0", "profile_name": "dbt_olist_data_model", "target_name": "dev", "node_id": "model.dbt_olist_data_model.br_olist_order_items"} */
[0m11:38:25.031605 [debug] [Thread-2 (]: SQL status: SUCCESS 1 in 4.185 seconds
[0m11:38:25.047615 [debug] [Thread-2 (]: Applying DROP to: OLIST_DW.bronze.br_olist_order_items__dbt_tmp
[0m11:38:25.056601 [debug] [Thread-2 (]: Using snowflake connection "model.dbt_olist_data_model.br_olist_order_items"
[0m11:38:25.062620 [debug] [Thread-2 (]: On model.dbt_olist_data_model.br_olist_order_items: drop view if exists OLIST_DW.bronze.br_olist_order_items__dbt_tmp cascade
/* {"app": "dbt", "dbt_version": "1.12.0", "profile_name": "dbt_olist_data_model", "target_name": "dev", "node_id": "model.dbt_olist_data_model.br_olist_order_items"} */
[0m11:38:25.740667 [debug] [Thread-2 (]: SQL status: SUCCESS 1 in 0.673 seconds
[0m11:38:25.748670 [debug] [Thread-2 (]: Sending event: {'category': 'dbt', 'action': 'run_model', 'label': 'ccfb9f55-2c67-40e7-a5c8-6d05f9cb3403', 'context': [<snowplow_tracker.self_describing_json.SelfDescribingJson object at 0x0000024140FA8690>]}
[0m11:38:25.752630 [info ] [Thread-2 (]: 3 of 17 OK created sql incremental model bronze.br_olist_order_items ........... [[32mSUCCESS 0[0m in 12.88s]
[0m11:38:25.757625 [debug] [Thread-2 (]: Finished running node model.dbt_olist_data_model.br_olist_order_items
[0m11:38:25.761635 [debug] [Thread-2 (]: Began running node model.dbt_olist_data_model.br_olist_order_payments
[0m11:38:25.764634 [info ] [Thread-2 (]: 4 of 17 START sql incremental model bronze.br_olist_order_payments ............. [RUN]
[0m11:38:25.770742 [debug] [Thread-2 (]: Re-using an available connection from the pool (formerly model.dbt_olist_data_model.br_olist_order_items, now model.dbt_olist_data_model.br_olist_order_payments)
[0m11:38:25.776742 [debug] [Thread-2 (]: Began compiling node model.dbt_olist_data_model.br_olist_order_payments
[0m11:38:25.798714 [debug] [Thread-2 (]: Writing injected SQL for node "model.dbt_olist_data_model.br_olist_order_payments"
[0m11:38:25.810310 [debug] [Thread-2 (]: Began executing node model.dbt_olist_data_model.br_olist_order_payments
[0m11:38:25.827947 [debug] [Thread-2 (]: Using snowflake connection "model.dbt_olist_data_model.br_olist_order_payments"
[0m11:38:25.833313 [debug] [Thread-2 (]: On model.dbt_olist_data_model.br_olist_order_payments: create or replace  temporary view OLIST_DW.bronze.br_olist_order_payments__dbt_tmp
  
  
  
  
  as (
    
select
    payment_id::number as payment_id,
    order_id,
    payment_sequential::number as payment_sequential,
    payment_type,
    payment_installments::number as payment_installments,
    payment_value::number(10,2) as payment_value,
    _ingested_at::timestamp_ntz as ingested_at
from olist_dw.raw.raw_olist_order_payments


where _ingested_at::timestamp_ntz > (select max(ingested_at) from OLIST_DW.bronze.br_olist_order_payments)

  )
/* {"app": "dbt", "dbt_version": "1.12.0", "profile_name": "dbt_olist_data_model", "target_name": "dev", "node_id": "model.dbt_olist_data_model.br_olist_order_payments"} */;
[0m11:38:29.247291 [debug] [Thread-2 (]: SQL status: SUCCESS 1 in 3.410 seconds
[0m11:38:29.252403 [debug] [Thread-2 (]: Using snowflake connection "model.dbt_olist_data_model.br_olist_order_payments"
[0m11:38:29.256394 [debug] [Thread-2 (]: On model.dbt_olist_data_model.br_olist_order_payments: describe table OLIST_DW.bronze.br_olist_order_payments__dbt_tmp
/* {"app": "dbt", "dbt_version": "1.12.0", "profile_name": "dbt_olist_data_model", "target_name": "dev", "node_id": "model.dbt_olist_data_model.br_olist_order_payments"} */
[0m11:38:29.749336 [debug] [Thread-2 (]: SQL status: SUCCESS 7 in 0.487 seconds
[0m11:38:29.770630 [debug] [Thread-2 (]: Using snowflake connection "model.dbt_olist_data_model.br_olist_order_payments"
[0m11:38:29.775440 [debug] [Thread-2 (]: On model.dbt_olist_data_model.br_olist_order_payments: describe table OLIST_DW.bronze.br_olist_order_payments
/* {"app": "dbt", "dbt_version": "1.12.0", "profile_name": "dbt_olist_data_model", "target_name": "dev", "node_id": "model.dbt_olist_data_model.br_olist_order_payments"} */
[0m11:38:30.382396 [debug] [Thread-2 (]: SQL status: SUCCESS 7 in 0.602 seconds
[0m11:38:30.392057 [debug] [Thread-2 (]: Using snowflake connection "model.dbt_olist_data_model.br_olist_order_payments"
[0m11:38:30.395018 [debug] [Thread-2 (]: On model.dbt_olist_data_model.br_olist_order_payments: describe table "OLIST_DW"."BRONZE"."BR_OLIST_ORDER_PAYMENTS"
/* {"app": "dbt", "dbt_version": "1.12.0", "profile_name": "dbt_olist_data_model", "target_name": "dev", "node_id": "model.dbt_olist_data_model.br_olist_order_payments"} */
[0m11:38:31.019100 [debug] [Thread-2 (]: SQL status: SUCCESS 7 in 0.621 seconds
[0m11:38:31.059312 [debug] [Thread-2 (]: Writing runtime sql for node "model.dbt_olist_data_model.br_olist_order_payments"
[0m11:38:31.076532 [debug] [Thread-2 (]: Using snowflake connection "model.dbt_olist_data_model.br_olist_order_payments"
[0m11:38:31.082537 [debug] [Thread-2 (]: On model.dbt_olist_data_model.br_olist_order_payments: -- back compat for old kwarg name
  
  begin
/* {"app": "dbt", "dbt_version": "1.12.0", "profile_name": "dbt_olist_data_model", "target_name": "dev", "node_id": "model.dbt_olist_data_model.br_olist_order_payments"} */;
[0m11:38:32.148754 [debug] [Thread-2 (]: SQL status: SUCCESS 1 in 1.060 seconds
[0m11:38:32.155691 [debug] [Thread-2 (]: Using snowflake connection "model.dbt_olist_data_model.br_olist_order_payments"
[0m11:38:32.167944 [debug] [Thread-2 (]: On model.dbt_olist_data_model.br_olist_order_payments: merge into OLIST_DW.bronze.br_olist_order_payments as DBT_INTERNAL_DEST
        using OLIST_DW.bronze.br_olist_order_payments__dbt_tmp as DBT_INTERNAL_SOURCE
        on ((DBT_INTERNAL_SOURCE.payment_id = DBT_INTERNAL_DEST.payment_id))

    
    when matched then update set
        "PAYMENT_ID" = DBT_INTERNAL_SOURCE."PAYMENT_ID","ORDER_ID" = DBT_INTERNAL_SOURCE."ORDER_ID","PAYMENT_SEQUENTIAL" = DBT_INTERNAL_SOURCE."PAYMENT_SEQUENTIAL","PAYMENT_TYPE" = DBT_INTERNAL_SOURCE."PAYMENT_TYPE","PAYMENT_INSTALLMENTS" = DBT_INTERNAL_SOURCE."PAYMENT_INSTALLMENTS","PAYMENT_VALUE" = DBT_INTERNAL_SOURCE."PAYMENT_VALUE","INGESTED_AT" = DBT_INTERNAL_SOURCE."INGESTED_AT"
    

    when not matched then insert
        ("PAYMENT_ID", "ORDER_ID", "PAYMENT_SEQUENTIAL", "PAYMENT_TYPE", "PAYMENT_INSTALLMENTS", "PAYMENT_VALUE", "INGESTED_AT")
    values
        ("PAYMENT_ID", "ORDER_ID", "PAYMENT_SEQUENTIAL", "PAYMENT_TYPE", "PAYMENT_INSTALLMENTS", "PAYMENT_VALUE", "INGESTED_AT")


/* {"app": "dbt", "dbt_version": "1.12.0", "profile_name": "dbt_olist_data_model", "target_name": "dev", "node_id": "model.dbt_olist_data_model.br_olist_order_payments"} */;
[0m11:38:33.029447 [debug] [Thread-2 (]: SQL status: SUCCESS 0 in 0.853 seconds
[0m11:38:33.031453 [debug] [Thread-2 (]: Using snowflake connection "model.dbt_olist_data_model.br_olist_order_payments"
[0m11:38:33.034710 [debug] [Thread-2 (]: On model.dbt_olist_data_model.br_olist_order_payments: COMMIT
/* {"app": "dbt", "dbt_version": "1.12.0", "profile_name": "dbt_olist_data_model", "target_name": "dev", "node_id": "model.dbt_olist_data_model.br_olist_order_payments"} */
[0m11:38:33.466337 [debug] [Thread-2 (]: SQL status: SUCCESS 1 in 0.429 seconds
[0m11:38:33.478336 [debug] [Thread-2 (]: Applying DROP to: OLIST_DW.bronze.br_olist_order_payments__dbt_tmp
[0m11:38:33.487386 [debug] [Thread-2 (]: Using snowflake connection "model.dbt_olist_data_model.br_olist_order_payments"
[0m11:38:33.491494 [debug] [Thread-2 (]: On model.dbt_olist_data_model.br_olist_order_payments: drop view if exists OLIST_DW.bronze.br_olist_order_payments__dbt_tmp cascade
/* {"app": "dbt", "dbt_version": "1.12.0", "profile_name": "dbt_olist_data_model", "target_name": "dev", "node_id": "model.dbt_olist_data_model.br_olist_order_payments"} */
[0m11:38:34.148637 [debug] [Thread-2 (]: SQL status: SUCCESS 1 in 0.653 seconds
[0m11:38:34.161705 [debug] [Thread-2 (]: Sending event: {'category': 'dbt', 'action': 'run_model', 'label': 'ccfb9f55-2c67-40e7-a5c8-6d05f9cb3403', 'context': [<snowplow_tracker.self_describing_json.SelfDescribingJson object at 0x0000024140F6E350>]}
[0m11:38:34.169276 [info ] [Thread-2 (]: 4 of 17 OK created sql incremental model bronze.br_olist_order_payments ........ [[32mSUCCESS 0[0m in 8.39s]
[0m11:38:34.174314 [debug] [Thread-2 (]: Finished running node model.dbt_olist_data_model.br_olist_order_payments
[0m11:38:34.177312 [debug] [Thread-2 (]: Began running node model.dbt_olist_data_model.br_olist_order_reviews
[0m11:38:34.181881 [info ] [Thread-2 (]: 5 of 17 START sql incremental model bronze.br_olist_order_reviews .............. [RUN]
[0m11:38:34.188469 [debug] [Thread-2 (]: Re-using an available connection from the pool (formerly model.dbt_olist_data_model.br_olist_order_payments, now model.dbt_olist_data_model.br_olist_order_reviews)
[0m11:38:34.192955 [debug] [Thread-2 (]: Began compiling node model.dbt_olist_data_model.br_olist_order_reviews
[0m11:38:34.211025 [debug] [Thread-2 (]: Writing injected SQL for node "model.dbt_olist_data_model.br_olist_order_reviews"
[0m11:38:34.218029 [debug] [Thread-2 (]: Began executing node model.dbt_olist_data_model.br_olist_order_reviews
[0m11:38:34.236656 [debug] [Thread-2 (]: Using snowflake connection "model.dbt_olist_data_model.br_olist_order_reviews"
[0m11:38:34.240637 [debug] [Thread-2 (]: On model.dbt_olist_data_model.br_olist_order_reviews: create or replace  temporary view OLIST_DW.bronze.br_olist_order_reviews__dbt_tmp
  
  
  
  
  as (
    

select
    review_pk_id::number as review_pk_id,
    review_id,
    order_id,
    review_score::number as review_score,
    review_comment_title,
    review_comment_message,
    try_to_timestamp_ntz(review_creation_date) as review_creation_date,
    try_to_timestamp_ntz(review_answer_timestamp) as review_answer_timestamp,
    _ingested_at::timestamp_ntz as ingested_at
from olist_dw.raw.raw_olist_order_reviews


where _ingested_at::timestamp_ntz > (select max(ingested_at) from OLIST_DW.bronze.br_olist_order_reviews)

  )
/* {"app": "dbt", "dbt_version": "1.12.0", "profile_name": "dbt_olist_data_model", "target_name": "dev", "node_id": "model.dbt_olist_data_model.br_olist_order_reviews"} */;
[0m11:38:34.859495 [debug] [Thread-2 (]: SQL status: SUCCESS 1 in 0.614 seconds
[0m11:38:34.868492 [debug] [Thread-2 (]: Using snowflake connection "model.dbt_olist_data_model.br_olist_order_reviews"
[0m11:38:34.874587 [debug] [Thread-2 (]: On model.dbt_olist_data_model.br_olist_order_reviews: describe table OLIST_DW.bronze.br_olist_order_reviews__dbt_tmp
/* {"app": "dbt", "dbt_version": "1.12.0", "profile_name": "dbt_olist_data_model", "target_name": "dev", "node_id": "model.dbt_olist_data_model.br_olist_order_reviews"} */
[0m11:38:37.538863 [debug] [Thread-2 (]: SQL status: SUCCESS 9 in 2.659 seconds
[0m11:38:37.556861 [debug] [Thread-2 (]: Using snowflake connection "model.dbt_olist_data_model.br_olist_order_reviews"
[0m11:38:37.563594 [debug] [Thread-2 (]: On model.dbt_olist_data_model.br_olist_order_reviews: describe table OLIST_DW.bronze.br_olist_order_reviews
/* {"app": "dbt", "dbt_version": "1.12.0", "profile_name": "dbt_olist_data_model", "target_name": "dev", "node_id": "model.dbt_olist_data_model.br_olist_order_reviews"} */
[0m11:38:38.043173 [debug] [Thread-2 (]: SQL status: SUCCESS 9 in 0.475 seconds
[0m11:38:38.064466 [debug] [Thread-2 (]: Using snowflake connection "model.dbt_olist_data_model.br_olist_order_reviews"
[0m11:38:38.070582 [debug] [Thread-2 (]: On model.dbt_olist_data_model.br_olist_order_reviews: describe table "OLIST_DW"."BRONZE"."BR_OLIST_ORDER_REVIEWS"
/* {"app": "dbt", "dbt_version": "1.12.0", "profile_name": "dbt_olist_data_model", "target_name": "dev", "node_id": "model.dbt_olist_data_model.br_olist_order_reviews"} */
[0m11:38:39.013241 [debug] [Thread-2 (]: SQL status: SUCCESS 9 in 0.936 seconds
[0m11:38:39.032028 [debug] [Thread-2 (]: Writing runtime sql for node "model.dbt_olist_data_model.br_olist_order_reviews"
[0m11:38:39.045565 [debug] [Thread-2 (]: Using snowflake connection "model.dbt_olist_data_model.br_olist_order_reviews"
[0m11:38:39.046627 [debug] [Thread-2 (]: On model.dbt_olist_data_model.br_olist_order_reviews: -- back compat for old kwarg name
  
  begin
/* {"app": "dbt", "dbt_version": "1.12.0", "profile_name": "dbt_olist_data_model", "target_name": "dev", "node_id": "model.dbt_olist_data_model.br_olist_order_reviews"} */;
[0m11:38:40.631201 [debug] [Thread-2 (]: SQL status: SUCCESS 1 in 1.583 seconds
[0m11:38:40.634200 [debug] [Thread-2 (]: Using snowflake connection "model.dbt_olist_data_model.br_olist_order_reviews"
[0m11:38:40.639826 [debug] [Thread-2 (]: On model.dbt_olist_data_model.br_olist_order_reviews: merge into OLIST_DW.bronze.br_olist_order_reviews as DBT_INTERNAL_DEST
        using OLIST_DW.bronze.br_olist_order_reviews__dbt_tmp as DBT_INTERNAL_SOURCE
        on ((DBT_INTERNAL_SOURCE.review_pk_id = DBT_INTERNAL_DEST.review_pk_id))

    
    when matched then update set
        "REVIEW_PK_ID" = DBT_INTERNAL_SOURCE."REVIEW_PK_ID","REVIEW_ID" = DBT_INTERNAL_SOURCE."REVIEW_ID","ORDER_ID" = DBT_INTERNAL_SOURCE."ORDER_ID","REVIEW_SCORE" = DBT_INTERNAL_SOURCE."REVIEW_SCORE","REVIEW_COMMENT_TITLE" = DBT_INTERNAL_SOURCE."REVIEW_COMMENT_TITLE","REVIEW_COMMENT_MESSAGE" = DBT_INTERNAL_SOURCE."REVIEW_COMMENT_MESSAGE","REVIEW_CREATION_DATE" = DBT_INTERNAL_SOURCE."REVIEW_CREATION_DATE","REVIEW_ANSWER_TIMESTAMP" = DBT_INTERNAL_SOURCE."REVIEW_ANSWER_TIMESTAMP","INGESTED_AT" = DBT_INTERNAL_SOURCE."INGESTED_AT"
    

    when not matched then insert
        ("REVIEW_PK_ID", "REVIEW_ID", "ORDER_ID", "REVIEW_SCORE", "REVIEW_COMMENT_TITLE", "REVIEW_COMMENT_MESSAGE", "REVIEW_CREATION_DATE", "REVIEW_ANSWER_TIMESTAMP", "INGESTED_AT")
    values
        ("REVIEW_PK_ID", "REVIEW_ID", "ORDER_ID", "REVIEW_SCORE", "REVIEW_COMMENT_TITLE", "REVIEW_COMMENT_MESSAGE", "REVIEW_CREATION_DATE", "REVIEW_ANSWER_TIMESTAMP", "INGESTED_AT")


/* {"app": "dbt", "dbt_version": "1.12.0", "profile_name": "dbt_olist_data_model", "target_name": "dev", "node_id": "model.dbt_olist_data_model.br_olist_order_reviews"} */;
[0m11:38:41.457660 [debug] [Thread-2 (]: SQL status: SUCCESS 0 in 0.813 seconds
[0m11:38:41.462380 [debug] [Thread-2 (]: Using snowflake connection "model.dbt_olist_data_model.br_olist_order_reviews"
[0m11:38:41.465683 [debug] [Thread-2 (]: On model.dbt_olist_data_model.br_olist_order_reviews: COMMIT
/* {"app": "dbt", "dbt_version": "1.12.0", "profile_name": "dbt_olist_data_model", "target_name": "dev", "node_id": "model.dbt_olist_data_model.br_olist_order_reviews"} */
[0m11:38:41.911521 [debug] [Thread-2 (]: SQL status: SUCCESS 1 in 0.442 seconds
[0m11:38:41.930288 [debug] [Thread-2 (]: Applying DROP to: OLIST_DW.bronze.br_olist_order_reviews__dbt_tmp
[0m11:38:41.953535 [debug] [Thread-2 (]: Using snowflake connection "model.dbt_olist_data_model.br_olist_order_reviews"
[0m11:38:41.961313 [debug] [Thread-2 (]: On model.dbt_olist_data_model.br_olist_order_reviews: drop view if exists OLIST_DW.bronze.br_olist_order_reviews__dbt_tmp cascade
/* {"app": "dbt", "dbt_version": "1.12.0", "profile_name": "dbt_olist_data_model", "target_name": "dev", "node_id": "model.dbt_olist_data_model.br_olist_order_reviews"} */
[0m11:38:42.482419 [debug] [Thread-2 (]: SQL status: SUCCESS 1 in 0.509 seconds
[0m11:38:42.490980 [debug] [Thread-2 (]: Sending event: {'category': 'dbt', 'action': 'run_model', 'label': 'ccfb9f55-2c67-40e7-a5c8-6d05f9cb3403', 'context': [<snowplow_tracker.self_describing_json.SelfDescribingJson object at 0x0000024142470610>]}
[0m11:38:42.497589 [info ] [Thread-2 (]: 5 of 17 OK created sql incremental model bronze.br_olist_order_reviews ......... [[32mSUCCESS 0[0m in 8.30s]
[0m11:38:42.505206 [debug] [Thread-2 (]: Finished running node model.dbt_olist_data_model.br_olist_order_reviews
[0m11:38:42.510359 [debug] [Thread-2 (]: Began running node model.dbt_olist_data_model.br_olist_orders
[0m11:38:42.518261 [info ] [Thread-2 (]: 6 of 17 START sql incremental model bronze.br_olist_orders ..................... [RUN]
[0m11:38:42.527324 [debug] [Thread-2 (]: Re-using an available connection from the pool (formerly model.dbt_olist_data_model.br_olist_order_reviews, now model.dbt_olist_data_model.br_olist_orders)
[0m11:38:42.535325 [debug] [Thread-2 (]: Began compiling node model.dbt_olist_data_model.br_olist_orders
[0m11:38:42.551938 [debug] [Thread-2 (]: Writing injected SQL for node "model.dbt_olist_data_model.br_olist_orders"
[0m11:38:42.558916 [debug] [Thread-2 (]: Began executing node model.dbt_olist_data_model.br_olist_orders
[0m11:38:42.594362 [debug] [Thread-2 (]: Using snowflake connection "model.dbt_olist_data_model.br_olist_orders"
[0m11:38:42.601381 [debug] [Thread-2 (]: On model.dbt_olist_data_model.br_olist_orders: create or replace  temporary view OLIST_DW.bronze.br_olist_orders__dbt_tmp
  
  
  
  
  as (
    

select
    order_id,
    customer_id,
    order_status,
    try_to_timestamp_ntz(order_purchase_timestamp) as order_purchase_timestamp,
    try_to_timestamp_ntz(order_approved_at) as order_approved_at,
    try_to_timestamp_ntz(order_delivered_carrier_date) as order_delivered_carrier_date,
    try_to_timestamp_ntz(order_delivered_customer_date) as order_delivered_customer_date,
    try_to_timestamp_ntz(order_estimated_delivery_date) as order_estimated_delivery_date,
    _ingested_at::timestamp_ntz as ingested_at
from olist_dw.raw.raw_olist_orders


where _ingested_at::timestamp_ntz > (select max(ingested_at) from OLIST_DW.bronze.br_olist_orders)

  )
/* {"app": "dbt", "dbt_version": "1.12.0", "profile_name": "dbt_olist_data_model", "target_name": "dev", "node_id": "model.dbt_olist_data_model.br_olist_orders"} */;
[0m11:38:43.226596 [debug] [Thread-2 (]: SQL status: SUCCESS 1 in 0.623 seconds
[0m11:38:43.239742 [debug] [Thread-2 (]: Using snowflake connection "model.dbt_olist_data_model.br_olist_orders"
[0m11:38:43.245944 [debug] [Thread-2 (]: On model.dbt_olist_data_model.br_olist_orders: describe table OLIST_DW.bronze.br_olist_orders__dbt_tmp
/* {"app": "dbt", "dbt_version": "1.12.0", "profile_name": "dbt_olist_data_model", "target_name": "dev", "node_id": "model.dbt_olist_data_model.br_olist_orders"} */
[0m11:38:43.745522 [debug] [Thread-2 (]: SQL status: SUCCESS 9 in 0.493 seconds
[0m11:38:43.756116 [debug] [Thread-2 (]: Using snowflake connection "model.dbt_olist_data_model.br_olist_orders"
[0m11:38:43.759457 [debug] [Thread-2 (]: On model.dbt_olist_data_model.br_olist_orders: describe table OLIST_DW.bronze.br_olist_orders
/* {"app": "dbt", "dbt_version": "1.12.0", "profile_name": "dbt_olist_data_model", "target_name": "dev", "node_id": "model.dbt_olist_data_model.br_olist_orders"} */
[0m11:38:44.169626 [debug] [Thread-2 (]: SQL status: SUCCESS 9 in 0.405 seconds
[0m11:38:44.186584 [debug] [Thread-2 (]: Using snowflake connection "model.dbt_olist_data_model.br_olist_orders"
[0m11:38:44.191588 [debug] [Thread-2 (]: On model.dbt_olist_data_model.br_olist_orders: describe table "OLIST_DW"."BRONZE"."BR_OLIST_ORDERS"
/* {"app": "dbt", "dbt_version": "1.12.0", "profile_name": "dbt_olist_data_model", "target_name": "dev", "node_id": "model.dbt_olist_data_model.br_olist_orders"} */
[0m11:38:44.658596 [debug] [Thread-2 (]: SQL status: SUCCESS 9 in 0.463 seconds
[0m11:38:44.684603 [debug] [Thread-2 (]: Writing runtime sql for node "model.dbt_olist_data_model.br_olist_orders"
[0m11:38:44.703689 [debug] [Thread-2 (]: Using snowflake connection "model.dbt_olist_data_model.br_olist_orders"
[0m11:38:44.707685 [debug] [Thread-2 (]: On model.dbt_olist_data_model.br_olist_orders: -- back compat for old kwarg name
  
  begin
/* {"app": "dbt", "dbt_version": "1.12.0", "profile_name": "dbt_olist_data_model", "target_name": "dev", "node_id": "model.dbt_olist_data_model.br_olist_orders"} */;
[0m11:38:45.346116 [debug] [Thread-2 (]: SQL status: SUCCESS 1 in 0.634 seconds
[0m11:38:45.352458 [debug] [Thread-2 (]: Using snowflake connection "model.dbt_olist_data_model.br_olist_orders"
[0m11:38:45.358464 [debug] [Thread-2 (]: On model.dbt_olist_data_model.br_olist_orders: merge into OLIST_DW.bronze.br_olist_orders as DBT_INTERNAL_DEST
        using OLIST_DW.bronze.br_olist_orders__dbt_tmp as DBT_INTERNAL_SOURCE
        on ((DBT_INTERNAL_SOURCE.order_id = DBT_INTERNAL_DEST.order_id))

    
    when matched then update set
        "ORDER_ID" = DBT_INTERNAL_SOURCE."ORDER_ID","CUSTOMER_ID" = DBT_INTERNAL_SOURCE."CUSTOMER_ID","ORDER_STATUS" = DBT_INTERNAL_SOURCE."ORDER_STATUS","ORDER_PURCHASE_TIMESTAMP" = DBT_INTERNAL_SOURCE."ORDER_PURCHASE_TIMESTAMP","ORDER_APPROVED_AT" = DBT_INTERNAL_SOURCE."ORDER_APPROVED_AT","ORDER_DELIVERED_CARRIER_DATE" = DBT_INTERNAL_SOURCE."ORDER_DELIVERED_CARRIER_DATE","ORDER_DELIVERED_CUSTOMER_DATE" = DBT_INTERNAL_SOURCE."ORDER_DELIVERED_CUSTOMER_DATE","ORDER_ESTIMATED_DELIVERY_DATE" = DBT_INTERNAL_SOURCE."ORDER_ESTIMATED_DELIVERY_DATE","INGESTED_AT" = DBT_INTERNAL_SOURCE."INGESTED_AT"
    

    when not matched then insert
        ("ORDER_ID", "CUSTOMER_ID", "ORDER_STATUS", "ORDER_PURCHASE_TIMESTAMP", "ORDER_APPROVED_AT", "ORDER_DELIVERED_CARRIER_DATE", "ORDER_DELIVERED_CUSTOMER_DATE", "ORDER_ESTIMATED_DELIVERY_DATE", "INGESTED_AT")
    values
        ("ORDER_ID", "CUSTOMER_ID", "ORDER_STATUS", "ORDER_PURCHASE_TIMESTAMP", "ORDER_APPROVED_AT", "ORDER_DELIVERED_CARRIER_DATE", "ORDER_DELIVERED_CUSTOMER_DATE", "ORDER_ESTIMATED_DELIVERY_DATE", "INGESTED_AT")


/* {"app": "dbt", "dbt_version": "1.12.0", "profile_name": "dbt_olist_data_model", "target_name": "dev", "node_id": "model.dbt_olist_data_model.br_olist_orders"} */;
[0m11:38:46.290134 [debug] [Thread-2 (]: SQL status: SUCCESS 0 in 0.924 seconds
[0m11:38:46.292162 [debug] [Thread-2 (]: Using snowflake connection "model.dbt_olist_data_model.br_olist_orders"
[0m11:38:46.295268 [debug] [Thread-2 (]: On model.dbt_olist_data_model.br_olist_orders: COMMIT
/* {"app": "dbt", "dbt_version": "1.12.0", "profile_name": "dbt_olist_data_model", "target_name": "dev", "node_id": "model.dbt_olist_data_model.br_olist_orders"} */
[0m11:38:47.834837 [debug] [Thread-2 (]: SQL status: SUCCESS 1 in 1.538 seconds
[0m11:38:47.842493 [debug] [Thread-2 (]: Applying DROP to: OLIST_DW.bronze.br_olist_orders__dbt_tmp
[0m11:38:47.850737 [debug] [Thread-2 (]: Using snowflake connection "model.dbt_olist_data_model.br_olist_orders"
[0m11:38:47.853820 [debug] [Thread-2 (]: On model.dbt_olist_data_model.br_olist_orders: drop view if exists OLIST_DW.bronze.br_olist_orders__dbt_tmp cascade
/* {"app": "dbt", "dbt_version": "1.12.0", "profile_name": "dbt_olist_data_model", "target_name": "dev", "node_id": "model.dbt_olist_data_model.br_olist_orders"} */
[0m11:38:48.874291 [debug] [Thread-2 (]: SQL status: SUCCESS 1 in 1.018 seconds
[0m11:38:48.889867 [debug] [Thread-2 (]: Sending event: {'category': 'dbt', 'action': 'run_model', 'label': 'ccfb9f55-2c67-40e7-a5c8-6d05f9cb3403', 'context': [<snowplow_tracker.self_describing_json.SelfDescribingJson object at 0x0000024140FC2D10>]}
[0m11:38:48.895613 [info ] [Thread-2 (]: 6 of 17 OK created sql incremental model bronze.br_olist_orders ................ [[32mSUCCESS 0[0m in 6.36s]
[0m11:38:48.901603 [debug] [Thread-2 (]: Finished running node model.dbt_olist_data_model.br_olist_orders
[0m11:38:48.906103 [debug] [Thread-2 (]: Began running node model.dbt_olist_data_model.br_olist_product_category_translation
[0m11:38:48.914416 [info ] [Thread-2 (]: 7 of 17 START sql incremental model bronze.br_olist_product_category_translation  [RUN]
[0m11:38:48.935093 [debug] [Thread-2 (]: Re-using an available connection from the pool (formerly model.dbt_olist_data_model.br_olist_orders, now model.dbt_olist_data_model.br_olist_product_category_translation)
[0m11:38:48.947360 [debug] [Thread-2 (]: Began compiling node model.dbt_olist_data_model.br_olist_product_category_translation
[0m11:38:48.984867 [debug] [Thread-2 (]: Writing injected SQL for node "model.dbt_olist_data_model.br_olist_product_category_translation"
[0m11:38:48.994540 [debug] [Thread-2 (]: Began executing node model.dbt_olist_data_model.br_olist_product_category_translation
[0m11:38:49.022336 [debug] [Thread-2 (]: Using snowflake connection "model.dbt_olist_data_model.br_olist_product_category_translation"
[0m11:38:49.027337 [debug] [Thread-2 (]: On model.dbt_olist_data_model.br_olist_product_category_translation: create or replace  temporary view OLIST_DW.bronze.br_olist_product_category_translation__dbt_tmp
  
  
  
  
  as (
    

select
    product_category_id::number as product_category_id,
    product_category_name,
    product_category_name_english,
    _ingested_at::timestamp_ntz as ingested_at
from olist_dw.raw.raw_olist_product_category_translation


where _ingested_at::timestamp_ntz > (select max(ingested_at) from OLIST_DW.bronze.br_olist_product_category_translation)

  )
/* {"app": "dbt", "dbt_version": "1.12.0", "profile_name": "dbt_olist_data_model", "target_name": "dev", "node_id": "model.dbt_olist_data_model.br_olist_product_category_translation"} */;
[0m11:38:49.751354 [debug] [Thread-2 (]: SQL status: SUCCESS 1 in 0.716 seconds
[0m11:38:49.759995 [debug] [Thread-2 (]: Using snowflake connection "model.dbt_olist_data_model.br_olist_product_category_translation"
[0m11:38:49.764462 [debug] [Thread-2 (]: On model.dbt_olist_data_model.br_olist_product_category_translation: describe table OLIST_DW.bronze.br_olist_product_category_translation__dbt_tmp
/* {"app": "dbt", "dbt_version": "1.12.0", "profile_name": "dbt_olist_data_model", "target_name": "dev", "node_id": "model.dbt_olist_data_model.br_olist_product_category_translation"} */
[0m11:38:50.240455 [debug] [Thread-2 (]: SQL status: SUCCESS 4 in 0.474 seconds
[0m11:38:50.249457 [debug] [Thread-2 (]: Using snowflake connection "model.dbt_olist_data_model.br_olist_product_category_translation"
[0m11:38:50.254248 [debug] [Thread-2 (]: On model.dbt_olist_data_model.br_olist_product_category_translation: describe table OLIST_DW.bronze.br_olist_product_category_translation
/* {"app": "dbt", "dbt_version": "1.12.0", "profile_name": "dbt_olist_data_model", "target_name": "dev", "node_id": "model.dbt_olist_data_model.br_olist_product_category_translation"} */
[0m11:38:50.692505 [debug] [Thread-2 (]: SQL status: SUCCESS 4 in 0.435 seconds
[0m11:38:50.699505 [debug] [Thread-2 (]: Using snowflake connection "model.dbt_olist_data_model.br_olist_product_category_translation"
[0m11:38:50.702718 [debug] [Thread-2 (]: On model.dbt_olist_data_model.br_olist_product_category_translation: describe table "OLIST_DW"."BRONZE"."BR_OLIST_PRODUCT_CATEGORY_TRANSLATION"
/* {"app": "dbt", "dbt_version": "1.12.0", "profile_name": "dbt_olist_data_model", "target_name": "dev", "node_id": "model.dbt_olist_data_model.br_olist_product_category_translation"} */
[0m11:38:51.138883 [debug] [Thread-2 (]: SQL status: SUCCESS 4 in 0.433 seconds
[0m11:38:51.147779 [debug] [Thread-2 (]: Writing runtime sql for node "model.dbt_olist_data_model.br_olist_product_category_translation"
[0m11:38:51.157216 [debug] [Thread-2 (]: Using snowflake connection "model.dbt_olist_data_model.br_olist_product_category_translation"
[0m11:38:51.158899 [debug] [Thread-2 (]: On model.dbt_olist_data_model.br_olist_product_category_translation: -- back compat for old kwarg name
  
  begin
/* {"app": "dbt", "dbt_version": "1.12.0", "profile_name": "dbt_olist_data_model", "target_name": "dev", "node_id": "model.dbt_olist_data_model.br_olist_product_category_translation"} */;
[0m11:38:51.633519 [debug] [Thread-2 (]: SQL status: SUCCESS 1 in 0.472 seconds
[0m11:38:51.637524 [debug] [Thread-2 (]: Using snowflake connection "model.dbt_olist_data_model.br_olist_product_category_translation"
[0m11:38:51.642475 [debug] [Thread-2 (]: On model.dbt_olist_data_model.br_olist_product_category_translation: merge into OLIST_DW.bronze.br_olist_product_category_translation as DBT_INTERNAL_DEST
        using OLIST_DW.bronze.br_olist_product_category_translation__dbt_tmp as DBT_INTERNAL_SOURCE
        on ((DBT_INTERNAL_SOURCE.product_category_id = DBT_INTERNAL_DEST.product_category_id))

    
    when matched then update set
        "PRODUCT_CATEGORY_ID" = DBT_INTERNAL_SOURCE."PRODUCT_CATEGORY_ID","PRODUCT_CATEGORY_NAME" = DBT_INTERNAL_SOURCE."PRODUCT_CATEGORY_NAME","PRODUCT_CATEGORY_NAME_ENGLISH" = DBT_INTERNAL_SOURCE."PRODUCT_CATEGORY_NAME_ENGLISH","INGESTED_AT" = DBT_INTERNAL_SOURCE."INGESTED_AT"
    

    when not matched then insert
        ("PRODUCT_CATEGORY_ID", "PRODUCT_CATEGORY_NAME", "PRODUCT_CATEGORY_NAME_ENGLISH", "INGESTED_AT")
    values
        ("PRODUCT_CATEGORY_ID", "PRODUCT_CATEGORY_NAME", "PRODUCT_CATEGORY_NAME_ENGLISH", "INGESTED_AT")


/* {"app": "dbt", "dbt_version": "1.12.0", "profile_name": "dbt_olist_data_model", "target_name": "dev", "node_id": "model.dbt_olist_data_model.br_olist_product_category_translation"} */;
[0m11:38:53.001209 [debug] [Thread-2 (]: SQL status: SUCCESS 0 in 1.353 seconds
[0m11:38:53.004141 [debug] [Thread-2 (]: Using snowflake connection "model.dbt_olist_data_model.br_olist_product_category_translation"
[0m11:38:53.010812 [debug] [Thread-2 (]: On model.dbt_olist_data_model.br_olist_product_category_translation: COMMIT
/* {"app": "dbt", "dbt_version": "1.12.0", "profile_name": "dbt_olist_data_model", "target_name": "dev", "node_id": "model.dbt_olist_data_model.br_olist_product_category_translation"} */
[0m11:38:53.716621 [debug] [Thread-2 (]: SQL status: SUCCESS 1 in 0.698 seconds
[0m11:38:53.724772 [debug] [Thread-2 (]: Applying DROP to: OLIST_DW.bronze.br_olist_product_category_translation__dbt_tmp
[0m11:38:53.732770 [debug] [Thread-2 (]: Using snowflake connection "model.dbt_olist_data_model.br_olist_product_category_translation"
[0m11:38:53.736766 [debug] [Thread-2 (]: On model.dbt_olist_data_model.br_olist_product_category_translation: drop view if exists OLIST_DW.bronze.br_olist_product_category_translation__dbt_tmp cascade
/* {"app": "dbt", "dbt_version": "1.12.0", "profile_name": "dbt_olist_data_model", "target_name": "dev", "node_id": "model.dbt_olist_data_model.br_olist_product_category_translation"} */
[0m11:38:54.505525 [debug] [Thread-2 (]: SQL status: SUCCESS 1 in 0.760 seconds
[0m11:38:54.523175 [debug] [Thread-2 (]: Sending event: {'category': 'dbt', 'action': 'run_model', 'label': 'ccfb9f55-2c67-40e7-a5c8-6d05f9cb3403', 'context': [<snowplow_tracker.self_describing_json.SelfDescribingJson object at 0x0000024142594050>]}
[0m11:38:54.529834 [info ] [Thread-2 (]: 7 of 17 OK created sql incremental model bronze.br_olist_product_category_translation  [[32mSUCCESS 0[0m in 5.59s]
[0m11:38:54.538832 [debug] [Thread-2 (]: Finished running node model.dbt_olist_data_model.br_olist_product_category_translation
[0m11:38:54.546568 [debug] [Thread-2 (]: Began running node model.dbt_olist_data_model.br_olist_products
[0m11:38:54.555614 [info ] [Thread-2 (]: 8 of 17 START sql incremental model bronze.br_olist_products ................... [RUN]
[0m11:38:54.567885 [debug] [Thread-2 (]: Re-using an available connection from the pool (formerly model.dbt_olist_data_model.br_olist_product_category_translation, now model.dbt_olist_data_model.br_olist_products)
[0m11:38:54.575834 [debug] [Thread-2 (]: Began compiling node model.dbt_olist_data_model.br_olist_products
[0m11:38:54.628620 [debug] [Thread-2 (]: Writing injected SQL for node "model.dbt_olist_data_model.br_olist_products"
[0m11:38:54.639505 [debug] [Thread-2 (]: Began executing node model.dbt_olist_data_model.br_olist_products
[0m11:38:54.653371 [debug] [Thread-2 (]: Using snowflake connection "model.dbt_olist_data_model.br_olist_products"
[0m11:38:54.655373 [debug] [Thread-2 (]: On model.dbt_olist_data_model.br_olist_products: create or replace  temporary view OLIST_DW.bronze.br_olist_products__dbt_tmp
  
  
  
  
  as (
    

select
    product_id,
    product_category_name,
    try_to_number(product_name_lenght) as product_name_length,
    try_to_number(product_description_lenght) as product_description_length,
    try_to_number(product_photos_qty) as product_photos_qty,
    try_to_number(product_weight_g) as product_weight_g,
    try_to_number(product_length_cm) as product_length_cm,
    try_to_number(product_height_cm) as product_height_cm,
    try_to_number(product_width_cm) as product_width_cm,
    _ingested_at::timestamp_ntz as ingested_at
from olist_dw.raw.raw_olist_products


where _ingested_at::timestamp_ntz > (select max(ingested_at) from OLIST_DW.bronze.br_olist_products)

  )
/* {"app": "dbt", "dbt_version": "1.12.0", "profile_name": "dbt_olist_data_model", "target_name": "dev", "node_id": "model.dbt_olist_data_model.br_olist_products"} */;
[0m11:38:55.539472 [debug] [Thread-2 (]: SQL status: SUCCESS 1 in 0.881 seconds
[0m11:38:55.552434 [debug] [Thread-2 (]: Using snowflake connection "model.dbt_olist_data_model.br_olist_products"
[0m11:38:55.557619 [debug] [Thread-2 (]: On model.dbt_olist_data_model.br_olist_products: describe table OLIST_DW.bronze.br_olist_products__dbt_tmp
/* {"app": "dbt", "dbt_version": "1.12.0", "profile_name": "dbt_olist_data_model", "target_name": "dev", "node_id": "model.dbt_olist_data_model.br_olist_products"} */
[0m11:38:56.035725 [debug] [Thread-2 (]: SQL status: SUCCESS 10 in 0.472 seconds
[0m11:38:56.040720 [debug] [Thread-2 (]: Using snowflake connection "model.dbt_olist_data_model.br_olist_products"
[0m11:38:56.042720 [debug] [Thread-2 (]: On model.dbt_olist_data_model.br_olist_products: describe table OLIST_DW.bronze.br_olist_products
/* {"app": "dbt", "dbt_version": "1.12.0", "profile_name": "dbt_olist_data_model", "target_name": "dev", "node_id": "model.dbt_olist_data_model.br_olist_products"} */
[0m11:38:59.179828 [debug] [Thread-2 (]: SQL status: SUCCESS 10 in 3.135 seconds
[0m11:38:59.194650 [debug] [Thread-2 (]: Using snowflake connection "model.dbt_olist_data_model.br_olist_products"
[0m11:38:59.198738 [debug] [Thread-2 (]: On model.dbt_olist_data_model.br_olist_products: describe table "OLIST_DW"."BRONZE"."BR_OLIST_PRODUCTS"
/* {"app": "dbt", "dbt_version": "1.12.0", "profile_name": "dbt_olist_data_model", "target_name": "dev", "node_id": "model.dbt_olist_data_model.br_olist_products"} */
[0m11:38:59.616350 [debug] [Thread-2 (]: SQL status: SUCCESS 10 in 0.415 seconds
[0m11:38:59.653405 [debug] [Thread-2 (]: Writing runtime sql for node "model.dbt_olist_data_model.br_olist_products"
[0m11:38:59.681438 [debug] [Thread-2 (]: Using snowflake connection "model.dbt_olist_data_model.br_olist_products"
[0m11:38:59.692577 [debug] [Thread-2 (]: On model.dbt_olist_data_model.br_olist_products: -- back compat for old kwarg name
  
  begin
/* {"app": "dbt", "dbt_version": "1.12.0", "profile_name": "dbt_olist_data_model", "target_name": "dev", "node_id": "model.dbt_olist_data_model.br_olist_products"} */;
[0m11:39:00.484498 [debug] [Thread-2 (]: SQL status: SUCCESS 1 in 0.786 seconds
[0m11:39:00.486717 [debug] [Thread-2 (]: Using snowflake connection "model.dbt_olist_data_model.br_olist_products"
[0m11:39:00.490700 [debug] [Thread-2 (]: On model.dbt_olist_data_model.br_olist_products: merge into OLIST_DW.bronze.br_olist_products as DBT_INTERNAL_DEST
        using OLIST_DW.bronze.br_olist_products__dbt_tmp as DBT_INTERNAL_SOURCE
        on ((DBT_INTERNAL_SOURCE.product_id = DBT_INTERNAL_DEST.product_id))

    
    when matched then update set
        "PRODUCT_ID" = DBT_INTERNAL_SOURCE."PRODUCT_ID","PRODUCT_CATEGORY_NAME" = DBT_INTERNAL_SOURCE."PRODUCT_CATEGORY_NAME","PRODUCT_NAME_LENGTH" = DBT_INTERNAL_SOURCE."PRODUCT_NAME_LENGTH","PRODUCT_DESCRIPTION_LENGTH" = DBT_INTERNAL_SOURCE."PRODUCT_DESCRIPTION_LENGTH","PRODUCT_PHOTOS_QTY" = DBT_INTERNAL_SOURCE."PRODUCT_PHOTOS_QTY","PRODUCT_WEIGHT_G" = DBT_INTERNAL_SOURCE."PRODUCT_WEIGHT_G","PRODUCT_LENGTH_CM" = DBT_INTERNAL_SOURCE."PRODUCT_LENGTH_CM","PRODUCT_HEIGHT_CM" = DBT_INTERNAL_SOURCE."PRODUCT_HEIGHT_CM","PRODUCT_WIDTH_CM" = DBT_INTERNAL_SOURCE."PRODUCT_WIDTH_CM","INGESTED_AT" = DBT_INTERNAL_SOURCE."INGESTED_AT"
    

    when not matched then insert
        ("PRODUCT_ID", "PRODUCT_CATEGORY_NAME", "PRODUCT_NAME_LENGTH", "PRODUCT_DESCRIPTION_LENGTH", "PRODUCT_PHOTOS_QTY", "PRODUCT_WEIGHT_G", "PRODUCT_LENGTH_CM", "PRODUCT_HEIGHT_CM", "PRODUCT_WIDTH_CM", "INGESTED_AT")
    values
        ("PRODUCT_ID", "PRODUCT_CATEGORY_NAME", "PRODUCT_NAME_LENGTH", "PRODUCT_DESCRIPTION_LENGTH", "PRODUCT_PHOTOS_QTY", "PRODUCT_WEIGHT_G", "PRODUCT_LENGTH_CM", "PRODUCT_HEIGHT_CM", "PRODUCT_WIDTH_CM", "INGESTED_AT")


/* {"app": "dbt", "dbt_version": "1.12.0", "profile_name": "dbt_olist_data_model", "target_name": "dev", "node_id": "model.dbt_olist_data_model.br_olist_products"} */;
[0m11:39:01.615700 [debug] [Thread-2 (]: SQL status: SUCCESS 0 in 1.122 seconds
[0m11:39:01.617702 [debug] [Thread-2 (]: Using snowflake connection "model.dbt_olist_data_model.br_olist_products"
[0m11:39:01.621819 [debug] [Thread-2 (]: On model.dbt_olist_data_model.br_olist_products: COMMIT
/* {"app": "dbt", "dbt_version": "1.12.0", "profile_name": "dbt_olist_data_model", "target_name": "dev", "node_id": "model.dbt_olist_data_model.br_olist_products"} */
[0m11:39:02.334908 [debug] [Thread-2 (]: SQL status: SUCCESS 1 in 0.710 seconds
[0m11:39:02.351663 [debug] [Thread-2 (]: Applying DROP to: OLIST_DW.bronze.br_olist_products__dbt_tmp
[0m11:39:02.362546 [debug] [Thread-2 (]: Using snowflake connection "model.dbt_olist_data_model.br_olist_products"
[0m11:39:02.372426 [debug] [Thread-2 (]: On model.dbt_olist_data_model.br_olist_products: drop view if exists OLIST_DW.bronze.br_olist_products__dbt_tmp cascade
/* {"app": "dbt", "dbt_version": "1.12.0", "profile_name": "dbt_olist_data_model", "target_name": "dev", "node_id": "model.dbt_olist_data_model.br_olist_products"} */
[0m11:39:02.883742 [debug] [Thread-2 (]: SQL status: SUCCESS 1 in 0.506 seconds
[0m11:39:02.896158 [debug] [Thread-2 (]: Sending event: {'category': 'dbt', 'action': 'run_model', 'label': 'ccfb9f55-2c67-40e7-a5c8-6d05f9cb3403', 'context': [<snowplow_tracker.self_describing_json.SelfDescribingJson object at 0x00000241410A3CD0>]}
[0m11:39:02.902307 [info ] [Thread-2 (]: 8 of 17 OK created sql incremental model bronze.br_olist_products .............. [[32mSUCCESS 0[0m in 8.33s]
[0m11:39:02.908966 [debug] [Thread-2 (]: Finished running node model.dbt_olist_data_model.br_olist_products
[0m11:39:02.913889 [debug] [Thread-2 (]: Began running node model.dbt_olist_data_model.br_olist_sellers
[0m11:39:02.922736 [info ] [Thread-2 (]: 9 of 17 START sql incremental model bronze.br_olist_sellers .................... [RUN]
[0m11:39:02.933697 [debug] [Thread-2 (]: Re-using an available connection from the pool (formerly model.dbt_olist_data_model.br_olist_products, now model.dbt_olist_data_model.br_olist_sellers)
[0m11:39:02.944697 [debug] [Thread-2 (]: Began compiling node model.dbt_olist_data_model.br_olist_sellers
[0m11:39:03.023275 [debug] [Thread-2 (]: Writing injected SQL for node "model.dbt_olist_data_model.br_olist_sellers"
[0m11:39:03.130471 [debug] [Thread-2 (]: Began executing node model.dbt_olist_data_model.br_olist_sellers
[0m11:39:03.222004 [debug] [Thread-2 (]: Using snowflake connection "model.dbt_olist_data_model.br_olist_sellers"
[0m11:39:03.251006 [debug] [Thread-2 (]: On model.dbt_olist_data_model.br_olist_sellers: create or replace  temporary view OLIST_DW.bronze.br_olist_sellers__dbt_tmp
  
  
  
  
  as (
    

select
    seller_id,
    seller_zip_code_prefix,
    seller_city,
    seller_state,
    _ingested_at::timestamp_ntz as ingested_at
from olist_dw.raw.raw_olist_sellers


where _ingested_at::timestamp_ntz > (select max(ingested_at) from OLIST_DW.bronze.br_olist_sellers)

  )
/* {"app": "dbt", "dbt_version": "1.12.0", "profile_name": "dbt_olist_data_model", "target_name": "dev", "node_id": "model.dbt_olist_data_model.br_olist_sellers"} */;
[0m11:39:03.936865 [debug] [Thread-2 (]: SQL status: SUCCESS 1 in 0.680 seconds
[0m11:39:03.945863 [debug] [Thread-2 (]: Using snowflake connection "model.dbt_olist_data_model.br_olist_sellers"
[0m11:39:03.949869 [debug] [Thread-2 (]: On model.dbt_olist_data_model.br_olist_sellers: describe table OLIST_DW.bronze.br_olist_sellers__dbt_tmp
/* {"app": "dbt", "dbt_version": "1.12.0", "profile_name": "dbt_olist_data_model", "target_name": "dev", "node_id": "model.dbt_olist_data_model.br_olist_sellers"} */
[0m11:39:04.418715 [debug] [Thread-2 (]: SQL status: SUCCESS 5 in 0.465 seconds
[0m11:39:04.433915 [debug] [Thread-2 (]: Using snowflake connection "model.dbt_olist_data_model.br_olist_sellers"
[0m11:39:04.438807 [debug] [Thread-2 (]: On model.dbt_olist_data_model.br_olist_sellers: describe table OLIST_DW.bronze.br_olist_sellers
/* {"app": "dbt", "dbt_version": "1.12.0", "profile_name": "dbt_olist_data_model", "target_name": "dev", "node_id": "model.dbt_olist_data_model.br_olist_sellers"} */
[0m11:39:06.516477 [debug] [Thread-2 (]: SQL status: SUCCESS 5 in 2.072 seconds
[0m11:39:06.556776 [debug] [Thread-2 (]: Using snowflake connection "model.dbt_olist_data_model.br_olist_sellers"
[0m11:39:06.566044 [debug] [Thread-2 (]: On model.dbt_olist_data_model.br_olist_sellers: describe table "OLIST_DW"."BRONZE"."BR_OLIST_SELLERS"
/* {"app": "dbt", "dbt_version": "1.12.0", "profile_name": "dbt_olist_data_model", "target_name": "dev", "node_id": "model.dbt_olist_data_model.br_olist_sellers"} */
[0m11:39:07.825620 [debug] [Thread-2 (]: SQL status: SUCCESS 5 in 1.252 seconds
[0m11:39:07.844759 [debug] [Thread-2 (]: Writing runtime sql for node "model.dbt_olist_data_model.br_olist_sellers"
[0m11:39:07.863884 [debug] [Thread-2 (]: Using snowflake connection "model.dbt_olist_data_model.br_olist_sellers"
[0m11:39:07.869382 [debug] [Thread-2 (]: On model.dbt_olist_data_model.br_olist_sellers: -- back compat for old kwarg name
  
  begin
/* {"app": "dbt", "dbt_version": "1.12.0", "profile_name": "dbt_olist_data_model", "target_name": "dev", "node_id": "model.dbt_olist_data_model.br_olist_sellers"} */;
[0m11:39:10.245534 [debug] [Thread-2 (]: SQL status: SUCCESS 1 in 2.372 seconds
[0m11:39:10.246530 [debug] [Thread-2 (]: Using snowflake connection "model.dbt_olist_data_model.br_olist_sellers"
[0m11:39:10.249838 [debug] [Thread-2 (]: On model.dbt_olist_data_model.br_olist_sellers: merge into OLIST_DW.bronze.br_olist_sellers as DBT_INTERNAL_DEST
        using OLIST_DW.bronze.br_olist_sellers__dbt_tmp as DBT_INTERNAL_SOURCE
        on ((DBT_INTERNAL_SOURCE.seller_id = DBT_INTERNAL_DEST.seller_id))

    
    when matched then update set
        "SELLER_ID" = DBT_INTERNAL_SOURCE."SELLER_ID","SELLER_ZIP_CODE_PREFIX" = DBT_INTERNAL_SOURCE."SELLER_ZIP_CODE_PREFIX","SELLER_CITY" = DBT_INTERNAL_SOURCE."SELLER_CITY","SELLER_STATE" = DBT_INTERNAL_SOURCE."SELLER_STATE","INGESTED_AT" = DBT_INTERNAL_SOURCE."INGESTED_AT"
    

    when not matched then insert
        ("SELLER_ID", "SELLER_ZIP_CODE_PREFIX", "SELLER_CITY", "SELLER_STATE", "INGESTED_AT")
    values
        ("SELLER_ID", "SELLER_ZIP_CODE_PREFIX", "SELLER_CITY", "SELLER_STATE", "INGESTED_AT")


/* {"app": "dbt", "dbt_version": "1.12.0", "profile_name": "dbt_olist_data_model", "target_name": "dev", "node_id": "model.dbt_olist_data_model.br_olist_sellers"} */;
[0m11:39:11.483638 [debug] [Thread-2 (]: SQL status: SUCCESS 0 in 1.230 seconds
[0m11:39:11.489106 [debug] [Thread-2 (]: Using snowflake connection "model.dbt_olist_data_model.br_olist_sellers"
[0m11:39:11.491122 [debug] [Thread-2 (]: On model.dbt_olist_data_model.br_olist_sellers: COMMIT
/* {"app": "dbt", "dbt_version": "1.12.0", "profile_name": "dbt_olist_data_model", "target_name": "dev", "node_id": "model.dbt_olist_data_model.br_olist_sellers"} */
[0m11:39:12.505452 [debug] [Thread-2 (]: SQL status: SUCCESS 1 in 1.012 seconds
[0m11:39:12.517450 [debug] [Thread-2 (]: Applying DROP to: OLIST_DW.bronze.br_olist_sellers__dbt_tmp
[0m11:39:12.526514 [debug] [Thread-2 (]: Using snowflake connection "model.dbt_olist_data_model.br_olist_sellers"
[0m11:39:12.533454 [debug] [Thread-2 (]: On model.dbt_olist_data_model.br_olist_sellers: drop view if exists OLIST_DW.bronze.br_olist_sellers__dbt_tmp cascade
/* {"app": "dbt", "dbt_version": "1.12.0", "profile_name": "dbt_olist_data_model", "target_name": "dev", "node_id": "model.dbt_olist_data_model.br_olist_sellers"} */
[0m11:39:13.357617 [debug] [Thread-2 (]: SQL status: SUCCESS 1 in 0.818 seconds
[0m11:39:13.367942 [debug] [Thread-2 (]: Sending event: {'category': 'dbt', 'action': 'run_model', 'label': 'ccfb9f55-2c67-40e7-a5c8-6d05f9cb3403', 'context': [<snowplow_tracker.self_describing_json.SelfDescribingJson object at 0x0000024140F88510>]}
[0m11:39:13.373015 [info ] [Thread-2 (]: 9 of 17 OK created sql incremental model bronze.br_olist_sellers ............... [[32mSUCCESS 0[0m in 10.44s]
[0m11:39:13.376398 [debug] [Thread-2 (]: Finished running node model.dbt_olist_data_model.br_olist_sellers
[0m11:39:13.379332 [debug] [Thread-2 (]: Began running node model.dbt_olist_data_model.slv_customers
[0m11:39:13.382334 [info ] [Thread-2 (]: 10 of 17 START sql incremental model silver.slv_customers ...................... [RUN]
[0m11:39:13.386550 [debug] [Thread-2 (]: Re-using an available connection from the pool (formerly model.dbt_olist_data_model.br_olist_sellers, now model.dbt_olist_data_model.slv_customers)
[0m11:39:13.391822 [debug] [Thread-2 (]: Began compiling node model.dbt_olist_data_model.slv_customers
[0m11:39:13.413498 [debug] [Thread-2 (]: Writing injected SQL for node "model.dbt_olist_data_model.slv_customers"
[0m11:39:13.486507 [debug] [Thread-2 (]: Began executing node model.dbt_olist_data_model.slv_customers
[0m11:39:13.628126 [debug] [Thread-2 (]: Writing runtime sql for node "model.dbt_olist_data_model.slv_customers"
[0m11:39:13.670938 [debug] [Thread-2 (]: Using snowflake connection "model.dbt_olist_data_model.slv_customers"
[0m11:39:13.674098 [debug] [Thread-2 (]: On model.dbt_olist_data_model.slv_customers: create or replace transient table OLIST_DW.silver.slv_customers
    
    
    
    
    

    as (

select
    customer_id,
    customer_unique_id,

    case
        when customer_zip_code_prefix is null then 'unknown'
        else customer_zip_code_prefix
    end as customer_zip_code_prefix,

    case
        when customer_city is null then 'unknown'
        when customer_city regexp '^[0-9].*' then 'unknown'
        else customer_city
    end as customer_city,

    case
        when customer_state is null then 'unknown'
        when customer_state regexp '^[0-9].*' then 'unknown'
        else customer_state
    end as customer_state,

    ingested_at
from OLIST_DW.bronze.br_olist_customers


    )

/* {"app": "dbt", "dbt_version": "1.12.0", "profile_name": "dbt_olist_data_model", "target_name": "dev", "node_id": "model.dbt_olist_data_model.slv_customers"} */;
[0m11:39:15.650636 [debug] [Thread-2 (]: SQL status: SUCCESS 99441 in 1.974 seconds
[0m11:39:15.656889 [debug] [Thread-2 (]: Applying DROP to: OLIST_DW.silver.slv_customers__dbt_tmp
[0m11:39:15.661504 [debug] [Thread-2 (]: Using snowflake connection "model.dbt_olist_data_model.slv_customers"
[0m11:39:15.664812 [debug] [Thread-2 (]: On model.dbt_olist_data_model.slv_customers: drop view if exists OLIST_DW.silver.slv_customers__dbt_tmp cascade
/* {"app": "dbt", "dbt_version": "1.12.0", "profile_name": "dbt_olist_data_model", "target_name": "dev", "node_id": "model.dbt_olist_data_model.slv_customers"} */
[0m11:39:16.226624 [debug] [Thread-2 (]: SQL status: SUCCESS 1 in 0.559 seconds
[0m11:39:16.239624 [debug] [Thread-2 (]: Sending event: {'category': 'dbt', 'action': 'run_model', 'label': 'ccfb9f55-2c67-40e7-a5c8-6d05f9cb3403', 'context': [<snowplow_tracker.self_describing_json.SelfDescribingJson object at 0x0000024141007750>]}
[0m11:39:16.246625 [info ] [Thread-2 (]: 10 of 17 OK created sql incremental model silver.slv_customers ................. [[32mSUCCESS 99441[0m in 2.85s]
[0m11:39:16.254627 [debug] [Thread-2 (]: Finished running node model.dbt_olist_data_model.slv_customers
[0m11:39:16.259509 [debug] [Thread-2 (]: Began running node model.dbt_olist_data_model.slv_geolocation
[0m11:39:16.263511 [info ] [Thread-2 (]: 11 of 17 START sql incremental model silver.slv_geolocation .................... [RUN]
[0m11:39:16.270510 [debug] [Thread-2 (]: Re-using an available connection from the pool (formerly model.dbt_olist_data_model.slv_customers, now model.dbt_olist_data_model.slv_geolocation)
[0m11:39:16.275762 [debug] [Thread-2 (]: Began compiling node model.dbt_olist_data_model.slv_geolocation
[0m11:39:16.288406 [debug] [Thread-2 (]: Writing injected SQL for node "model.dbt_olist_data_model.slv_geolocation"
[0m11:39:16.291399 [debug] [Thread-2 (]: Began executing node model.dbt_olist_data_model.slv_geolocation
[0m11:39:16.304461 [debug] [Thread-2 (]: Writing runtime sql for node "model.dbt_olist_data_model.slv_geolocation"
[0m11:39:16.309173 [debug] [Thread-2 (]: Using snowflake connection "model.dbt_olist_data_model.slv_geolocation"
[0m11:39:16.312191 [debug] [Thread-2 (]: On model.dbt_olist_data_model.slv_geolocation: create or replace transient table OLIST_DW.silver.slv_geolocation
    
    
    
    
    

    as (

select
    geolocation_id,

    case
        when geolocation_zip_code_prefix is null then 'unknown'
        else geolocation_zip_code_prefix
    end as geolocation_zip_code_prefix,

    geolocation_lat,
    geolocation_lng,

    case
        when geolocation_city is null then 'unknown'
        when geolocation_city regexp '^[0-9].*' then 'unknown'
        else geolocation_city
    end as geolocation_city,

    case
        when geolocation_state is null then 'unknown'
        when geolocation_state regexp '^[0-9].*' then 'unknown'
        else geolocation_state
    end as geolocation_state,

    ingested_at
from OLIST_DW.bronze.br_olist_geolocation


    )

/* {"app": "dbt", "dbt_version": "1.12.0", "profile_name": "dbt_olist_data_model", "target_name": "dev", "node_id": "model.dbt_olist_data_model.slv_geolocation"} */;
[0m11:39:24.064470 [debug] [Thread-2 (]: SQL status: SUCCESS 1000163 in 7.746 seconds
[0m11:39:24.071475 [debug] [Thread-2 (]: Applying DROP to: OLIST_DW.silver.slv_geolocation__dbt_tmp
[0m11:39:24.077471 [debug] [Thread-2 (]: Using snowflake connection "model.dbt_olist_data_model.slv_geolocation"
[0m11:39:24.081470 [debug] [Thread-2 (]: On model.dbt_olist_data_model.slv_geolocation: drop view if exists OLIST_DW.silver.slv_geolocation__dbt_tmp cascade
/* {"app": "dbt", "dbt_version": "1.12.0", "profile_name": "dbt_olist_data_model", "target_name": "dev", "node_id": "model.dbt_olist_data_model.slv_geolocation"} */
[0m11:39:25.133645 [debug] [Thread-2 (]: SQL status: SUCCESS 1 in 1.049 seconds
[0m11:39:25.146878 [debug] [Thread-2 (]: Sending event: {'category': 'dbt', 'action': 'run_model', 'label': 'ccfb9f55-2c67-40e7-a5c8-6d05f9cb3403', 'context': [<snowplow_tracker.self_describing_json.SelfDescribingJson object at 0x000002414257B810>]}
[0m11:39:25.154631 [info ] [Thread-2 (]: 11 of 17 OK created sql incremental model silver.slv_geolocation ............... [[32mSUCCESS 1000163[0m in 8.88s]
[0m11:39:25.160649 [debug] [Thread-2 (]: Finished running node model.dbt_olist_data_model.slv_geolocation
[0m11:39:25.166792 [debug] [Thread-2 (]: Began running node model.dbt_olist_data_model.slv_order_items
[0m11:39:25.173654 [info ] [Thread-2 (]: 12 of 17 START sql incremental model silver.slv_order_items .................... [RUN]
[0m11:39:25.188793 [debug] [Thread-2 (]: Re-using an available connection from the pool (formerly model.dbt_olist_data_model.slv_geolocation, now model.dbt_olist_data_model.slv_order_items)
[0m11:39:25.194816 [debug] [Thread-2 (]: Began compiling node model.dbt_olist_data_model.slv_order_items
[0m11:39:25.207415 [debug] [Thread-2 (]: Writing injected SQL for node "model.dbt_olist_data_model.slv_order_items"
[0m11:39:25.334563 [debug] [Thread-2 (]: Began executing node model.dbt_olist_data_model.slv_order_items
[0m11:39:25.344562 [debug] [Thread-2 (]: Writing runtime sql for node "model.dbt_olist_data_model.slv_order_items"
[0m11:39:25.399605 [debug] [Thread-2 (]: Using snowflake connection "model.dbt_olist_data_model.slv_order_items"
[0m11:39:25.439609 [debug] [Thread-2 (]: On model.dbt_olist_data_model.slv_order_items: create or replace transient table OLIST_DW.silver.slv_order_items
    
    
    
    
    

    as (

select
    order_id,
    order_item_id,

    case
        when product_id is null then 'unknown'
        else product_id
    end as product_id,

    case
        when seller_id is null then 'unknown'
        else seller_id
    end as seller_id,

    shipping_limit_date,
    price,
    freight_value,
    ingested_at
from OLIST_DW.bronze.br_olist_order_items


    )

/* {"app": "dbt", "dbt_version": "1.12.0", "profile_name": "dbt_olist_data_model", "target_name": "dev", "node_id": "model.dbt_olist_data_model.slv_order_items"} */;
[0m11:39:27.185479 [debug] [Thread-2 (]: SQL status: SUCCESS 112650 in 1.740 seconds
[0m11:39:27.193476 [debug] [Thread-2 (]: Applying DROP to: OLIST_DW.silver.slv_order_items__dbt_tmp
[0m11:39:27.200731 [debug] [Thread-2 (]: Using snowflake connection "model.dbt_olist_data_model.slv_order_items"
[0m11:39:27.205581 [debug] [Thread-2 (]: On model.dbt_olist_data_model.slv_order_items: drop view if exists OLIST_DW.silver.slv_order_items__dbt_tmp cascade
/* {"app": "dbt", "dbt_version": "1.12.0", "profile_name": "dbt_olist_data_model", "target_name": "dev", "node_id": "model.dbt_olist_data_model.slv_order_items"} */
[0m11:39:27.896263 [debug] [Thread-2 (]: SQL status: SUCCESS 1 in 0.687 seconds
[0m11:39:27.903219 [debug] [Thread-2 (]: Sending event: {'category': 'dbt', 'action': 'run_model', 'label': 'ccfb9f55-2c67-40e7-a5c8-6d05f9cb3403', 'context': [<snowplow_tracker.self_describing_json.SelfDescribingJson object at 0x0000024142564D90>]}
[0m11:39:27.907426 [info ] [Thread-2 (]: 12 of 17 OK created sql incremental model silver.slv_order_items ............... [[32mSUCCESS 112650[0m in 2.71s]
[0m11:39:27.910519 [debug] [Thread-2 (]: Finished running node model.dbt_olist_data_model.slv_order_items
[0m11:39:27.913511 [debug] [Thread-2 (]: Began running node model.dbt_olist_data_model.slv_order_payments
[0m11:39:27.916556 [info ] [Thread-2 (]: 13 of 17 START sql incremental model silver.slv_order_payments ................. [RUN]
[0m11:39:27.920515 [debug] [Thread-2 (]: Re-using an available connection from the pool (formerly model.dbt_olist_data_model.slv_order_items, now model.dbt_olist_data_model.slv_order_payments)
[0m11:39:27.923557 [debug] [Thread-2 (]: Began compiling node model.dbt_olist_data_model.slv_order_payments
[0m11:39:27.947781 [debug] [Thread-2 (]: Writing injected SQL for node "model.dbt_olist_data_model.slv_order_payments"
[0m11:39:27.952921 [debug] [Thread-2 (]: Began executing node model.dbt_olist_data_model.slv_order_payments
[0m11:39:27.968537 [debug] [Thread-2 (]: Writing runtime sql for node "model.dbt_olist_data_model.slv_order_payments"
[0m11:39:27.976533 [debug] [Thread-2 (]: Using snowflake connection "model.dbt_olist_data_model.slv_order_payments"
[0m11:39:27.980711 [debug] [Thread-2 (]: On model.dbt_olist_data_model.slv_order_payments: create or replace transient table OLIST_DW.silver.slv_order_payments
    
    
    
    
    

    as (

select
    case
        when order_id is null then 'unknown'
        else order_id
    end as order_id,

    payment_sequential,

    case
        when payment_type is null then 'not_defined'
        when payment_type regexp '^[0-9].*' then 'not_defined'
        else payment_type
    end as payment_type,

    payment_installments,
    payment_value,
    ingested_at
from OLIST_DW.bronze.br_olist_order_payments


    )

/* {"app": "dbt", "dbt_version": "1.12.0", "profile_name": "dbt_olist_data_model", "target_name": "dev", "node_id": "model.dbt_olist_data_model.slv_order_payments"} */;
[0m11:39:29.432120 [debug] [Thread-2 (]: SQL status: SUCCESS 103886 in 1.449 seconds
[0m11:39:29.442025 [debug] [Thread-2 (]: Applying DROP to: OLIST_DW.silver.slv_order_payments__dbt_tmp
[0m11:39:29.446928 [debug] [Thread-2 (]: Using snowflake connection "model.dbt_olist_data_model.slv_order_payments"
[0m11:39:29.449627 [debug] [Thread-2 (]: On model.dbt_olist_data_model.slv_order_payments: drop view if exists OLIST_DW.silver.slv_order_payments__dbt_tmp cascade
/* {"app": "dbt", "dbt_version": "1.12.0", "profile_name": "dbt_olist_data_model", "target_name": "dev", "node_id": "model.dbt_olist_data_model.slv_order_payments"} */
[0m11:39:30.588071 [debug] [Thread-2 (]: SQL status: SUCCESS 1 in 1.134 seconds
[0m11:39:30.599482 [debug] [Thread-2 (]: Sending event: {'category': 'dbt', 'action': 'run_model', 'label': 'ccfb9f55-2c67-40e7-a5c8-6d05f9cb3403', 'context': [<snowplow_tracker.self_describing_json.SelfDescribingJson object at 0x0000024141269B90>]}
[0m11:39:30.606371 [info ] [Thread-2 (]: 13 of 17 OK created sql incremental model silver.slv_order_payments ............ [[32mSUCCESS 103886[0m in 2.68s]
[0m11:39:30.615405 [debug] [Thread-2 (]: Finished running node model.dbt_olist_data_model.slv_order_payments
[0m11:39:30.621564 [debug] [Thread-2 (]: Began running node model.dbt_olist_data_model.slv_order_review
[0m11:39:30.628562 [info ] [Thread-2 (]: 14 of 17 START sql incremental model silver.slv_order_review ................... [RUN]
[0m11:39:30.636316 [debug] [Thread-2 (]: Re-using an available connection from the pool (formerly model.dbt_olist_data_model.slv_order_payments, now model.dbt_olist_data_model.slv_order_review)
[0m11:39:30.646589 [debug] [Thread-2 (]: Began compiling node model.dbt_olist_data_model.slv_order_review
[0m11:39:30.701529 [debug] [Thread-2 (]: Writing injected SQL for node "model.dbt_olist_data_model.slv_order_review"
[0m11:39:30.714004 [debug] [Thread-2 (]: Began executing node model.dbt_olist_data_model.slv_order_review
[0m11:39:30.727004 [debug] [Thread-2 (]: Writing runtime sql for node "model.dbt_olist_data_model.slv_order_review"
[0m11:39:30.733590 [debug] [Thread-2 (]: Using snowflake connection "model.dbt_olist_data_model.slv_order_review"
[0m11:39:30.735597 [debug] [Thread-2 (]: On model.dbt_olist_data_model.slv_order_review: create or replace transient table OLIST_DW.silver.slv_order_review
    
    
    
    
    

    as (

select
    review_pk_id,

    case
        when review_id is null then 'unknown'
        else review_id
    end as review_id,

    case
        when order_id is null then 'unknown'
        else order_id
    end as order_id,

    review_score,

    case
        when review_comment_title is null then 'unknown'
        else review_comment_title
    end as review_comment_title,

    case
        when review_comment_message is null then 'unknown'
        else review_comment_message
    end as review_comment_message,

    review_creation_date,
    review_answer_timestamp,
    ingested_at
from OLIST_DW.bronze.br_olist_order_reviews


    )

/* {"app": "dbt", "dbt_version": "1.12.0", "profile_name": "dbt_olist_data_model", "target_name": "dev", "node_id": "model.dbt_olist_data_model.slv_order_review"} */;
[0m11:39:32.335571 [debug] [Thread-2 (]: SQL status: SUCCESS 99223 in 1.597 seconds
[0m11:39:32.349353 [debug] [Thread-2 (]: Applying DROP to: OLIST_DW.silver.slv_order_review__dbt_tmp
[0m11:39:32.358386 [debug] [Thread-2 (]: Using snowflake connection "model.dbt_olist_data_model.slv_order_review"
[0m11:39:32.365400 [debug] [Thread-2 (]: On model.dbt_olist_data_model.slv_order_review: drop view if exists OLIST_DW.silver.slv_order_review__dbt_tmp cascade
/* {"app": "dbt", "dbt_version": "1.12.0", "profile_name": "dbt_olist_data_model", "target_name": "dev", "node_id": "model.dbt_olist_data_model.slv_order_review"} */
[0m11:39:32.867045 [debug] [Thread-2 (]: SQL status: SUCCESS 1 in 0.497 seconds
[0m11:39:32.881310 [debug] [Thread-2 (]: Sending event: {'category': 'dbt', 'action': 'run_model', 'label': 'ccfb9f55-2c67-40e7-a5c8-6d05f9cb3403', 'context': [<snowplow_tracker.self_describing_json.SelfDescribingJson object at 0x0000024140F6BB10>]}
[0m11:39:32.884573 [info ] [Thread-2 (]: 14 of 17 OK created sql incremental model silver.slv_order_review .............. [[32mSUCCESS 99223[0m in 2.25s]
[0m11:39:32.893548 [debug] [Thread-2 (]: Finished running node model.dbt_olist_data_model.slv_order_review
[0m11:39:32.898564 [debug] [Thread-2 (]: Began running node model.dbt_olist_data_model.slv_orders
[0m11:39:32.903829 [info ] [Thread-2 (]: 15 of 17 START sql incremental model silver.slv_orders ......................... [RUN]
[0m11:39:32.912755 [debug] [Thread-2 (]: Re-using an available connection from the pool (formerly model.dbt_olist_data_model.slv_order_review, now model.dbt_olist_data_model.slv_orders)
[0m11:39:32.920738 [debug] [Thread-2 (]: Began compiling node model.dbt_olist_data_model.slv_orders
[0m11:39:32.955023 [debug] [Thread-2 (]: Writing injected SQL for node "model.dbt_olist_data_model.slv_orders"
[0m11:39:32.980939 [debug] [Thread-2 (]: Began executing node model.dbt_olist_data_model.slv_orders
[0m11:39:33.016633 [debug] [Thread-2 (]: Writing runtime sql for node "model.dbt_olist_data_model.slv_orders"
[0m11:39:33.033046 [debug] [Thread-2 (]: Using snowflake connection "model.dbt_olist_data_model.slv_orders"
[0m11:39:33.037504 [debug] [Thread-2 (]: On model.dbt_olist_data_model.slv_orders: create or replace transient table OLIST_DW.silver.slv_orders
    
    
    
    
    

    as (

select
    order_id,
    customer_id,

    case
        when order_status is null then 'unknown'
        when order_status regexp '^[0-9].*' then 'unknown'
        else order_status
    end as order_status,

    order_purchase_timestamp,
    order_approved_at,
    order_delivered_carrier_date,
    order_delivered_customer_date,
    order_estimated_delivery_date,
    ingested_at
from OLIST_DW.bronze.br_olist_orders


    )

/* {"app": "dbt", "dbt_version": "1.12.0", "profile_name": "dbt_olist_data_model", "target_name": "dev", "node_id": "model.dbt_olist_data_model.slv_orders"} */;
[0m11:39:35.009735 [debug] [Thread-2 (]: SQL status: SUCCESS 99441 in 1.966 seconds
[0m11:39:35.020598 [debug] [Thread-2 (]: Applying DROP to: OLIST_DW.silver.slv_orders__dbt_tmp
[0m11:39:35.027600 [debug] [Thread-2 (]: Using snowflake connection "model.dbt_olist_data_model.slv_orders"
[0m11:39:35.032600 [debug] [Thread-2 (]: On model.dbt_olist_data_model.slv_orders: drop view if exists OLIST_DW.silver.slv_orders__dbt_tmp cascade
/* {"app": "dbt", "dbt_version": "1.12.0", "profile_name": "dbt_olist_data_model", "target_name": "dev", "node_id": "model.dbt_olist_data_model.slv_orders"} */
[0m11:39:35.583728 [debug] [Thread-2 (]: SQL status: SUCCESS 1 in 0.548 seconds
[0m11:39:35.594728 [debug] [Thread-2 (]: Sending event: {'category': 'dbt', 'action': 'run_model', 'label': 'ccfb9f55-2c67-40e7-a5c8-6d05f9cb3403', 'context': [<snowplow_tracker.self_describing_json.SelfDescribingJson object at 0x0000024142468750>]}
[0m11:39:35.599839 [info ] [Thread-2 (]: 15 of 17 OK created sql incremental model silver.slv_orders .................... [[32mSUCCESS 99441[0m in 2.68s]
[0m11:39:35.605839 [debug] [Thread-2 (]: Finished running node model.dbt_olist_data_model.slv_orders
[0m11:39:35.610098 [debug] [Thread-2 (]: Began running node model.dbt_olist_data_model.slv_products
[0m11:39:35.615035 [info ] [Thread-2 (]: 16 of 17 START sql incremental model silver.slv_products ....................... [RUN]
[0m11:39:35.623416 [debug] [Thread-2 (]: Re-using an available connection from the pool (formerly model.dbt_olist_data_model.slv_orders, now model.dbt_olist_data_model.slv_products)
[0m11:39:35.630479 [debug] [Thread-2 (]: Began compiling node model.dbt_olist_data_model.slv_products
[0m11:39:35.657695 [debug] [Thread-2 (]: Writing injected SQL for node "model.dbt_olist_data_model.slv_products"
[0m11:39:35.680469 [debug] [Thread-2 (]: Began executing node model.dbt_olist_data_model.slv_products
[0m11:39:35.702352 [debug] [Thread-2 (]: Writing runtime sql for node "model.dbt_olist_data_model.slv_products"
[0m11:39:35.720325 [debug] [Thread-2 (]: Using snowflake connection "model.dbt_olist_data_model.slv_products"
[0m11:39:35.725328 [debug] [Thread-2 (]: On model.dbt_olist_data_model.slv_products: create or replace transient table OLIST_DW.silver.slv_products
    
    
    
    
    

    as (

with products as (
    select * from OLIST_DW.bronze.br_olist_products
    
),

category_translation as (
    select * from OLIST_DW.bronze.br_olist_product_category_translation
)

select
    p.product_id,

    case
        when p.product_category_name is null then 'unknown'
        when p.product_category_name regexp '^[0-9].*' then 'unknown'
        else p.product_category_name
    end as product_category_name,

    case
        when c.product_category_name_english is null then 'unknown'
        else c.product_category_name_english
    end as product_category_name_english,

    p.product_name_length,
    p.product_description_length,
    p.product_photos_qty,
    p.product_weight_g,
    p.product_length_cm,
    p.product_height_cm,
    p.product_width_cm,
    p.ingested_at
from products p
left join category_translation c
    on p.product_category_name = c.product_category_name
    )

/* {"app": "dbt", "dbt_version": "1.12.0", "profile_name": "dbt_olist_data_model", "target_name": "dev", "node_id": "model.dbt_olist_data_model.slv_products"} */;
[0m11:39:37.283347 [debug] [Thread-2 (]: SQL status: SUCCESS 32951 in 1.552 seconds
[0m11:39:37.302345 [debug] [Thread-2 (]: Applying DROP to: OLIST_DW.silver.slv_products__dbt_tmp
[0m11:39:37.313712 [debug] [Thread-2 (]: Using snowflake connection "model.dbt_olist_data_model.slv_products"
[0m11:39:37.321719 [debug] [Thread-2 (]: On model.dbt_olist_data_model.slv_products: drop view if exists OLIST_DW.silver.slv_products__dbt_tmp cascade
/* {"app": "dbt", "dbt_version": "1.12.0", "profile_name": "dbt_olist_data_model", "target_name": "dev", "node_id": "model.dbt_olist_data_model.slv_products"} */
[0m11:39:37.967403 [debug] [Thread-2 (]: SQL status: SUCCESS 1 in 0.640 seconds
[0m11:39:37.973003 [debug] [Thread-2 (]: Sending event: {'category': 'dbt', 'action': 'run_model', 'label': 'ccfb9f55-2c67-40e7-a5c8-6d05f9cb3403', 'context': [<snowplow_tracker.self_describing_json.SelfDescribingJson object at 0x000002414256B690>]}
[0m11:39:37.974964 [info ] [Thread-2 (]: 16 of 17 OK created sql incremental model silver.slv_products .................. [[32mSUCCESS 32951[0m in 2.35s]
[0m11:39:37.977964 [debug] [Thread-2 (]: Finished running node model.dbt_olist_data_model.slv_products
[0m11:39:37.980503 [debug] [Thread-2 (]: Began running node model.dbt_olist_data_model.slv_sellers
[0m11:39:37.982505 [info ] [Thread-2 (]: 17 of 17 START sql incremental model silver.slv_sellers ........................ [RUN]
[0m11:39:37.985503 [debug] [Thread-2 (]: Re-using an available connection from the pool (formerly model.dbt_olist_data_model.slv_products, now model.dbt_olist_data_model.slv_sellers)
[0m11:39:37.988703 [debug] [Thread-2 (]: Began compiling node model.dbt_olist_data_model.slv_sellers
[0m11:39:38.000276 [debug] [Thread-2 (]: Writing injected SQL for node "model.dbt_olist_data_model.slv_sellers"
[0m11:39:38.006550 [debug] [Thread-2 (]: Began executing node model.dbt_olist_data_model.slv_sellers
[0m11:39:38.015330 [debug] [Thread-2 (]: Writing runtime sql for node "model.dbt_olist_data_model.slv_sellers"
[0m11:39:38.018918 [debug] [Thread-2 (]: Using snowflake connection "model.dbt_olist_data_model.slv_sellers"
[0m11:39:38.021088 [debug] [Thread-2 (]: On model.dbt_olist_data_model.slv_sellers: create or replace transient table OLIST_DW.silver.slv_sellers
    
    
    
    
    

    as (

select
    seller_id,

    case
        when seller_zip_code_prefix is null then 'unknown'
        else seller_zip_code_prefix
    end as seller_zip_code_prefix,

    case
        when seller_city is null then 'unknown'
        when seller_city regexp '^[0-9].*' then 'unknown'
        else seller_city
    end as seller_city,

    case
        when seller_state is null then 'unknown'
        when seller_state regexp '^[0-9].*' then 'unknown'
        else seller_state
    end as seller_state,

    ingested_at
from OLIST_DW.bronze.br_olist_sellers


    )

/* {"app": "dbt", "dbt_version": "1.12.0", "profile_name": "dbt_olist_data_model", "target_name": "dev", "node_id": "model.dbt_olist_data_model.slv_sellers"} */;
[0m11:39:39.397476 [debug] [Thread-2 (]: SQL status: SUCCESS 3095 in 1.374 seconds
[0m11:39:39.418946 [debug] [Thread-2 (]: Applying DROP to: OLIST_DW.silver.slv_sellers__dbt_tmp
[0m11:39:39.436389 [debug] [Thread-2 (]: Using snowflake connection "model.dbt_olist_data_model.slv_sellers"
[0m11:39:39.445389 [debug] [Thread-2 (]: On model.dbt_olist_data_model.slv_sellers: drop view if exists OLIST_DW.silver.slv_sellers__dbt_tmp cascade
/* {"app": "dbt", "dbt_version": "1.12.0", "profile_name": "dbt_olist_data_model", "target_name": "dev", "node_id": "model.dbt_olist_data_model.slv_sellers"} */
[0m11:39:39.896669 [debug] [Thread-2 (]: SQL status: SUCCESS 1 in 0.444 seconds
[0m11:39:39.904392 [debug] [Thread-2 (]: Sending event: {'category': 'dbt', 'action': 'run_model', 'label': 'ccfb9f55-2c67-40e7-a5c8-6d05f9cb3403', 'context': [<snowplow_tracker.self_describing_json.SelfDescribingJson object at 0x00000241425B5590>]}
[0m11:39:39.909384 [info ] [Thread-2 (]: 17 of 17 OK created sql incremental model silver.slv_sellers ................... [[32mSUCCESS 3095[0m in 1.92s]
[0m11:39:39.915381 [debug] [Thread-2 (]: Finished running node model.dbt_olist_data_model.slv_sellers
[0m11:39:39.926291 [debug] [MainThread]: Connection 'master' was properly closed.
[0m11:39:39.928465 [debug] [MainThread]: Connection 'create_OLIST_DW_silver' was left open.
[0m11:39:39.943927 [debug] [MainThread]: On create_OLIST_DW_silver: Close
[0m11:39:40.911589 [debug] [MainThread]: Connection 'list_OLIST_DW_silver' was left open.
[0m11:39:40.914600 [debug] [MainThread]: On list_OLIST_DW_silver: Close
[0m11:39:41.843268 [debug] [MainThread]: Connection 'model.dbt_olist_data_model.slv_sellers' was left open.
[0m11:39:41.847265 [debug] [MainThread]: On model.dbt_olist_data_model.slv_sellers: Close
[0m11:39:42.988469 [info ] [MainThread]: 
[0m11:39:42.994450 [info ] [MainThread]: Finished running 17 incremental models in 0 hours 2 minutes and 5.71 seconds (125.71s).
[0m11:39:43.029584 [debug] [MainThread]: Command end result
[0m11:39:43.132577 [debug] [MainThread]: Wrote artifact WritableManifest to C:\Users\lenovo\Documents\Data_Engineering\Portfolio\Data-Migration-from-MySQL-Database-to-Migration-with-Full-CI-CD-Pipeline\dbt_olist_data_model\target\manifest.json
[0m11:39:43.138581 [debug] [MainThread]: Wrote artifact SemanticManifest to C:\Users\lenovo\Documents\Data_Engineering\Portfolio\Data-Migration-from-MySQL-Database-to-Migration-with-Full-CI-CD-Pipeline\dbt_olist_data_model\target\semantic_manifest.json
[0m11:39:43.147627 [debug] [MainThread]: Wrote artifact OsiDocument to C:\Users\lenovo\Documents\Data_Engineering\Portfolio\Data-Migration-from-MySQL-Database-to-Migration-with-Full-CI-CD-Pipeline\dbt_olist_data_model\target\osi_document.json
[0m11:39:43.169414 [debug] [MainThread]: Wrote artifact RunExecutionResult to C:\Users\lenovo\Documents\Data_Engineering\Portfolio\Data-Migration-from-MySQL-Database-to-Migration-with-Full-CI-CD-Pipeline\dbt_olist_data_model\target\run_results.json
[0m11:39:43.171605 [info ] [MainThread]: 
[0m11:39:43.175219 [info ] [MainThread]: [32mCompleted successfully[0m
[0m11:39:43.177343 [info ] [MainThread]: 
[0m11:39:43.180401 [info ] [MainThread]: Done. PASS=17 WARN=0 ERROR=0 SKIP=0 NO-OP=0 REUSED=0 TOTAL=17
[0m11:39:43.184425 [debug] [MainThread]: Command `dbt run` succeeded at 11:39:43.184425 after 129.58 seconds
[0m11:39:43.186884 [debug] [MainThread]: Sending event: {'category': 'dbt', 'action': 'invocation', 'label': 'end', 'context': [<snowplow_tracker.self_describing_json.SelfDescribingJson object at 0x000002413F6BAC90>, <snowplow_tracker.self_describing_json.SelfDescribingJson object at 0x000002413F6BAF10>, <snowplow_tracker.self_describing_json.SelfDescribingJson object at 0x000002413F511210>]}
[0m11:39:43.189476 [debug] [MainThread]: Flushing usage events
[0m11:39:49.353871 [debug] [MainThread]: An error was encountered while trying to flush usage events
[0m12:39:19.705828 [debug] [MainThread]: Sending event: {'category': 'dbt', 'action': 'invocation', 'label': 'start', 'context': [<snowplow_tracker.self_describing_json.SelfDescribingJson object at 0x0000026B90506BD0>, <snowplow_tracker.self_describing_json.SelfDescribingJson object at 0x0000026B90507D90>, <snowplow_tracker.self_describing_json.SelfDescribingJson object at 0x0000026B90506FD0>]}


============================== 12:39:19.713830 | 48f35c90-287a-4e34-b6a4-732ff5a84719 ==============================
[0m12:39:19.713830 [info ] [MainThread]: Running with dbt=1.12.0
[0m12:39:19.716831 [debug] [MainThread]: running dbt with arguments {'maximum_seed_size_mib': '1', 'no_print': 'None', 'static_parser': 'True', 'warn_error_options': 'WarnErrorOptionsV2(error=[], warn=[], silence=[])', 'target_path': 'None', 'version_check': 'True', 'printer_width': '80', 'write_json': 'True', 'introspect': 'True', 'log_cache_events': 'False', 'empty': 'False', 'cache_selected_only': 'False', 'log_format': 'default', 'debug': 'False', 'fail_fast': 'False', 'partial_parse': 'True', 'send_anonymous_usage_stats': 'True', 'quiet': 'False', 'warn_error': 'None', 'profiles_dir': 'C:\\Users\\lenovo\\.dbt', 'use_colors': 'True', 'hints_enabled': 'True', 'invocation_command': 'dbt compile', 'use_experimental_parser': 'False', 'indirect_selection': 'eager', 'log_path': 'C:\\Users\\lenovo\\Documents\\Data_Engineering\\Portfolio\\Data-Migration-from-MySQL-Database-to-Migration-with-Full-CI-CD-Pipeline\\dbt_olist_data_model\\logs'}
[0m12:39:21.172446 [debug] [MainThread]: Snowflake adapter: Setting snowflake.connector to ERROR (file logging only)
[0m12:39:21.174449 [debug] [MainThread]: Snowflake adapter: Setting botocore to ERROR (file logging only)
[0m12:39:21.177450 [debug] [MainThread]: Snowflake adapter: Setting boto3 to ERROR (file logging only)
[0m12:39:22.218443 [debug] [MainThread]: Sending event: {'category': 'dbt', 'action': 'project_id', 'label': '48f35c90-287a-4e34-b6a4-732ff5a84719', 'context': [<snowplow_tracker.self_describing_json.SelfDescribingJson object at 0x0000026B9058FBD0>]}
[0m12:39:22.384445 [debug] [MainThread]: Sending event: {'category': 'dbt', 'action': 'adapter_info', 'label': '48f35c90-287a-4e34-b6a4-732ff5a84719', 'context': [<snowplow_tracker.self_describing_json.SelfDescribingJson object at 0x0000026B8E168390>]}
[0m12:39:22.389449 [info ] [MainThread]: Registered adapter: snowflake=1.12.0
[0m12:39:23.250493 [debug] [MainThread]: checksum: fa19c417bd532b9cc714519aa84e06d9b91dd956fbccdd320c8e6f600c8f48a8, vars: {}, profile: dbt_olist_data_model, target: dev, version: 1.12.0
[0m12:39:23.638469 [debug] [MainThread]: Partial parsing enabled: 0 files deleted, 0 files added, 0 files changed.
[0m12:39:23.639470 [debug] [MainThread]: Nothing changed, skipping partial parsing.
[0m12:39:23.641469 [debug] [MainThread]: Partial parsing enabled, no changes found, skipping parsing
[0m12:39:23.658466 [warn ] [MainThread]: [[33mWARNING[0m]: Configuration paths exist in your dbt_project.yml file which do not apply to any resources.
There are 1 unused configuration paths:
- models.dbt_olist_data_model.gold
[0m12:39:23.668469 [debug] [MainThread]: Sending event: {'category': 'dbt', 'action': 'load_project', 'label': '48f35c90-287a-4e34-b6a4-732ff5a84719', 'context': [<snowplow_tracker.self_describing_json.SelfDescribingJson object at 0x0000026B92047310>]}
[0m12:39:23.983474 [debug] [MainThread]: Wrote artifact WritableManifest to C:\Users\lenovo\Documents\Data_Engineering\Portfolio\Data-Migration-from-MySQL-Database-to-Migration-with-Full-CI-CD-Pipeline\dbt_olist_data_model\target\manifest.json
[0m12:39:23.990468 [debug] [MainThread]: Wrote artifact SemanticManifest to C:\Users\lenovo\Documents\Data_Engineering\Portfolio\Data-Migration-from-MySQL-Database-to-Migration-with-Full-CI-CD-Pipeline\dbt_olist_data_model\target\semantic_manifest.json
[0m12:39:24.154471 [debug] [MainThread]: Wrote artifact OsiDocument to C:\Users\lenovo\Documents\Data_Engineering\Portfolio\Data-Migration-from-MySQL-Database-to-Migration-with-Full-CI-CD-Pipeline\dbt_olist_data_model\target\osi_document.json
[0m12:39:24.185477 [debug] [MainThread]: Sending event: {'category': 'dbt', 'action': 'resource_counts', 'label': '48f35c90-287a-4e34-b6a4-732ff5a84719', 'context': [<snowplow_tracker.self_describing_json.SelfDescribingJson object at 0x0000026B9196F050>]}
[0m12:39:24.187468 [info ] [MainThread]: Found 17 models, 9 sources, 546 macros
[0m12:39:24.189469 [debug] [MainThread]: Sending event: {'category': 'dbt', 'action': 'runnable_timing', 'label': '48f35c90-287a-4e34-b6a4-732ff5a84719', 'context': [<snowplow_tracker.self_describing_json.SelfDescribingJson object at 0x0000026B920CEA50>]}
[0m12:39:24.196471 [info ] [MainThread]: 
[0m12:39:24.199475 [info ] [MainThread]: Concurrency: 1 threads (target='dev')
[0m12:39:24.202472 [info ] [MainThread]: 
[0m12:39:24.206493 [debug] [MainThread]: Acquiring new snowflake connection 'master'
[0m12:39:24.234469 [debug] [ThreadPool]: Acquiring new snowflake connection 'list_OLIST_DW_silver'
[0m12:39:24.277471 [debug] [ThreadPool]: Using snowflake connection "list_OLIST_DW_silver"
[0m12:39:24.280469 [debug] [ThreadPool]: On list_OLIST_DW_silver: show objects in OLIST_DW.silver
    limit 10000
    

/* {"app": "dbt", "dbt_version": "1.12.0", "profile_name": "dbt_olist_data_model", "target_name": "dev", "connection_name": "list_OLIST_DW_silver"} */;
[0m12:39:24.281468 [debug] [ThreadPool]: Opening a new connection, currently in state init
[0m12:39:26.535213 [debug] [ThreadPool]: SQL status: SUCCESS 0 in 2.253 seconds
[0m12:39:26.554193 [debug] [ThreadPool]: Using snowflake connection "list_OLIST_DW_silver"
[0m12:39:26.555699 [debug] [ThreadPool]: On list_OLIST_DW_silver: show user functions in OLIST_DW.silver
/* {"app": "dbt", "dbt_version": "1.12.0", "profile_name": "dbt_olist_data_model", "target_name": "dev", "connection_name": "list_OLIST_DW_silver"} */
[0m12:39:26.895216 [debug] [ThreadPool]: SQL status: SUCCESS 0 in 0.338 seconds
[0m12:39:26.901210 [debug] [ThreadPool]: Re-using an available connection from the pool (formerly list_OLIST_DW_silver, now list_OLIST_DW_bronze)
[0m12:39:26.913215 [debug] [ThreadPool]: Using snowflake connection "list_OLIST_DW_bronze"
[0m12:39:26.915208 [debug] [ThreadPool]: On list_OLIST_DW_bronze: show objects in OLIST_DW.bronze
    limit 10000
    

/* {"app": "dbt", "dbt_version": "1.12.0", "profile_name": "dbt_olist_data_model", "target_name": "dev", "connection_name": "list_OLIST_DW_bronze"} */;
[0m12:39:27.600716 [debug] [ThreadPool]: SQL status: SUCCESS 9 in 0.682 seconds
[0m12:39:27.628720 [debug] [ThreadPool]: Using snowflake connection "list_OLIST_DW_bronze"
[0m12:39:27.647706 [debug] [ThreadPool]: On list_OLIST_DW_bronze: show user functions in OLIST_DW.bronze
/* {"app": "dbt", "dbt_version": "1.12.0", "profile_name": "dbt_olist_data_model", "target_name": "dev", "connection_name": "list_OLIST_DW_bronze"} */
[0m12:39:27.966706 [debug] [ThreadPool]: SQL status: SUCCESS 0 in 0.316 seconds
[0m12:39:27.987701 [debug] [MainThread]: Sending event: {'category': 'dbt', 'action': 'runnable_timing', 'label': '48f35c90-287a-4e34-b6a4-732ff5a84719', 'context': [<snowplow_tracker.self_describing_json.SelfDescribingJson object at 0x0000026B8EE46850>]}
[0m12:39:28.032700 [debug] [Thread-2 (]: Began running node model.dbt_olist_data_model.br_olist_customers
[0m12:39:28.033702 [debug] [Thread-2 (]: Acquiring new snowflake connection 'model.dbt_olist_data_model.br_olist_customers'
[0m12:39:28.035703 [debug] [Thread-2 (]: Began compiling node model.dbt_olist_data_model.br_olist_customers
[0m12:39:28.054703 [debug] [Thread-2 (]: Writing injected SQL for node "model.dbt_olist_data_model.br_olist_customers"
[0m12:39:28.058701 [debug] [Thread-2 (]: Began executing node model.dbt_olist_data_model.br_olist_customers
[0m12:39:28.060704 [debug] [Thread-2 (]: Finished running node model.dbt_olist_data_model.br_olist_customers
[0m12:39:28.062702 [debug] [Thread-2 (]: Began running node model.dbt_olist_data_model.br_olist_geolocation
[0m12:39:28.064702 [debug] [Thread-2 (]: Re-using an available connection from the pool (formerly model.dbt_olist_data_model.br_olist_customers, now model.dbt_olist_data_model.br_olist_geolocation)
[0m12:39:28.065699 [debug] [Thread-2 (]: Began compiling node model.dbt_olist_data_model.br_olist_geolocation
[0m12:39:28.070704 [debug] [Thread-2 (]: Writing injected SQL for node "model.dbt_olist_data_model.br_olist_geolocation"
[0m12:39:28.074701 [debug] [Thread-2 (]: Began executing node model.dbt_olist_data_model.br_olist_geolocation
[0m12:39:28.076703 [debug] [Thread-2 (]: Finished running node model.dbt_olist_data_model.br_olist_geolocation
[0m12:39:28.078701 [debug] [Thread-2 (]: Began running node model.dbt_olist_data_model.br_olist_order_items
[0m12:39:28.079701 [debug] [Thread-2 (]: Re-using an available connection from the pool (formerly model.dbt_olist_data_model.br_olist_geolocation, now model.dbt_olist_data_model.br_olist_order_items)
[0m12:39:28.081699 [debug] [Thread-2 (]: Began compiling node model.dbt_olist_data_model.br_olist_order_items
[0m12:39:28.085697 [debug] [Thread-2 (]: Writing injected SQL for node "model.dbt_olist_data_model.br_olist_order_items"
[0m12:39:28.088700 [debug] [Thread-2 (]: Began executing node model.dbt_olist_data_model.br_olist_order_items
[0m12:39:28.090701 [debug] [Thread-2 (]: Finished running node model.dbt_olist_data_model.br_olist_order_items
[0m12:39:28.092701 [debug] [Thread-2 (]: Began running node model.dbt_olist_data_model.br_olist_order_payments
[0m12:39:28.093700 [debug] [Thread-2 (]: Re-using an available connection from the pool (formerly model.dbt_olist_data_model.br_olist_order_items, now model.dbt_olist_data_model.br_olist_order_payments)
[0m12:39:28.094701 [debug] [Thread-2 (]: Began compiling node model.dbt_olist_data_model.br_olist_order_payments
[0m12:39:28.099699 [debug] [Thread-2 (]: Writing injected SQL for node "model.dbt_olist_data_model.br_olist_order_payments"
[0m12:39:28.101698 [debug] [Thread-2 (]: Began executing node model.dbt_olist_data_model.br_olist_order_payments
[0m12:39:28.104699 [debug] [Thread-2 (]: Finished running node model.dbt_olist_data_model.br_olist_order_payments
[0m12:39:28.105701 [debug] [Thread-2 (]: Began running node model.dbt_olist_data_model.br_olist_order_reviews
[0m12:39:28.106700 [debug] [Thread-2 (]: Re-using an available connection from the pool (formerly model.dbt_olist_data_model.br_olist_order_payments, now model.dbt_olist_data_model.br_olist_order_reviews)
[0m12:39:28.107701 [debug] [Thread-2 (]: Began compiling node model.dbt_olist_data_model.br_olist_order_reviews
[0m12:39:28.112700 [debug] [Thread-2 (]: Writing injected SQL for node "model.dbt_olist_data_model.br_olist_order_reviews"
[0m12:39:28.115698 [debug] [Thread-2 (]: Began executing node model.dbt_olist_data_model.br_olist_order_reviews
[0m12:39:28.117702 [debug] [Thread-2 (]: Finished running node model.dbt_olist_data_model.br_olist_order_reviews
[0m12:39:28.118703 [debug] [Thread-2 (]: Began running node model.dbt_olist_data_model.br_olist_orders
[0m12:39:28.120702 [debug] [Thread-2 (]: Re-using an available connection from the pool (formerly model.dbt_olist_data_model.br_olist_order_reviews, now model.dbt_olist_data_model.br_olist_orders)
[0m12:39:28.121701 [debug] [Thread-2 (]: Began compiling node model.dbt_olist_data_model.br_olist_orders
[0m12:39:28.126700 [debug] [Thread-2 (]: Writing injected SQL for node "model.dbt_olist_data_model.br_olist_orders"
[0m12:39:28.128701 [debug] [Thread-2 (]: Began executing node model.dbt_olist_data_model.br_olist_orders
[0m12:39:28.130700 [debug] [Thread-2 (]: Finished running node model.dbt_olist_data_model.br_olist_orders
[0m12:39:28.132701 [debug] [Thread-2 (]: Began running node model.dbt_olist_data_model.br_olist_product_category_translation
[0m12:39:28.133700 [debug] [Thread-2 (]: Re-using an available connection from the pool (formerly model.dbt_olist_data_model.br_olist_orders, now model.dbt_olist_data_model.br_olist_product_category_translation)
[0m12:39:28.134698 [debug] [Thread-2 (]: Began compiling node model.dbt_olist_data_model.br_olist_product_category_translation
[0m12:39:28.139700 [debug] [Thread-2 (]: Writing injected SQL for node "model.dbt_olist_data_model.br_olist_product_category_translation"
[0m12:39:28.142700 [debug] [Thread-2 (]: Began executing node model.dbt_olist_data_model.br_olist_product_category_translation
[0m12:39:28.144702 [debug] [Thread-2 (]: Finished running node model.dbt_olist_data_model.br_olist_product_category_translation
[0m12:39:28.145698 [debug] [Thread-2 (]: Began running node model.dbt_olist_data_model.br_olist_products
[0m12:39:28.146701 [debug] [Thread-2 (]: Re-using an available connection from the pool (formerly model.dbt_olist_data_model.br_olist_product_category_translation, now model.dbt_olist_data_model.br_olist_products)
[0m12:39:28.147699 [debug] [Thread-2 (]: Began compiling node model.dbt_olist_data_model.br_olist_products
[0m12:39:28.152700 [debug] [Thread-2 (]: Writing injected SQL for node "model.dbt_olist_data_model.br_olist_products"
[0m12:39:28.155699 [debug] [Thread-2 (]: Began executing node model.dbt_olist_data_model.br_olist_products
[0m12:39:28.157707 [debug] [Thread-2 (]: Finished running node model.dbt_olist_data_model.br_olist_products
[0m12:39:28.158700 [debug] [Thread-2 (]: Began running node model.dbt_olist_data_model.br_olist_sellers
[0m12:39:28.159699 [debug] [Thread-2 (]: Re-using an available connection from the pool (formerly model.dbt_olist_data_model.br_olist_products, now model.dbt_olist_data_model.br_olist_sellers)
[0m12:39:28.161700 [debug] [Thread-2 (]: Began compiling node model.dbt_olist_data_model.br_olist_sellers
[0m12:39:28.165700 [debug] [Thread-2 (]: Writing injected SQL for node "model.dbt_olist_data_model.br_olist_sellers"
[0m12:39:28.167699 [debug] [Thread-2 (]: Began executing node model.dbt_olist_data_model.br_olist_sellers
[0m12:39:28.169704 [debug] [Thread-2 (]: Finished running node model.dbt_olist_data_model.br_olist_sellers
[0m12:39:28.171700 [debug] [Thread-2 (]: Began running node model.dbt_olist_data_model.slv_customers
[0m12:39:28.172699 [debug] [Thread-2 (]: Re-using an available connection from the pool (formerly model.dbt_olist_data_model.br_olist_sellers, now model.dbt_olist_data_model.slv_customers)
[0m12:39:28.173711 [debug] [Thread-2 (]: Began compiling node model.dbt_olist_data_model.slv_customers
[0m12:39:28.179701 [debug] [Thread-2 (]: Writing injected SQL for node "model.dbt_olist_data_model.slv_customers"
[0m12:39:28.181698 [debug] [Thread-2 (]: Began executing node model.dbt_olist_data_model.slv_customers
[0m12:39:28.184703 [debug] [Thread-2 (]: Finished running node model.dbt_olist_data_model.slv_customers
[0m12:39:28.185700 [debug] [Thread-2 (]: Began running node model.dbt_olist_data_model.slv_geolocation
[0m12:39:28.186699 [debug] [Thread-2 (]: Re-using an available connection from the pool (formerly model.dbt_olist_data_model.slv_customers, now model.dbt_olist_data_model.slv_geolocation)
[0m12:39:28.188704 [debug] [Thread-2 (]: Began compiling node model.dbt_olist_data_model.slv_geolocation
[0m12:39:28.192699 [debug] [Thread-2 (]: Writing injected SQL for node "model.dbt_olist_data_model.slv_geolocation"
[0m12:39:28.195705 [debug] [Thread-2 (]: Began executing node model.dbt_olist_data_model.slv_geolocation
[0m12:39:28.196698 [debug] [Thread-2 (]: Finished running node model.dbt_olist_data_model.slv_geolocation
[0m12:39:28.198700 [debug] [Thread-2 (]: Began running node model.dbt_olist_data_model.slv_order_items
[0m12:39:28.199698 [debug] [Thread-2 (]: Re-using an available connection from the pool (formerly model.dbt_olist_data_model.slv_geolocation, now model.dbt_olist_data_model.slv_order_items)
[0m12:39:28.201700 [debug] [Thread-2 (]: Began compiling node model.dbt_olist_data_model.slv_order_items
[0m12:39:28.205699 [debug] [Thread-2 (]: Writing injected SQL for node "model.dbt_olist_data_model.slv_order_items"
[0m12:39:28.207701 [debug] [Thread-2 (]: Began executing node model.dbt_olist_data_model.slv_order_items
[0m12:39:28.209702 [debug] [Thread-2 (]: Finished running node model.dbt_olist_data_model.slv_order_items
[0m12:39:28.210700 [debug] [Thread-2 (]: Began running node model.dbt_olist_data_model.slv_order_payments
[0m12:39:28.212707 [debug] [Thread-2 (]: Re-using an available connection from the pool (formerly model.dbt_olist_data_model.slv_order_items, now model.dbt_olist_data_model.slv_order_payments)
[0m12:39:28.213699 [debug] [Thread-2 (]: Began compiling node model.dbt_olist_data_model.slv_order_payments
[0m12:39:28.217699 [debug] [Thread-2 (]: Writing injected SQL for node "model.dbt_olist_data_model.slv_order_payments"
[0m12:39:28.220701 [debug] [Thread-2 (]: Began executing node model.dbt_olist_data_model.slv_order_payments
[0m12:39:28.222701 [debug] [Thread-2 (]: Finished running node model.dbt_olist_data_model.slv_order_payments
[0m12:39:28.223699 [debug] [Thread-2 (]: Began running node model.dbt_olist_data_model.slv_order_review
[0m12:39:28.224701 [debug] [Thread-2 (]: Re-using an available connection from the pool (formerly model.dbt_olist_data_model.slv_order_payments, now model.dbt_olist_data_model.slv_order_review)
[0m12:39:28.226700 [debug] [Thread-2 (]: Began compiling node model.dbt_olist_data_model.slv_order_review
[0m12:39:28.230701 [debug] [Thread-2 (]: Writing injected SQL for node "model.dbt_olist_data_model.slv_order_review"
[0m12:39:28.233699 [debug] [Thread-2 (]: Began executing node model.dbt_olist_data_model.slv_order_review
[0m12:39:28.235704 [debug] [Thread-2 (]: Finished running node model.dbt_olist_data_model.slv_order_review
[0m12:39:28.236701 [debug] [Thread-2 (]: Began running node model.dbt_olist_data_model.slv_orders
[0m12:39:28.237699 [debug] [Thread-2 (]: Re-using an available connection from the pool (formerly model.dbt_olist_data_model.slv_order_review, now model.dbt_olist_data_model.slv_orders)
[0m12:39:28.239702 [debug] [Thread-2 (]: Began compiling node model.dbt_olist_data_model.slv_orders
[0m12:39:28.243699 [debug] [Thread-2 (]: Writing injected SQL for node "model.dbt_olist_data_model.slv_orders"
[0m12:39:28.245700 [debug] [Thread-2 (]: Began executing node model.dbt_olist_data_model.slv_orders
[0m12:39:28.247702 [debug] [Thread-2 (]: Finished running node model.dbt_olist_data_model.slv_orders
[0m12:39:28.248699 [debug] [Thread-2 (]: Began running node model.dbt_olist_data_model.slv_products
[0m12:39:28.250712 [debug] [Thread-2 (]: Re-using an available connection from the pool (formerly model.dbt_olist_data_model.slv_orders, now model.dbt_olist_data_model.slv_products)
[0m12:39:28.251700 [debug] [Thread-2 (]: Began compiling node model.dbt_olist_data_model.slv_products
[0m12:39:28.256700 [debug] [Thread-2 (]: Writing injected SQL for node "model.dbt_olist_data_model.slv_products"
[0m12:39:28.258702 [debug] [Thread-2 (]: Began executing node model.dbt_olist_data_model.slv_products
[0m12:39:28.260702 [debug] [Thread-2 (]: Finished running node model.dbt_olist_data_model.slv_products
[0m12:39:28.261698 [debug] [Thread-2 (]: Began running node model.dbt_olist_data_model.slv_sellers
[0m12:39:28.263702 [debug] [Thread-2 (]: Re-using an available connection from the pool (formerly model.dbt_olist_data_model.slv_products, now model.dbt_olist_data_model.slv_sellers)
[0m12:39:28.264700 [debug] [Thread-2 (]: Began compiling node model.dbt_olist_data_model.slv_sellers
[0m12:39:28.269701 [debug] [Thread-2 (]: Writing injected SQL for node "model.dbt_olist_data_model.slv_sellers"
[0m12:39:28.271700 [debug] [Thread-2 (]: Began executing node model.dbt_olist_data_model.slv_sellers
[0m12:39:28.273701 [debug] [Thread-2 (]: Finished running node model.dbt_olist_data_model.slv_sellers
[0m12:39:28.275701 [debug] [MainThread]: Connection 'master' was properly closed.
[0m12:39:28.276701 [debug] [MainThread]: Connection 'list_OLIST_DW_bronze' was left open.
[0m12:39:28.278700 [debug] [MainThread]: On list_OLIST_DW_bronze: Close
[0m12:39:29.124337 [debug] [MainThread]: Connection 'model.dbt_olist_data_model.slv_sellers' was properly closed.
[0m12:39:29.137375 [debug] [MainThread]: Command end result
[0m12:39:29.209375 [debug] [MainThread]: Wrote artifact WritableManifest to C:\Users\lenovo\Documents\Data_Engineering\Portfolio\Data-Migration-from-MySQL-Database-to-Migration-with-Full-CI-CD-Pipeline\dbt_olist_data_model\target\manifest.json
[0m12:39:29.215369 [debug] [MainThread]: Wrote artifact SemanticManifest to C:\Users\lenovo\Documents\Data_Engineering\Portfolio\Data-Migration-from-MySQL-Database-to-Migration-with-Full-CI-CD-Pipeline\dbt_olist_data_model\target\semantic_manifest.json
[0m12:39:29.223373 [debug] [MainThread]: Wrote artifact OsiDocument to C:\Users\lenovo\Documents\Data_Engineering\Portfolio\Data-Migration-from-MySQL-Database-to-Migration-with-Full-CI-CD-Pipeline\dbt_olist_data_model\target\osi_document.json
[0m12:39:29.242369 [debug] [MainThread]: Wrote artifact RunExecutionResult to C:\Users\lenovo\Documents\Data_Engineering\Portfolio\Data-Migration-from-MySQL-Database-to-Migration-with-Full-CI-CD-Pipeline\dbt_olist_data_model\target\run_results.json
[0m12:39:29.246374 [debug] [MainThread]: Command `dbt compile` succeeded at 12:39:29.245370 after 9.81 seconds
[0m12:39:29.248370 [debug] [MainThread]: Sending event: {'category': 'dbt', 'action': 'invocation', 'label': 'end', 'context': [<snowplow_tracker.self_describing_json.SelfDescribingJson object at 0x0000026B90604310>, <snowplow_tracker.self_describing_json.SelfDescribingJson object at 0x0000026B905CE610>, <snowplow_tracker.self_describing_json.SelfDescribingJson object at 0x0000026B904F80D0>]}
[0m12:39:29.251371 [debug] [MainThread]: Flushing usage events
[0m12:39:30.665960 [debug] [MainThread]: An error was encountered while trying to flush usage events
[0m12:40:34.446602 [debug] [MainThread]: Sending event: {'category': 'dbt', 'action': 'invocation', 'label': 'start', 'context': [<snowplow_tracker.self_describing_json.SelfDescribingJson object at 0x00000285C262FD10>, <snowplow_tracker.self_describing_json.SelfDescribingJson object at 0x00000285C2533A10>, <snowplow_tracker.self_describing_json.SelfDescribingJson object at 0x00000285C2484A90>]}


============================== 12:40:34.451638 | f71dfb62-6656-4647-b997-9095ff9d28f0 ==============================
[0m12:40:34.451638 [info ] [MainThread]: Running with dbt=1.12.0
[0m12:40:34.453601 [debug] [MainThread]: running dbt with arguments {'version_check': 'True', 'no_print': 'None', 'static_parser': 'True', 'warn_error_options': 'WarnErrorOptionsV2(error=[], warn=[], silence=[])', 'target_path': 'None', 'maximum_seed_size_mib': '1', 'printer_width': '80', 'write_json': 'True', 'empty': 'False', 'log_cache_events': 'False', 'introspect': 'True', 'cache_selected_only': 'False', 'log_format': 'default', 'debug': 'False', 'fail_fast': 'False', 'partial_parse': 'True', 'send_anonymous_usage_stats': 'True', 'quiet': 'False', 'warn_error': 'None', 'profiles_dir': 'C:\\Users\\lenovo\\.dbt', 'use_colors': 'True', 'hints_enabled': 'True', 'indirect_selection': 'eager', 'use_experimental_parser': 'False', 'invocation_command': 'dbt compile', 'log_path': 'C:\\Users\\lenovo\\Documents\\Data_Engineering\\Portfolio\\Data-Migration-from-MySQL-Database-to-Migration-with-Full-CI-CD-Pipeline\\dbt_olist_data_model\\logs'}
[0m12:40:35.245603 [debug] [MainThread]: Snowflake adapter: Setting snowflake.connector to ERROR (file logging only)
[0m12:40:35.247603 [debug] [MainThread]: Snowflake adapter: Setting botocore to ERROR (file logging only)
[0m12:40:35.249601 [debug] [MainThread]: Snowflake adapter: Setting boto3 to ERROR (file logging only)
[0m12:40:35.871208 [debug] [MainThread]: Sending event: {'category': 'dbt', 'action': 'project_id', 'label': 'f71dfb62-6656-4647-b997-9095ff9d28f0', 'context': [<snowplow_tracker.self_describing_json.SelfDescribingJson object at 0x00000285C3B7A950>]}
[0m12:40:35.987207 [debug] [MainThread]: Sending event: {'category': 'dbt', 'action': 'adapter_info', 'label': 'f71dfb62-6656-4647-b997-9095ff9d28f0', 'context': [<snowplow_tracker.self_describing_json.SelfDescribingJson object at 0x00000285C01982D0>]}
[0m12:40:35.990211 [info ] [MainThread]: Registered adapter: snowflake=1.12.0
[0m12:40:36.676210 [debug] [MainThread]: checksum: fa19c417bd532b9cc714519aa84e06d9b91dd956fbccdd320c8e6f600c8f48a8, vars: {}, profile: dbt_olist_data_model, target: dev, version: 1.12.0
[0m12:40:36.986233 [debug] [MainThread]: Partial parsing enabled: 0 files deleted, 0 files added, 0 files changed.
[0m12:40:36.988209 [debug] [MainThread]: Nothing changed, skipping partial parsing.
[0m12:40:36.989208 [debug] [MainThread]: Partial parsing enabled, no changes found, skipping parsing
[0m12:40:37.003210 [warn ] [MainThread]: [[33mWARNING[0m]: Configuration paths exist in your dbt_project.yml file which do not apply to any resources.
There are 1 unused configuration paths:
- models.dbt_olist_data_model.gold
[0m12:40:37.009210 [debug] [MainThread]: Sending event: {'category': 'dbt', 'action': 'load_project', 'label': 'f71dfb62-6656-4647-b997-9095ff9d28f0', 'context': [<snowplow_tracker.self_describing_json.SelfDescribingJson object at 0x00000285C40C2310>]}
[0m12:40:37.354210 [debug] [MainThread]: Wrote artifact WritableManifest to C:\Users\lenovo\Documents\Data_Engineering\Portfolio\Data-Migration-from-MySQL-Database-to-Migration-with-Full-CI-CD-Pipeline\dbt_olist_data_model\target\manifest.json
[0m12:40:37.361206 [debug] [MainThread]: Wrote artifact SemanticManifest to C:\Users\lenovo\Documents\Data_Engineering\Portfolio\Data-Migration-from-MySQL-Database-to-Migration-with-Full-CI-CD-Pipeline\dbt_olist_data_model\target\semantic_manifest.json
[0m12:40:37.520211 [debug] [MainThread]: Wrote artifact OsiDocument to C:\Users\lenovo\Documents\Data_Engineering\Portfolio\Data-Migration-from-MySQL-Database-to-Migration-with-Full-CI-CD-Pipeline\dbt_olist_data_model\target\osi_document.json
[0m12:40:37.545211 [debug] [MainThread]: Sending event: {'category': 'dbt', 'action': 'resource_counts', 'label': 'f71dfb62-6656-4647-b997-9095ff9d28f0', 'context': [<snowplow_tracker.self_describing_json.SelfDescribingJson object at 0x00000285C0E763D0>]}
[0m12:40:37.548209 [info ] [MainThread]: Found 17 models, 9 sources, 546 macros
[0m12:40:37.550209 [debug] [MainThread]: Sending event: {'category': 'dbt', 'action': 'runnable_timing', 'label': 'f71dfb62-6656-4647-b997-9095ff9d28f0', 'context': [<snowplow_tracker.self_describing_json.SelfDescribingJson object at 0x00000285C40FE090>]}
[0m12:40:37.557214 [info ] [MainThread]: 
[0m12:40:37.559212 [info ] [MainThread]: Concurrency: 1 threads (target='dev')
[0m12:40:37.561209 [info ] [MainThread]: 
[0m12:40:37.564213 [debug] [MainThread]: Acquiring new snowflake connection 'master'
[0m12:40:37.597213 [debug] [ThreadPool]: Acquiring new snowflake connection 'list_OLIST_DW_silver'
[0m12:40:37.657210 [debug] [ThreadPool]: Using snowflake connection "list_OLIST_DW_silver"
[0m12:40:37.664239 [debug] [ThreadPool]: On list_OLIST_DW_silver: show objects in OLIST_DW.silver
    limit 10000
    

/* {"app": "dbt", "dbt_version": "1.12.0", "profile_name": "dbt_olist_data_model", "target_name": "dev", "connection_name": "list_OLIST_DW_silver"} */;
[0m12:40:37.667211 [debug] [ThreadPool]: Opening a new connection, currently in state init
[0m12:40:39.932056 [debug] [ThreadPool]: SQL status: SUCCESS 0 in 2.265 seconds
[0m12:40:39.966040 [debug] [ThreadPool]: Using snowflake connection "list_OLIST_DW_silver"
[0m12:40:39.970041 [debug] [ThreadPool]: On list_OLIST_DW_silver: show user functions in OLIST_DW.silver
/* {"app": "dbt", "dbt_version": "1.12.0", "profile_name": "dbt_olist_data_model", "target_name": "dev", "connection_name": "list_OLIST_DW_silver"} */
[0m12:40:41.022925 [debug] [ThreadPool]: SQL status: SUCCESS 0 in 1.049 seconds
[0m12:40:41.026927 [debug] [ThreadPool]: Re-using an available connection from the pool (formerly list_OLIST_DW_silver, now list_OLIST_DW_bronze)
[0m12:40:41.029930 [debug] [ThreadPool]: Using snowflake connection "list_OLIST_DW_bronze"
[0m12:40:41.031928 [debug] [ThreadPool]: On list_OLIST_DW_bronze: show objects in OLIST_DW.bronze
    limit 10000
    

/* {"app": "dbt", "dbt_version": "1.12.0", "profile_name": "dbt_olist_data_model", "target_name": "dev", "connection_name": "list_OLIST_DW_bronze"} */;
[0m12:40:41.342584 [debug] [ThreadPool]: SQL status: SUCCESS 9 in 0.308 seconds
[0m12:40:41.346587 [debug] [ThreadPool]: Using snowflake connection "list_OLIST_DW_bronze"
[0m12:40:41.347581 [debug] [ThreadPool]: On list_OLIST_DW_bronze: show user functions in OLIST_DW.bronze
/* {"app": "dbt", "dbt_version": "1.12.0", "profile_name": "dbt_olist_data_model", "target_name": "dev", "connection_name": "list_OLIST_DW_bronze"} */
[0m12:40:41.703793 [debug] [ThreadPool]: SQL status: SUCCESS 0 in 0.354 seconds
[0m12:40:41.713540 [debug] [MainThread]: Sending event: {'category': 'dbt', 'action': 'runnable_timing', 'label': 'f71dfb62-6656-4647-b997-9095ff9d28f0', 'context': [<snowplow_tracker.self_describing_json.SelfDescribingJson object at 0x00000285C01A1AD0>]}
[0m12:40:41.752976 [debug] [Thread-2 (]: Began running node model.dbt_olist_data_model.br_olist_customers
[0m12:40:41.754983 [debug] [Thread-2 (]: Acquiring new snowflake connection 'model.dbt_olist_data_model.br_olist_customers'
[0m12:40:41.755981 [debug] [Thread-2 (]: Began compiling node model.dbt_olist_data_model.br_olist_customers
[0m12:40:41.785973 [debug] [Thread-2 (]: Writing injected SQL for node "model.dbt_olist_data_model.br_olist_customers"
[0m12:40:41.787976 [debug] [Thread-2 (]: Began executing node model.dbt_olist_data_model.br_olist_customers
[0m12:40:41.790511 [debug] [Thread-2 (]: Finished running node model.dbt_olist_data_model.br_olist_customers
[0m12:40:41.792529 [debug] [Thread-2 (]: Began running node model.dbt_olist_data_model.br_olist_geolocation
[0m12:40:41.793869 [debug] [Thread-2 (]: Re-using an available connection from the pool (formerly model.dbt_olist_data_model.br_olist_customers, now model.dbt_olist_data_model.br_olist_geolocation)
[0m12:40:41.795660 [debug] [Thread-2 (]: Began compiling node model.dbt_olist_data_model.br_olist_geolocation
[0m12:40:41.800684 [debug] [Thread-2 (]: Writing injected SQL for node "model.dbt_olist_data_model.br_olist_geolocation"
[0m12:40:41.802678 [debug] [Thread-2 (]: Began executing node model.dbt_olist_data_model.br_olist_geolocation
[0m12:40:41.805679 [debug] [Thread-2 (]: Finished running node model.dbt_olist_data_model.br_olist_geolocation
[0m12:40:41.807677 [debug] [Thread-2 (]: Began running node model.dbt_olist_data_model.br_olist_order_items
[0m12:40:41.809677 [debug] [Thread-2 (]: Re-using an available connection from the pool (formerly model.dbt_olist_data_model.br_olist_geolocation, now model.dbt_olist_data_model.br_olist_order_items)
[0m12:40:41.810676 [debug] [Thread-2 (]: Began compiling node model.dbt_olist_data_model.br_olist_order_items
[0m12:40:41.815681 [debug] [Thread-2 (]: Writing injected SQL for node "model.dbt_olist_data_model.br_olist_order_items"
[0m12:40:41.818675 [debug] [Thread-2 (]: Began executing node model.dbt_olist_data_model.br_olist_order_items
[0m12:40:41.820676 [debug] [Thread-2 (]: Finished running node model.dbt_olist_data_model.br_olist_order_items
[0m12:40:41.822676 [debug] [Thread-2 (]: Began running node model.dbt_olist_data_model.br_olist_order_payments
[0m12:40:41.823676 [debug] [Thread-2 (]: Re-using an available connection from the pool (formerly model.dbt_olist_data_model.br_olist_order_items, now model.dbt_olist_data_model.br_olist_order_payments)
[0m12:40:41.825677 [debug] [Thread-2 (]: Began compiling node model.dbt_olist_data_model.br_olist_order_payments
[0m12:40:41.830683 [debug] [Thread-2 (]: Writing injected SQL for node "model.dbt_olist_data_model.br_olist_order_payments"
[0m12:40:41.833680 [debug] [Thread-2 (]: Began executing node model.dbt_olist_data_model.br_olist_order_payments
[0m12:40:41.835682 [debug] [Thread-2 (]: Finished running node model.dbt_olist_data_model.br_olist_order_payments
[0m12:40:41.837680 [debug] [Thread-2 (]: Began running node model.dbt_olist_data_model.br_olist_order_reviews
[0m12:40:41.839681 [debug] [Thread-2 (]: Re-using an available connection from the pool (formerly model.dbt_olist_data_model.br_olist_order_payments, now model.dbt_olist_data_model.br_olist_order_reviews)
[0m12:40:41.840678 [debug] [Thread-2 (]: Began compiling node model.dbt_olist_data_model.br_olist_order_reviews
[0m12:40:41.845685 [debug] [Thread-2 (]: Writing injected SQL for node "model.dbt_olist_data_model.br_olist_order_reviews"
[0m12:40:41.848681 [debug] [Thread-2 (]: Began executing node model.dbt_olist_data_model.br_olist_order_reviews
[0m12:40:41.850678 [debug] [Thread-2 (]: Finished running node model.dbt_olist_data_model.br_olist_order_reviews
[0m12:40:41.852681 [debug] [Thread-2 (]: Began running node model.dbt_olist_data_model.br_olist_orders
[0m12:40:41.854681 [debug] [Thread-2 (]: Re-using an available connection from the pool (formerly model.dbt_olist_data_model.br_olist_order_reviews, now model.dbt_olist_data_model.br_olist_orders)
[0m12:40:41.855675 [debug] [Thread-2 (]: Began compiling node model.dbt_olist_data_model.br_olist_orders
[0m12:40:41.860683 [debug] [Thread-2 (]: Writing injected SQL for node "model.dbt_olist_data_model.br_olist_orders"
[0m12:40:41.863681 [debug] [Thread-2 (]: Began executing node model.dbt_olist_data_model.br_olist_orders
[0m12:40:41.865682 [debug] [Thread-2 (]: Finished running node model.dbt_olist_data_model.br_olist_orders
[0m12:40:41.866677 [debug] [Thread-2 (]: Began running node model.dbt_olist_data_model.br_olist_product_category_translation
[0m12:40:41.868688 [debug] [Thread-2 (]: Re-using an available connection from the pool (formerly model.dbt_olist_data_model.br_olist_orders, now model.dbt_olist_data_model.br_olist_product_category_translation)
[0m12:40:41.870680 [debug] [Thread-2 (]: Began compiling node model.dbt_olist_data_model.br_olist_product_category_translation
[0m12:40:41.875678 [debug] [Thread-2 (]: Writing injected SQL for node "model.dbt_olist_data_model.br_olist_product_category_translation"
[0m12:40:41.878680 [debug] [Thread-2 (]: Began executing node model.dbt_olist_data_model.br_olist_product_category_translation
[0m12:40:41.880681 [debug] [Thread-2 (]: Finished running node model.dbt_olist_data_model.br_olist_product_category_translation
[0m12:40:41.882676 [debug] [Thread-2 (]: Began running node model.dbt_olist_data_model.br_olist_products
[0m12:40:41.883680 [debug] [Thread-2 (]: Re-using an available connection from the pool (formerly model.dbt_olist_data_model.br_olist_product_category_translation, now model.dbt_olist_data_model.br_olist_products)
[0m12:40:41.884683 [debug] [Thread-2 (]: Began compiling node model.dbt_olist_data_model.br_olist_products
[0m12:40:41.889678 [debug] [Thread-2 (]: Writing injected SQL for node "model.dbt_olist_data_model.br_olist_products"
[0m12:40:41.891676 [debug] [Thread-2 (]: Began executing node model.dbt_olist_data_model.br_olist_products
[0m12:40:41.893678 [debug] [Thread-2 (]: Finished running node model.dbt_olist_data_model.br_olist_products
[0m12:40:41.894676 [debug] [Thread-2 (]: Began running node model.dbt_olist_data_model.br_olist_sellers
[0m12:40:41.896675 [debug] [Thread-2 (]: Re-using an available connection from the pool (formerly model.dbt_olist_data_model.br_olist_products, now model.dbt_olist_data_model.br_olist_sellers)
[0m12:40:41.897674 [debug] [Thread-2 (]: Began compiling node model.dbt_olist_data_model.br_olist_sellers
[0m12:40:41.901678 [debug] [Thread-2 (]: Writing injected SQL for node "model.dbt_olist_data_model.br_olist_sellers"
[0m12:40:41.904681 [debug] [Thread-2 (]: Began executing node model.dbt_olist_data_model.br_olist_sellers
[0m12:40:41.905679 [debug] [Thread-2 (]: Finished running node model.dbt_olist_data_model.br_olist_sellers
[0m12:40:41.906674 [debug] [Thread-2 (]: Began running node model.dbt_olist_data_model.slv_customers
[0m12:40:41.907679 [debug] [Thread-2 (]: Re-using an available connection from the pool (formerly model.dbt_olist_data_model.br_olist_sellers, now model.dbt_olist_data_model.slv_customers)
[0m12:40:41.909676 [debug] [Thread-2 (]: Began compiling node model.dbt_olist_data_model.slv_customers
[0m12:40:41.915676 [debug] [Thread-2 (]: Writing injected SQL for node "model.dbt_olist_data_model.slv_customers"
[0m12:40:41.917682 [debug] [Thread-2 (]: Began executing node model.dbt_olist_data_model.slv_customers
[0m12:40:41.919681 [debug] [Thread-2 (]: Finished running node model.dbt_olist_data_model.slv_customers
[0m12:40:41.919681 [debug] [Thread-2 (]: Began running node model.dbt_olist_data_model.slv_geolocation
[0m12:40:41.921677 [debug] [Thread-2 (]: Re-using an available connection from the pool (formerly model.dbt_olist_data_model.slv_customers, now model.dbt_olist_data_model.slv_geolocation)
[0m12:40:41.922677 [debug] [Thread-2 (]: Began compiling node model.dbt_olist_data_model.slv_geolocation
[0m12:40:41.926675 [debug] [Thread-2 (]: Writing injected SQL for node "model.dbt_olist_data_model.slv_geolocation"
[0m12:40:41.928677 [debug] [Thread-2 (]: Began executing node model.dbt_olist_data_model.slv_geolocation
[0m12:40:41.929673 [debug] [Thread-2 (]: Finished running node model.dbt_olist_data_model.slv_geolocation
[0m12:40:41.931675 [debug] [Thread-2 (]: Began running node model.dbt_olist_data_model.slv_order_items
[0m12:40:41.932674 [debug] [Thread-2 (]: Re-using an available connection from the pool (formerly model.dbt_olist_data_model.slv_geolocation, now model.dbt_olist_data_model.slv_order_items)
[0m12:40:41.933674 [debug] [Thread-2 (]: Began compiling node model.dbt_olist_data_model.slv_order_items
[0m12:40:41.937675 [debug] [Thread-2 (]: Writing injected SQL for node "model.dbt_olist_data_model.slv_order_items"
[0m12:40:41.940677 [debug] [Thread-2 (]: Began executing node model.dbt_olist_data_model.slv_order_items
[0m12:40:41.941710 [debug] [Thread-2 (]: Finished running node model.dbt_olist_data_model.slv_order_items
[0m12:40:41.942709 [debug] [Thread-2 (]: Began running node model.dbt_olist_data_model.slv_order_payments
[0m12:40:41.944676 [debug] [Thread-2 (]: Re-using an available connection from the pool (formerly model.dbt_olist_data_model.slv_order_items, now model.dbt_olist_data_model.slv_order_payments)
[0m12:40:41.945675 [debug] [Thread-2 (]: Began compiling node model.dbt_olist_data_model.slv_order_payments
[0m12:40:41.950676 [debug] [Thread-2 (]: Writing injected SQL for node "model.dbt_olist_data_model.slv_order_payments"
[0m12:40:41.951677 [debug] [Thread-2 (]: Began executing node model.dbt_olist_data_model.slv_order_payments
[0m12:40:41.953679 [debug] [Thread-2 (]: Finished running node model.dbt_olist_data_model.slv_order_payments
[0m12:40:41.955678 [debug] [Thread-2 (]: Began running node model.dbt_olist_data_model.slv_order_reviews
[0m12:40:41.956674 [debug] [Thread-2 (]: Re-using an available connection from the pool (formerly model.dbt_olist_data_model.slv_order_payments, now model.dbt_olist_data_model.slv_order_reviews)
[0m12:40:41.957674 [debug] [Thread-2 (]: Began compiling node model.dbt_olist_data_model.slv_order_reviews
[0m12:40:41.961676 [debug] [Thread-2 (]: Writing injected SQL for node "model.dbt_olist_data_model.slv_order_reviews"
[0m12:40:41.963676 [debug] [Thread-2 (]: Began executing node model.dbt_olist_data_model.slv_order_reviews
[0m12:40:41.965678 [debug] [Thread-2 (]: Finished running node model.dbt_olist_data_model.slv_order_reviews
[0m12:40:41.967675 [debug] [Thread-2 (]: Began running node model.dbt_olist_data_model.slv_orders
[0m12:40:41.968678 [debug] [Thread-2 (]: Re-using an available connection from the pool (formerly model.dbt_olist_data_model.slv_order_reviews, now model.dbt_olist_data_model.slv_orders)
[0m12:40:41.969676 [debug] [Thread-2 (]: Began compiling node model.dbt_olist_data_model.slv_orders
[0m12:40:41.973676 [debug] [Thread-2 (]: Writing injected SQL for node "model.dbt_olist_data_model.slv_orders"
[0m12:40:41.975677 [debug] [Thread-2 (]: Began executing node model.dbt_olist_data_model.slv_orders
[0m12:40:41.977679 [debug] [Thread-2 (]: Finished running node model.dbt_olist_data_model.slv_orders
[0m12:40:41.979680 [debug] [Thread-2 (]: Began running node model.dbt_olist_data_model.slv_products
[0m12:40:41.980676 [debug] [Thread-2 (]: Re-using an available connection from the pool (formerly model.dbt_olist_data_model.slv_orders, now model.dbt_olist_data_model.slv_products)
[0m12:40:41.981678 [debug] [Thread-2 (]: Began compiling node model.dbt_olist_data_model.slv_products
[0m12:40:41.985678 [debug] [Thread-2 (]: Writing injected SQL for node "model.dbt_olist_data_model.slv_products"
[0m12:40:41.988676 [debug] [Thread-2 (]: Began executing node model.dbt_olist_data_model.slv_products
[0m12:40:41.989676 [debug] [Thread-2 (]: Finished running node model.dbt_olist_data_model.slv_products
[0m12:40:41.991676 [debug] [Thread-2 (]: Began running node model.dbt_olist_data_model.slv_sellers
[0m12:40:41.992678 [debug] [Thread-2 (]: Re-using an available connection from the pool (formerly model.dbt_olist_data_model.slv_products, now model.dbt_olist_data_model.slv_sellers)
[0m12:40:41.993673 [debug] [Thread-2 (]: Began compiling node model.dbt_olist_data_model.slv_sellers
[0m12:40:41.997677 [debug] [Thread-2 (]: Writing injected SQL for node "model.dbt_olist_data_model.slv_sellers"
[0m12:40:41.999673 [debug] [Thread-2 (]: Began executing node model.dbt_olist_data_model.slv_sellers
[0m12:40:42.001675 [debug] [Thread-2 (]: Finished running node model.dbt_olist_data_model.slv_sellers
[0m12:40:42.004674 [debug] [MainThread]: Connection 'master' was properly closed.
[0m12:40:42.005676 [debug] [MainThread]: Connection 'list_OLIST_DW_bronze' was left open.
[0m12:40:42.006677 [debug] [MainThread]: On list_OLIST_DW_bronze: Close
[0m12:40:42.501834 [debug] [MainThread]: Connection 'model.dbt_olist_data_model.slv_sellers' was properly closed.
[0m12:40:42.505924 [debug] [MainThread]: Command end result
[0m12:40:42.608887 [debug] [MainThread]: Wrote artifact WritableManifest to C:\Users\lenovo\Documents\Data_Engineering\Portfolio\Data-Migration-from-MySQL-Database-to-Migration-with-Full-CI-CD-Pipeline\dbt_olist_data_model\target\manifest.json
[0m12:40:42.614885 [debug] [MainThread]: Wrote artifact SemanticManifest to C:\Users\lenovo\Documents\Data_Engineering\Portfolio\Data-Migration-from-MySQL-Database-to-Migration-with-Full-CI-CD-Pipeline\dbt_olist_data_model\target\semantic_manifest.json
[0m12:40:42.620919 [debug] [MainThread]: Wrote artifact OsiDocument to C:\Users\lenovo\Documents\Data_Engineering\Portfolio\Data-Migration-from-MySQL-Database-to-Migration-with-Full-CI-CD-Pipeline\dbt_olist_data_model\target\osi_document.json
[0m12:40:42.641891 [debug] [MainThread]: Wrote artifact RunExecutionResult to C:\Users\lenovo\Documents\Data_Engineering\Portfolio\Data-Migration-from-MySQL-Database-to-Migration-with-Full-CI-CD-Pipeline\dbt_olist_data_model\target\run_results.json
[0m12:40:42.643890 [debug] [MainThread]: Command `dbt compile` succeeded at 12:40:42.643890 after 8.47 seconds
[0m12:40:42.645886 [debug] [MainThread]: Sending event: {'category': 'dbt', 'action': 'invocation', 'label': 'end', 'context': [<snowplow_tracker.self_describing_json.SelfDescribingJson object at 0x00000285C262F6D0>, <snowplow_tracker.self_describing_json.SelfDescribingJson object at 0x00000285C262ED10>, <snowplow_tracker.self_describing_json.SelfDescribingJson object at 0x00000285C0E76550>]}
[0m12:40:42.648889 [debug] [MainThread]: Flushing usage events
[0m12:40:44.478867 [debug] [MainThread]: An error was encountered while trying to flush usage events
[0m12:40:57.805186 [debug] [MainThread]: Sending event: {'category': 'dbt', 'action': 'invocation', 'label': 'start', 'context': [<snowplow_tracker.self_describing_json.SelfDescribingJson object at 0x0000021009253A10>, <snowplow_tracker.self_describing_json.SelfDescribingJson object at 0x000002100917E5D0>, <snowplow_tracker.self_describing_json.SelfDescribingJson object at 0x00000210090C0F90>]}


============================== 12:40:57.810189 | 2c26df90-3448-41c0-9fd1-fd843cf882b3 ==============================
[0m12:40:57.810189 [info ] [MainThread]: Running with dbt=1.12.0
[0m12:40:57.812189 [debug] [MainThread]: running dbt with arguments {'version_check': 'True', 'no_print': 'None', 'static_parser': 'True', 'warn_error_options': 'WarnErrorOptionsV2(error=[], warn=[], silence=[])', 'maximum_seed_size_mib': '1', 'target_path': 'None', 'printer_width': '80', 'write_json': 'True', 'introspect': 'True', 'log_cache_events': 'False', 'empty': 'False', 'cache_selected_only': 'False', 'log_format': 'default', 'debug': 'False', 'fail_fast': 'False', 'partial_parse': 'True', 'send_anonymous_usage_stats': 'True', 'quiet': 'False', 'warn_error': 'None', 'profiles_dir': 'C:\\Users\\lenovo\\.dbt', 'use_colors': 'True', 'hints_enabled': 'True', 'indirect_selection': 'eager', 'use_experimental_parser': 'False', 'invocation_command': 'dbt run --select silver --full-refresh', 'log_path': 'C:\\Users\\lenovo\\Documents\\Data_Engineering\\Portfolio\\Data-Migration-from-MySQL-Database-to-Migration-with-Full-CI-CD-Pipeline\\dbt_olist_data_model\\logs'}
[0m12:40:58.573035 [debug] [MainThread]: Snowflake adapter: Setting snowflake.connector to ERROR (file logging only)
[0m12:40:58.576034 [debug] [MainThread]: Snowflake adapter: Setting botocore to ERROR (file logging only)
[0m12:40:58.578035 [debug] [MainThread]: Snowflake adapter: Setting boto3 to ERROR (file logging only)
[0m12:40:59.166656 [debug] [MainThread]: Sending event: {'category': 'dbt', 'action': 'project_id', 'label': '2c26df90-3448-41c0-9fd1-fd843cf882b3', 'context': [<snowplow_tracker.self_describing_json.SelfDescribingJson object at 0x000002100A75EFD0>]}
[0m12:40:59.280651 [debug] [MainThread]: Sending event: {'category': 'dbt', 'action': 'adapter_info', 'label': '2c26df90-3448-41c0-9fd1-fd843cf882b3', 'context': [<snowplow_tracker.self_describing_json.SelfDescribingJson object at 0x0000021006DD8510>]}
[0m12:40:59.282655 [info ] [MainThread]: Registered adapter: snowflake=1.12.0
[0m12:41:00.155703 [debug] [MainThread]: checksum: fa19c417bd532b9cc714519aa84e06d9b91dd956fbccdd320c8e6f600c8f48a8, vars: {}, profile: dbt_olist_data_model, target: dev, version: 1.12.0
[0m12:41:00.442713 [debug] [MainThread]: Partial parsing enabled: 0 files deleted, 0 files added, 0 files changed.
[0m12:41:00.443714 [debug] [MainThread]: Nothing changed, skipping partial parsing.
[0m12:41:00.449702 [debug] [MainThread]: Partial parsing enabled, no changes found, skipping parsing
[0m12:41:00.488707 [warn ] [MainThread]: [[33mWARNING[0m]: Configuration paths exist in your dbt_project.yml file which do not apply to any resources.
There are 1 unused configuration paths:
- models.dbt_olist_data_model.gold
[0m12:41:00.498709 [debug] [MainThread]: Sending event: {'category': 'dbt', 'action': 'load_project', 'label': '2c26df90-3448-41c0-9fd1-fd843cf882b3', 'context': [<snowplow_tracker.self_describing_json.SelfDescribingJson object at 0x000002100A607C50>]}
[0m12:41:01.143601 [debug] [MainThread]: Wrote artifact WritableManifest to C:\Users\lenovo\Documents\Data_Engineering\Portfolio\Data-Migration-from-MySQL-Database-to-Migration-with-Full-CI-CD-Pipeline\dbt_olist_data_model\target\manifest.json
[0m12:41:01.156586 [debug] [MainThread]: Wrote artifact SemanticManifest to C:\Users\lenovo\Documents\Data_Engineering\Portfolio\Data-Migration-from-MySQL-Database-to-Migration-with-Full-CI-CD-Pipeline\dbt_olist_data_model\target\semantic_manifest.json
[0m12:41:01.355586 [debug] [MainThread]: Wrote artifact OsiDocument to C:\Users\lenovo\Documents\Data_Engineering\Portfolio\Data-Migration-from-MySQL-Database-to-Migration-with-Full-CI-CD-Pipeline\dbt_olist_data_model\target\osi_document.json
[0m12:41:01.386585 [debug] [MainThread]: Sending event: {'category': 'dbt', 'action': 'resource_counts', 'label': '2c26df90-3448-41c0-9fd1-fd843cf882b3', 'context': [<snowplow_tracker.self_describing_json.SelfDescribingJson object at 0x000002100AB17D50>]}
[0m12:41:01.388585 [info ] [MainThread]: Found 17 models, 9 sources, 546 macros
[0m12:41:01.391589 [debug] [MainThread]: Sending event: {'category': 'dbt', 'action': 'runnable_timing', 'label': '2c26df90-3448-41c0-9fd1-fd843cf882b3', 'context': [<snowplow_tracker.self_describing_json.SelfDescribingJson object at 0x000002100A859D50>]}
[0m12:41:01.396587 [info ] [MainThread]: 
[0m12:41:01.398586 [info ] [MainThread]: Concurrency: 1 threads (target='dev')
[0m12:41:01.401596 [info ] [MainThread]: 
[0m12:41:01.404590 [debug] [MainThread]: Acquiring new snowflake connection 'master'
[0m12:41:01.455594 [debug] [ThreadPool]: Acquiring new snowflake connection 'list_OLIST_DW'
[0m12:41:01.497586 [debug] [ThreadPool]: Using snowflake connection "list_OLIST_DW"
[0m12:41:01.500589 [debug] [ThreadPool]: On list_OLIST_DW: show terse schemas in database OLIST_DW
    limit 10000
/* {"app": "dbt", "dbt_version": "1.12.0", "profile_name": "dbt_olist_data_model", "target_name": "dev", "connection_name": "list_OLIST_DW"} */
[0m12:41:01.502586 [debug] [ThreadPool]: Opening a new connection, currently in state init
[0m12:41:04.920041 [debug] [ThreadPool]: SQL status: SUCCESS 6 in 3.418 seconds
[0m12:41:04.931596 [debug] [ThreadPool]: Acquiring new snowflake connection 'list_OLIST_DW_silver'
[0m12:41:04.951615 [debug] [ThreadPool]: Using snowflake connection "list_OLIST_DW_silver"
[0m12:41:04.952530 [debug] [ThreadPool]: On list_OLIST_DW_silver: show objects in OLIST_DW.silver
    limit 10000
    

/* {"app": "dbt", "dbt_version": "1.12.0", "profile_name": "dbt_olist_data_model", "target_name": "dev", "connection_name": "list_OLIST_DW_silver"} */;
[0m12:41:04.953551 [debug] [ThreadPool]: Opening a new connection, currently in state init
[0m12:41:06.546827 [debug] [ThreadPool]: SQL status: SUCCESS 0 in 1.593 seconds
[0m12:41:06.563832 [debug] [ThreadPool]: Using snowflake connection "list_OLIST_DW_silver"
[0m12:41:06.596829 [debug] [ThreadPool]: On list_OLIST_DW_silver: show user functions in OLIST_DW.silver
/* {"app": "dbt", "dbt_version": "1.12.0", "profile_name": "dbt_olist_data_model", "target_name": "dev", "connection_name": "list_OLIST_DW_silver"} */
[0m12:41:06.893834 [debug] [ThreadPool]: SQL status: SUCCESS 0 in 0.285 seconds
[0m12:41:06.899829 [debug] [ThreadPool]: Re-using an available connection from the pool (formerly list_OLIST_DW_silver, now list_OLIST_DW_bronze)
[0m12:41:06.907831 [debug] [ThreadPool]: Using snowflake connection "list_OLIST_DW_bronze"
[0m12:41:06.908828 [debug] [ThreadPool]: On list_OLIST_DW_bronze: show objects in OLIST_DW.bronze
    limit 10000
    

/* {"app": "dbt", "dbt_version": "1.12.0", "profile_name": "dbt_olist_data_model", "target_name": "dev", "connection_name": "list_OLIST_DW_bronze"} */;
[0m12:41:07.239324 [debug] [ThreadPool]: SQL status: SUCCESS 9 in 0.328 seconds
[0m12:41:07.243315 [debug] [ThreadPool]: Using snowflake connection "list_OLIST_DW_bronze"
[0m12:41:07.245315 [debug] [ThreadPool]: On list_OLIST_DW_bronze: show user functions in OLIST_DW.bronze
/* {"app": "dbt", "dbt_version": "1.12.0", "profile_name": "dbt_olist_data_model", "target_name": "dev", "connection_name": "list_OLIST_DW_bronze"} */
[0m12:41:07.534480 [debug] [ThreadPool]: SQL status: SUCCESS 0 in 0.288 seconds
[0m12:41:07.544521 [debug] [MainThread]: Sending event: {'category': 'dbt', 'action': 'runnable_timing', 'label': '2c26df90-3448-41c0-9fd1-fd843cf882b3', 'context': [<snowplow_tracker.self_describing_json.SelfDescribingJson object at 0x0000021006DFBAD0>]}
[0m12:41:07.556022 [debug] [Thread-2 (]: Began running node model.dbt_olist_data_model.slv_customers
[0m12:41:07.559023 [info ] [Thread-2 (]: 1 of 8 START sql incremental model silver.slv_customers ........................ [RUN]
[0m12:41:07.562028 [debug] [Thread-2 (]: Acquiring new snowflake connection 'model.dbt_olist_data_model.slv_customers'
[0m12:41:07.565066 [debug] [Thread-2 (]: Began compiling node model.dbt_olist_data_model.slv_customers
[0m12:41:07.584023 [debug] [Thread-2 (]: Writing injected SQL for node "model.dbt_olist_data_model.slv_customers"
[0m12:41:07.586019 [debug] [Thread-2 (]: Began executing node model.dbt_olist_data_model.slv_customers
[0m12:41:07.749385 [debug] [Thread-2 (]: Writing runtime sql for node "model.dbt_olist_data_model.slv_customers"
[0m12:41:07.756384 [debug] [Thread-2 (]: Using snowflake connection "model.dbt_olist_data_model.slv_customers"
[0m12:41:07.758383 [debug] [Thread-2 (]: On model.dbt_olist_data_model.slv_customers: create or replace transient table OLIST_DW.silver.slv_customers
    
    
    
    
    

    as (

select
    customer_id,
    customer_unique_id,

    case
        when customer_zip_code_prefix is null then 'Unknown'
        else customer_zip_code_prefix
    end as customer_zip_code_prefix,

    case
        when customer_city is null then 'Unknown'
        when customer_city regexp '^[0-9].*' then 'Unknown'
        else initcap(trim(customer_city))
    end as customer_city,

    case
        when customer_state is null then 'Unknown'
        when customer_state regexp '^[0-9].*' then 'Unknown'
        else upper(trim(customer_state))
    end as customer_state,

    ingested_at
from OLIST_DW.bronze.br_olist_customers


    )

/* {"app": "dbt", "dbt_version": "1.12.0", "profile_name": "dbt_olist_data_model", "target_name": "dev", "node_id": "model.dbt_olist_data_model.slv_customers"} */;
[0m12:41:07.760385 [debug] [Thread-2 (]: Opening a new connection, currently in state init
[0m12:41:10.977903 [debug] [Thread-2 (]: SQL status: SUCCESS 99441 in 3.217 seconds
[0m12:41:11.001883 [debug] [Thread-2 (]: Applying DROP to: OLIST_DW.silver.slv_customers__dbt_tmp
[0m12:41:11.013880 [debug] [Thread-2 (]: Using snowflake connection "model.dbt_olist_data_model.slv_customers"
[0m12:41:11.015883 [debug] [Thread-2 (]: On model.dbt_olist_data_model.slv_customers: drop view if exists OLIST_DW.silver.slv_customers__dbt_tmp cascade
/* {"app": "dbt", "dbt_version": "1.12.0", "profile_name": "dbt_olist_data_model", "target_name": "dev", "node_id": "model.dbt_olist_data_model.slv_customers"} */
[0m12:41:11.377259 [debug] [Thread-2 (]: SQL status: SUCCESS 1 in 0.360 seconds
[0m12:41:11.414550 [debug] [Thread-2 (]: Sending event: {'category': 'dbt', 'action': 'run_model', 'label': '2c26df90-3448-41c0-9fd1-fd843cf882b3', 'context': [<snowplow_tracker.self_describing_json.SelfDescribingJson object at 0x000002100ABB5310>]}
[0m12:41:11.416290 [info ] [Thread-2 (]: 1 of 8 OK created sql incremental model silver.slv_customers ................... [[32mSUCCESS 99441[0m in 3.85s]
[0m12:41:11.417864 [debug] [Thread-2 (]: Finished running node model.dbt_olist_data_model.slv_customers
[0m12:41:11.418877 [debug] [Thread-2 (]: Began running node model.dbt_olist_data_model.slv_geolocation
[0m12:41:11.421877 [info ] [Thread-2 (]: 2 of 8 START sql incremental model silver.slv_geolocation ...................... [RUN]
[0m12:41:11.423880 [debug] [Thread-2 (]: Re-using an available connection from the pool (formerly model.dbt_olist_data_model.slv_customers, now model.dbt_olist_data_model.slv_geolocation)
[0m12:41:11.425882 [debug] [Thread-2 (]: Began compiling node model.dbt_olist_data_model.slv_geolocation
[0m12:41:11.433881 [debug] [Thread-2 (]: Writing injected SQL for node "model.dbt_olist_data_model.slv_geolocation"
[0m12:41:11.437883 [debug] [Thread-2 (]: Began executing node model.dbt_olist_data_model.slv_geolocation
[0m12:41:11.448876 [debug] [Thread-2 (]: Writing runtime sql for node "model.dbt_olist_data_model.slv_geolocation"
[0m12:41:11.452912 [debug] [Thread-2 (]: Using snowflake connection "model.dbt_olist_data_model.slv_geolocation"
[0m12:41:11.453907 [debug] [Thread-2 (]: On model.dbt_olist_data_model.slv_geolocation: create or replace transient table OLIST_DW.silver.slv_geolocation
    
    
    
    
    

    as (

select
    geolocation_id,

    case
        when geolocation_zip_code_prefix is null then 'Unknown'
        else geolocation_zip_code_prefix
    end as geolocation_zip_code_prefix,

    geolocation_lat,
    geolocation_lng,

    case
        when geolocation_city is null then 'Unknown'
        when geolocation_city regexp '^[0-9].*' then 'Unknown'
        else initcap(trim(geolocation_city))
    end as geolocation_city,

    case
        when geolocation_state is null then 'Unknown'
        when geolocation_state regexp '^[0-9].*' then 'Unknown'
        else upper(trim(geolocation_state))
    end as geolocation_state,

    ingested_at
from OLIST_DW.bronze.br_olist_geolocation


    )

/* {"app": "dbt", "dbt_version": "1.12.0", "profile_name": "dbt_olist_data_model", "target_name": "dev", "node_id": "model.dbt_olist_data_model.slv_geolocation"} */;
[0m12:41:13.871129 [debug] [Thread-2 (]: SQL status: SUCCESS 1000163 in 2.416 seconds
[0m12:41:13.874128 [debug] [Thread-2 (]: Applying DROP to: OLIST_DW.silver.slv_geolocation__dbt_tmp
[0m12:41:13.876129 [debug] [Thread-2 (]: Using snowflake connection "model.dbt_olist_data_model.slv_geolocation"
[0m12:41:13.878125 [debug] [Thread-2 (]: On model.dbt_olist_data_model.slv_geolocation: drop view if exists OLIST_DW.silver.slv_geolocation__dbt_tmp cascade
/* {"app": "dbt", "dbt_version": "1.12.0", "profile_name": "dbt_olist_data_model", "target_name": "dev", "node_id": "model.dbt_olist_data_model.slv_geolocation"} */
[0m12:41:14.167133 [debug] [Thread-2 (]: SQL status: SUCCESS 1 in 0.288 seconds
[0m12:41:14.173129 [debug] [Thread-2 (]: Sending event: {'category': 'dbt', 'action': 'run_model', 'label': '2c26df90-3448-41c0-9fd1-fd843cf882b3', 'context': [<snowplow_tracker.self_describing_json.SelfDescribingJson object at 0x000002100AB23AD0>]}
[0m12:41:14.212131 [info ] [Thread-2 (]: 2 of 8 OK created sql incremental model silver.slv_geolocation ................. [[32mSUCCESS 1000163[0m in 2.75s]
[0m12:41:14.303132 [debug] [Thread-2 (]: Finished running node model.dbt_olist_data_model.slv_geolocation
[0m12:41:14.371130 [debug] [Thread-2 (]: Began running node model.dbt_olist_data_model.slv_order_items
[0m12:41:14.385132 [info ] [Thread-2 (]: 3 of 8 START sql incremental model silver.slv_order_items ...................... [RUN]
[0m12:41:14.423130 [debug] [Thread-2 (]: Re-using an available connection from the pool (formerly model.dbt_olist_data_model.slv_geolocation, now model.dbt_olist_data_model.slv_order_items)
[0m12:41:14.511129 [debug] [Thread-2 (]: Began compiling node model.dbt_olist_data_model.slv_order_items
[0m12:41:14.521132 [debug] [Thread-2 (]: Writing injected SQL for node "model.dbt_olist_data_model.slv_order_items"
[0m12:41:14.525131 [debug] [Thread-2 (]: Began executing node model.dbt_olist_data_model.slv_order_items
[0m12:41:14.535131 [debug] [Thread-2 (]: Writing runtime sql for node "model.dbt_olist_data_model.slv_order_items"
[0m12:41:14.592127 [debug] [Thread-2 (]: Using snowflake connection "model.dbt_olist_data_model.slv_order_items"
[0m12:41:14.595133 [debug] [Thread-2 (]: On model.dbt_olist_data_model.slv_order_items: create or replace transient table OLIST_DW.silver.slv_order_items
    
    
    
    
    

    as (

select
    order_id,
    order_item_id,

    case
        when product_id is null then 'Unknown'
        else product_id
    end as product_id,

    case
        when seller_id is null then 'Unknown'
        else seller_id
    end as seller_id,

    shipping_limit_date,
    price,
    freight_value,
    ingested_at
from OLIST_DW.bronze.br_olist_order_items


    )

/* {"app": "dbt", "dbt_version": "1.12.0", "profile_name": "dbt_olist_data_model", "target_name": "dev", "node_id": "model.dbt_olist_data_model.slv_order_items"} */;
[0m12:41:16.314672 [debug] [Thread-2 (]: SQL status: SUCCESS 112650 in 1.717 seconds
[0m12:41:16.324656 [debug] [Thread-2 (]: Applying DROP to: OLIST_DW.silver.slv_order_items__dbt_tmp
[0m12:41:16.330194 [debug] [Thread-2 (]: Using snowflake connection "model.dbt_olist_data_model.slv_order_items"
[0m12:41:16.332189 [debug] [Thread-2 (]: On model.dbt_olist_data_model.slv_order_items: drop view if exists OLIST_DW.silver.slv_order_items__dbt_tmp cascade
/* {"app": "dbt", "dbt_version": "1.12.0", "profile_name": "dbt_olist_data_model", "target_name": "dev", "node_id": "model.dbt_olist_data_model.slv_order_items"} */
[0m12:41:16.621183 [debug] [Thread-2 (]: SQL status: SUCCESS 1 in 0.287 seconds
[0m12:41:16.631178 [debug] [Thread-2 (]: Sending event: {'category': 'dbt', 'action': 'run_model', 'label': '2c26df90-3448-41c0-9fd1-fd843cf882b3', 'context': [<snowplow_tracker.self_describing_json.SelfDescribingJson object at 0x000002100BDEB8D0>]}
[0m12:41:16.636222 [info ] [Thread-2 (]: 3 of 8 OK created sql incremental model silver.slv_order_items ................. [[32mSUCCESS 112650[0m in 2.21s]
[0m12:41:16.639175 [debug] [Thread-2 (]: Finished running node model.dbt_olist_data_model.slv_order_items
[0m12:41:16.643695 [debug] [Thread-2 (]: Began running node model.dbt_olist_data_model.slv_order_payments
[0m12:41:16.645716 [info ] [Thread-2 (]: 4 of 8 START sql incremental model silver.slv_order_payments ................... [RUN]
[0m12:41:16.648716 [debug] [Thread-2 (]: Re-using an available connection from the pool (formerly model.dbt_olist_data_model.slv_order_items, now model.dbt_olist_data_model.slv_order_payments)
[0m12:41:16.649715 [debug] [Thread-2 (]: Began compiling node model.dbt_olist_data_model.slv_order_payments
[0m12:41:16.657709 [debug] [Thread-2 (]: Writing injected SQL for node "model.dbt_olist_data_model.slv_order_payments"
[0m12:41:16.660710 [debug] [Thread-2 (]: Began executing node model.dbt_olist_data_model.slv_order_payments
[0m12:41:16.667709 [debug] [Thread-2 (]: Writing runtime sql for node "model.dbt_olist_data_model.slv_order_payments"
[0m12:41:16.671748 [debug] [Thread-2 (]: Using snowflake connection "model.dbt_olist_data_model.slv_order_payments"
[0m12:41:16.672708 [debug] [Thread-2 (]: On model.dbt_olist_data_model.slv_order_payments: create or replace transient table OLIST_DW.silver.slv_order_payments
    
    
    
    
    

    as (

select
    case
        when order_id is null then 'Unknown'
        else order_id
    end as order_id,

    payment_sequential,

    case
        when payment_type is null then 'Not_defined'
        when payment_type regexp '^[0-9].*' then 'Not_defined'
        else initcap(trim(payment_type))
    end as payment_type,

    payment_installments,
    payment_value,
    ingested_at
from OLIST_DW.bronze.br_olist_order_payments


    )

/* {"app": "dbt", "dbt_version": "1.12.0", "profile_name": "dbt_olist_data_model", "target_name": "dev", "node_id": "model.dbt_olist_data_model.slv_order_payments"} */;
[0m12:41:18.137501 [debug] [Thread-2 (]: SQL status: SUCCESS 103886 in 1.462 seconds
[0m12:41:18.149498 [debug] [Thread-2 (]: Applying DROP to: OLIST_DW.silver.slv_order_payments__dbt_tmp
[0m12:41:18.156538 [debug] [Thread-2 (]: Using snowflake connection "model.dbt_olist_data_model.slv_order_payments"
[0m12:41:18.158494 [debug] [Thread-2 (]: On model.dbt_olist_data_model.slv_order_payments: drop view if exists OLIST_DW.silver.slv_order_payments__dbt_tmp cascade
/* {"app": "dbt", "dbt_version": "1.12.0", "profile_name": "dbt_olist_data_model", "target_name": "dev", "node_id": "model.dbt_olist_data_model.slv_order_payments"} */
[0m12:41:18.573433 [debug] [Thread-2 (]: SQL status: SUCCESS 1 in 0.412 seconds
[0m12:41:18.584424 [debug] [Thread-2 (]: Sending event: {'category': 'dbt', 'action': 'run_model', 'label': '2c26df90-3448-41c0-9fd1-fd843cf882b3', 'context': [<snowplow_tracker.self_describing_json.SelfDescribingJson object at 0x000002100AB63ED0>]}
[0m12:41:18.587422 [info ] [Thread-2 (]: 4 of 8 OK created sql incremental model silver.slv_order_payments .............. [[32mSUCCESS 103886[0m in 1.94s]
[0m12:41:18.590423 [debug] [Thread-2 (]: Finished running node model.dbt_olist_data_model.slv_order_payments
[0m12:41:18.592427 [debug] [Thread-2 (]: Began running node model.dbt_olist_data_model.slv_order_reviews
[0m12:41:18.594427 [info ] [Thread-2 (]: 5 of 8 START sql incremental model silver.slv_order_reviews .................... [RUN]
[0m12:41:18.597504 [debug] [Thread-2 (]: Re-using an available connection from the pool (formerly model.dbt_olist_data_model.slv_order_payments, now model.dbt_olist_data_model.slv_order_reviews)
[0m12:41:18.600506 [debug] [Thread-2 (]: Began compiling node model.dbt_olist_data_model.slv_order_reviews
[0m12:41:18.610506 [debug] [Thread-2 (]: Writing injected SQL for node "model.dbt_olist_data_model.slv_order_reviews"
[0m12:41:18.614504 [debug] [Thread-2 (]: Began executing node model.dbt_olist_data_model.slv_order_reviews
[0m12:41:18.620503 [debug] [Thread-2 (]: Writing runtime sql for node "model.dbt_olist_data_model.slv_order_reviews"
[0m12:41:18.625076 [debug] [Thread-2 (]: Using snowflake connection "model.dbt_olist_data_model.slv_order_reviews"
[0m12:41:18.627075 [debug] [Thread-2 (]: On model.dbt_olist_data_model.slv_order_reviews: create or replace transient table OLIST_DW.silver.slv_order_reviews
    
    
    
    
    

    as (

select
    review_pk_id,

    case
        when review_id is null then 'Unknown'
        else review_id
    end as review_id,

    case
        when order_id is null then 'Unknown'
        else order_id
    end as order_id,

    review_score,

    case
        when review_comment_title is null then 'Unknown'
        else review_comment_title
    end as review_comment_title,

    case
        when review_comment_message is null then 'Unknown'
        else review_comment_message
    end as review_comment_message,
    case
        when review_comment_message is not null then true
        else false
    end as has_comment,

    review_creation_date,
    review_answer_timestamp,
    ingested_at
from OLIST_DW.bronze.br_olist_order_reviews


    )

/* {"app": "dbt", "dbt_version": "1.12.0", "profile_name": "dbt_olist_data_model", "target_name": "dev", "node_id": "model.dbt_olist_data_model.slv_order_reviews"} */;
[0m12:41:20.233940 [debug] [Thread-2 (]: SQL status: SUCCESS 99223 in 1.605 seconds
[0m12:41:20.241927 [debug] [Thread-2 (]: Applying DROP to: OLIST_DW.silver.slv_order_reviews__dbt_tmp
[0m12:41:20.245467 [debug] [Thread-2 (]: Using snowflake connection "model.dbt_olist_data_model.slv_order_reviews"
[0m12:41:20.248458 [debug] [Thread-2 (]: On model.dbt_olist_data_model.slv_order_reviews: drop view if exists OLIST_DW.silver.slv_order_reviews__dbt_tmp cascade
/* {"app": "dbt", "dbt_version": "1.12.0", "profile_name": "dbt_olist_data_model", "target_name": "dev", "node_id": "model.dbt_olist_data_model.slv_order_reviews"} */
[0m12:41:20.537671 [debug] [Thread-2 (]: SQL status: SUCCESS 1 in 0.288 seconds
[0m12:41:20.540669 [debug] [Thread-2 (]: Sending event: {'category': 'dbt', 'action': 'run_model', 'label': '2c26df90-3448-41c0-9fd1-fd843cf882b3', 'context': [<snowplow_tracker.self_describing_json.SelfDescribingJson object at 0x000002100C11E710>]}
[0m12:41:20.542704 [info ] [Thread-2 (]: 5 of 8 OK created sql incremental model silver.slv_order_reviews ............... [[32mSUCCESS 99223[0m in 1.94s]
[0m12:41:20.544668 [debug] [Thread-2 (]: Finished running node model.dbt_olist_data_model.slv_order_reviews
[0m12:41:20.545667 [debug] [Thread-2 (]: Began running node model.dbt_olist_data_model.slv_orders
[0m12:41:20.546668 [info ] [Thread-2 (]: 6 of 8 START sql incremental model silver.slv_orders ........................... [RUN]
[0m12:41:20.548623 [debug] [Thread-2 (]: Re-using an available connection from the pool (formerly model.dbt_olist_data_model.slv_order_reviews, now model.dbt_olist_data_model.slv_orders)
[0m12:41:20.550669 [debug] [Thread-2 (]: Began compiling node model.dbt_olist_data_model.slv_orders
[0m12:41:20.557667 [debug] [Thread-2 (]: Writing injected SQL for node "model.dbt_olist_data_model.slv_orders"
[0m12:41:20.564671 [debug] [Thread-2 (]: Began executing node model.dbt_olist_data_model.slv_orders
[0m12:41:20.569701 [debug] [Thread-2 (]: Writing runtime sql for node "model.dbt_olist_data_model.slv_orders"
[0m12:41:20.573700 [debug] [Thread-2 (]: Using snowflake connection "model.dbt_olist_data_model.slv_orders"
[0m12:41:20.574667 [debug] [Thread-2 (]: On model.dbt_olist_data_model.slv_orders: create or replace transient table OLIST_DW.silver.slv_orders
    
    
    
    
    

    as (

select
    order_id,
    customer_id,

    case
        when order_status is null then 'Unknown'
        when order_status regexp '^[0-9].*' then 'Unknown'
        else initcap(trim(order_status))
    end as order_status,

    order_purchase_timestamp,
    order_approved_at,
    order_delivered_carrier_date,
    order_delivered_customer_date,
    order_estimated_delivery_date,

    case
        when order_delivered_customer_date is not null then true
        else false
    end as is_delivered,

    case
        when order_delivered_customer_date is not null
             and order_delivered_customer_date > order_estimated_delivery_date
        then true
        else false
    end as is_late,

    datediff('day', order_purchase_timestamp, order_delivered_customer_date) as delivery_days,
    
    ingested_at
from OLIST_DW.bronze.br_olist_orders


    )

/* {"app": "dbt", "dbt_version": "1.12.0", "profile_name": "dbt_olist_data_model", "target_name": "dev", "node_id": "model.dbt_olist_data_model.slv_orders"} */;
[0m12:41:23.433211 [debug] [Thread-2 (]: SQL status: SUCCESS 99441 in 2.855 seconds
[0m12:41:23.453216 [debug] [Thread-2 (]: Applying DROP to: OLIST_DW.silver.slv_orders__dbt_tmp
[0m12:41:23.477214 [debug] [Thread-2 (]: Using snowflake connection "model.dbt_olist_data_model.slv_orders"
[0m12:41:23.481201 [debug] [Thread-2 (]: On model.dbt_olist_data_model.slv_orders: drop view if exists OLIST_DW.silver.slv_orders__dbt_tmp cascade
/* {"app": "dbt", "dbt_version": "1.12.0", "profile_name": "dbt_olist_data_model", "target_name": "dev", "node_id": "model.dbt_olist_data_model.slv_orders"} */
[0m12:41:23.715939 [debug] [Thread-2 (]: SQL status: SUCCESS 1 in 0.233 seconds
[0m12:41:23.720943 [debug] [Thread-2 (]: Sending event: {'category': 'dbt', 'action': 'run_model', 'label': '2c26df90-3448-41c0-9fd1-fd843cf882b3', 'context': [<snowplow_tracker.self_describing_json.SelfDescribingJson object at 0x000002100BDE9650>]}
[0m12:41:23.722942 [info ] [Thread-2 (]: 6 of 8 OK created sql incremental model silver.slv_orders ...................... [[32mSUCCESS 99441[0m in 3.17s]
[0m12:41:23.725940 [debug] [Thread-2 (]: Finished running node model.dbt_olist_data_model.slv_orders
[0m12:41:23.727940 [debug] [Thread-2 (]: Began running node model.dbt_olist_data_model.slv_products
[0m12:41:23.729941 [info ] [Thread-2 (]: 7 of 8 START sql incremental model silver.slv_products ......................... [RUN]
[0m12:41:23.732946 [debug] [Thread-2 (]: Re-using an available connection from the pool (formerly model.dbt_olist_data_model.slv_orders, now model.dbt_olist_data_model.slv_products)
[0m12:41:23.734941 [debug] [Thread-2 (]: Began compiling node model.dbt_olist_data_model.slv_products
[0m12:41:23.748942 [debug] [Thread-2 (]: Writing injected SQL for node "model.dbt_olist_data_model.slv_products"
[0m12:41:23.750941 [debug] [Thread-2 (]: Began executing node model.dbt_olist_data_model.slv_products
[0m12:41:23.760061 [debug] [Thread-2 (]: Writing runtime sql for node "model.dbt_olist_data_model.slv_products"
[0m12:41:23.764994 [debug] [Thread-2 (]: Using snowflake connection "model.dbt_olist_data_model.slv_products"
[0m12:41:23.765992 [debug] [Thread-2 (]: On model.dbt_olist_data_model.slv_products: create or replace transient table OLIST_DW.silver.slv_products
    
    
    
    
    

    as (

with products as (
    select * from OLIST_DW.bronze.br_olist_products
    
),

category_translation as (
    select * from OLIST_DW.bronze.br_olist_product_category_translation
)

select
    p.product_id,

    case
        when p.product_category_name is null then 'Unknown'
        when p.product_category_name regexp '^[0-9].*' then 'Unknown'
        else initcap(p.product_category_name)
    end as product_category_name,

    case
        when c.product_category_name_english is null then 'Unknown'
        when c.product_category_name_english regexp '^[0-9].*' then 'Unknown'
        else initcap(c.product_category_name_english)
    end as product_category_name_english,

    p.product_name_length,
    p.product_description_length,
    p.product_photos_qty,
    p.product_weight_g,
    p.product_length_cm,
    p.product_height_cm,
    p.product_width_cm,
    p.ingested_at
from products p
left join category_translation c
    on p.product_category_name = c.product_category_name
    )

/* {"app": "dbt", "dbt_version": "1.12.0", "profile_name": "dbt_olist_data_model", "target_name": "dev", "node_id": "model.dbt_olist_data_model.slv_products"} */;
[0m12:41:25.503113 [debug] [Thread-2 (]: SQL status: SUCCESS 32951 in 1.735 seconds
[0m12:41:25.507107 [debug] [Thread-2 (]: Applying DROP to: OLIST_DW.silver.slv_products__dbt_tmp
[0m12:41:25.511103 [debug] [Thread-2 (]: Using snowflake connection "model.dbt_olist_data_model.slv_products"
[0m12:41:25.513108 [debug] [Thread-2 (]: On model.dbt_olist_data_model.slv_products: drop view if exists OLIST_DW.silver.slv_products__dbt_tmp cascade
/* {"app": "dbt", "dbt_version": "1.12.0", "profile_name": "dbt_olist_data_model", "target_name": "dev", "node_id": "model.dbt_olist_data_model.slv_products"} */
[0m12:41:25.797193 [debug] [Thread-2 (]: SQL status: SUCCESS 1 in 0.281 seconds
[0m12:41:25.805181 [debug] [Thread-2 (]: Sending event: {'category': 'dbt', 'action': 'run_model', 'label': '2c26df90-3448-41c0-9fd1-fd843cf882b3', 'context': [<snowplow_tracker.self_describing_json.SelfDescribingJson object at 0x000002100A7DD7D0>]}
[0m12:41:25.808278 [info ] [Thread-2 (]: 7 of 8 OK created sql incremental model silver.slv_products .................... [[32mSUCCESS 32951[0m in 2.07s]
[0m12:41:25.811009 [debug] [Thread-2 (]: Finished running node model.dbt_olist_data_model.slv_products
[0m12:41:25.813011 [debug] [Thread-2 (]: Began running node model.dbt_olist_data_model.slv_sellers
[0m12:41:25.815049 [info ] [Thread-2 (]: 8 of 8 START sql incremental model silver.slv_sellers .......................... [RUN]
[0m12:41:25.817788 [debug] [Thread-2 (]: Re-using an available connection from the pool (formerly model.dbt_olist_data_model.slv_products, now model.dbt_olist_data_model.slv_sellers)
[0m12:41:25.819791 [debug] [Thread-2 (]: Began compiling node model.dbt_olist_data_model.slv_sellers
[0m12:41:25.828790 [debug] [Thread-2 (]: Writing injected SQL for node "model.dbt_olist_data_model.slv_sellers"
[0m12:41:25.830598 [debug] [Thread-2 (]: Began executing node model.dbt_olist_data_model.slv_sellers
[0m12:41:25.835646 [debug] [Thread-2 (]: Writing runtime sql for node "model.dbt_olist_data_model.slv_sellers"
[0m12:41:25.839613 [debug] [Thread-2 (]: Using snowflake connection "model.dbt_olist_data_model.slv_sellers"
[0m12:41:25.841617 [debug] [Thread-2 (]: On model.dbt_olist_data_model.slv_sellers: create or replace transient table OLIST_DW.silver.slv_sellers
    
    
    
    
    

    as (

select
    seller_id,

    case
        when seller_zip_code_prefix is null then 'Unknown'
        else seller_zip_code_prefix
    end as seller_zip_code_prefix,

    case
        when seller_city is null then 'Unknown'
        when seller_city regexp '^[0-9].*' then 'Unknown'
        else initcap(trim(seller_city))
    end as seller_city,

    case
        when seller_state is null then 'Unknown'
        when seller_state regexp '^[0-9].*' then 'Unknown'
        else upper(trim(seller_state))
    end as seller_state,

    ingested_at
from OLIST_DW.bronze.br_olist_sellers


    )

/* {"app": "dbt", "dbt_version": "1.12.0", "profile_name": "dbt_olist_data_model", "target_name": "dev", "node_id": "model.dbt_olist_data_model.slv_sellers"} */;
[0m12:41:27.514443 [debug] [Thread-2 (]: SQL status: SUCCESS 3095 in 1.671 seconds
[0m12:41:27.525438 [debug] [Thread-2 (]: Applying DROP to: OLIST_DW.silver.slv_sellers__dbt_tmp
[0m12:41:27.530480 [debug] [Thread-2 (]: Using snowflake connection "model.dbt_olist_data_model.slv_sellers"
[0m12:41:27.532439 [debug] [Thread-2 (]: On model.dbt_olist_data_model.slv_sellers: drop view if exists OLIST_DW.silver.slv_sellers__dbt_tmp cascade
/* {"app": "dbt", "dbt_version": "1.12.0", "profile_name": "dbt_olist_data_model", "target_name": "dev", "node_id": "model.dbt_olist_data_model.slv_sellers"} */
[0m12:41:27.799922 [debug] [Thread-2 (]: SQL status: SUCCESS 1 in 0.265 seconds
[0m12:41:27.808904 [debug] [Thread-2 (]: Sending event: {'category': 'dbt', 'action': 'run_model', 'label': '2c26df90-3448-41c0-9fd1-fd843cf882b3', 'context': [<snowplow_tracker.self_describing_json.SelfDescribingJson object at 0x000002100C003F50>]}
[0m12:41:27.811400 [info ] [Thread-2 (]: 8 of 8 OK created sql incremental model silver.slv_sellers ..................... [[32mSUCCESS 3095[0m in 1.99s]
[0m12:41:27.814959 [debug] [Thread-2 (]: Finished running node model.dbt_olist_data_model.slv_sellers
[0m12:41:27.817865 [debug] [MainThread]: Connection 'master' was properly closed.
[0m12:41:27.819280 [debug] [MainThread]: Connection 'list_OLIST_DW' was left open.
[0m12:41:27.821297 [debug] [MainThread]: On list_OLIST_DW: Close
[0m12:41:28.329313 [debug] [MainThread]: Connection 'list_OLIST_DW_bronze' was left open.
[0m12:41:28.330309 [debug] [MainThread]: On list_OLIST_DW_bronze: Close
[0m12:41:28.935350 [debug] [MainThread]: Connection 'model.dbt_olist_data_model.slv_sellers' was left open.
[0m12:41:28.938356 [debug] [MainThread]: On model.dbt_olist_data_model.slv_sellers: Close
[0m12:41:29.420234 [info ] [MainThread]: 
[0m12:41:29.423248 [info ] [MainThread]: Finished running 8 incremental models in 0 hours 0 minutes and 28.02 seconds (28.02s).
[0m12:41:29.428228 [debug] [MainThread]: Command end result
[0m12:41:29.507677 [debug] [MainThread]: Wrote artifact WritableManifest to C:\Users\lenovo\Documents\Data_Engineering\Portfolio\Data-Migration-from-MySQL-Database-to-Migration-with-Full-CI-CD-Pipeline\dbt_olist_data_model\target\manifest.json
[0m12:41:29.514676 [debug] [MainThread]: Wrote artifact SemanticManifest to C:\Users\lenovo\Documents\Data_Engineering\Portfolio\Data-Migration-from-MySQL-Database-to-Migration-with-Full-CI-CD-Pipeline\dbt_olist_data_model\target\semantic_manifest.json
[0m12:41:29.520677 [debug] [MainThread]: Wrote artifact OsiDocument to C:\Users\lenovo\Documents\Data_Engineering\Portfolio\Data-Migration-from-MySQL-Database-to-Migration-with-Full-CI-CD-Pipeline\dbt_olist_data_model\target\osi_document.json
[0m12:41:29.535678 [debug] [MainThread]: Wrote artifact RunExecutionResult to C:\Users\lenovo\Documents\Data_Engineering\Portfolio\Data-Migration-from-MySQL-Database-to-Migration-with-Full-CI-CD-Pipeline\dbt_olist_data_model\target\run_results.json
[0m12:41:29.537676 [info ] [MainThread]: 
[0m12:41:29.539680 [info ] [MainThread]: [32mCompleted successfully[0m
[0m12:41:29.542678 [info ] [MainThread]: 
[0m12:41:29.545677 [info ] [MainThread]: Done. PASS=8 WARN=0 ERROR=0 SKIP=0 NO-OP=0 REUSED=0 TOTAL=8
[0m12:41:29.549680 [debug] [MainThread]: Command `dbt run` succeeded at 12:41:29.548685 after 31.99 seconds
[0m12:41:29.552678 [debug] [MainThread]: Sending event: {'category': 'dbt', 'action': 'invocation', 'label': 'end', 'context': [<snowplow_tracker.self_describing_json.SelfDescribingJson object at 0x00000210090C0F90>, <snowplow_tracker.self_describing_json.SelfDescribingJson object at 0x00000210090A5550>, <snowplow_tracker.self_describing_json.SelfDescribingJson object at 0x0000021009163C90>]}
[0m12:41:29.554708 [debug] [MainThread]: Flushing usage events
[0m12:41:31.437098 [debug] [MainThread]: An error was encountered while trying to flush usage events
[0m12:51:33.927353 [debug] [MainThread]: Sending event: {'category': 'dbt', 'action': 'invocation', 'label': 'start', 'context': [<snowplow_tracker.self_describing_json.SelfDescribingJson object at 0x000002ABB5A3E810>, <snowplow_tracker.self_describing_json.SelfDescribingJson object at 0x000002ABB8EE6610>, <snowplow_tracker.self_describing_json.SelfDescribingJson object at 0x000002ABBA5108D0>]}


============================== 12:51:33.935352 | 04a37996-f048-4237-b362-c8374cde0d16 ==============================
[0m12:51:33.935352 [info ] [MainThread]: Running with dbt=1.12.0
[0m12:51:33.937354 [debug] [MainThread]: running dbt with arguments {'static_parser': 'True', 'no_print': 'None', 'version_check': 'True', 'target_path': 'None', 'maximum_seed_size_mib': '1', 'warn_error_options': 'WarnErrorOptionsV2(error=[], warn=[], silence=[])', 'printer_width': '80', 'write_json': 'True', 'empty': 'False', 'log_cache_events': 'False', 'introspect': 'True', 'cache_selected_only': 'False', 'fail_fast': 'False', 'debug': 'False', 'log_format': 'default', 'partial_parse': 'True', 'send_anonymous_usage_stats': 'True', 'quiet': 'False', 'warn_error': 'None', 'profiles_dir': 'C:\\Users\\lenovo\\.dbt', 'indirect_selection': 'eager', 'hints_enabled': 'True', 'use_colors': 'True', 'use_experimental_parser': 'False', 'invocation_command': 'dbt compile', 'log_path': 'C:\\Users\\lenovo\\Documents\\Data_Engineering\\Portfolio\\Data-Migration-from-MySQL-Database-to-Migration-with-Full-CI-CD-Pipeline\\dbt_olist_data_model\\logs'}
[0m12:51:34.735754 [debug] [MainThread]: Snowflake adapter: Setting snowflake.connector to ERROR (file logging only)
[0m12:51:34.736758 [debug] [MainThread]: Snowflake adapter: Setting botocore to ERROR (file logging only)
[0m12:51:34.738721 [debug] [MainThread]: Snowflake adapter: Setting boto3 to ERROR (file logging only)
[0m12:51:35.290036 [debug] [MainThread]: Sending event: {'category': 'dbt', 'action': 'project_id', 'label': '04a37996-f048-4237-b362-c8374cde0d16', 'context': [<snowplow_tracker.self_describing_json.SelfDescribingJson object at 0x000002ABBBA1F350>]}
[0m12:51:35.420020 [debug] [MainThread]: Sending event: {'category': 'dbt', 'action': 'adapter_info', 'label': '04a37996-f048-4237-b362-c8374cde0d16', 'context': [<snowplow_tracker.self_describing_json.SelfDescribingJson object at 0x000002ABB8208290>]}
[0m12:51:35.423022 [info ] [MainThread]: Registered adapter: snowflake=1.12.0
[0m12:51:36.117079 [debug] [MainThread]: checksum: fa19c417bd532b9cc714519aa84e06d9b91dd956fbccdd320c8e6f600c8f48a8, vars: {}, profile: dbt_olist_data_model, target: dev, version: 1.12.0
[0m12:51:36.458858 [debug] [MainThread]: Partial parsing enabled: 0 files deleted, 0 files added, 0 files changed.
[0m12:51:36.460857 [debug] [MainThread]: Nothing changed, skipping partial parsing.
[0m12:51:36.461853 [debug] [MainThread]: Partial parsing enabled, no changes found, skipping parsing
[0m12:51:36.473855 [warn ] [MainThread]: [[33mWARNING[0m]: Configuration paths exist in your dbt_project.yml file which do not apply to any resources.
There are 1 unused configuration paths:
- models.dbt_olist_data_model.gold
[0m12:51:36.480855 [debug] [MainThread]: Sending event: {'category': 'dbt', 'action': 'load_project', 'label': '04a37996-f048-4237-b362-c8374cde0d16', 'context': [<snowplow_tracker.self_describing_json.SelfDescribingJson object at 0x000002ABBB6AFED0>]}
[0m12:51:36.728856 [debug] [MainThread]: Wrote artifact WritableManifest to C:\Users\lenovo\Documents\Data_Engineering\Portfolio\Data-Migration-from-MySQL-Database-to-Migration-with-Full-CI-CD-Pipeline\dbt_olist_data_model\target\manifest.json
[0m12:51:36.735854 [debug] [MainThread]: Wrote artifact SemanticManifest to C:\Users\lenovo\Documents\Data_Engineering\Portfolio\Data-Migration-from-MySQL-Database-to-Migration-with-Full-CI-CD-Pipeline\dbt_olist_data_model\target\semantic_manifest.json
[0m12:51:36.875854 [debug] [MainThread]: Wrote artifact OsiDocument to C:\Users\lenovo\Documents\Data_Engineering\Portfolio\Data-Migration-from-MySQL-Database-to-Migration-with-Full-CI-CD-Pipeline\dbt_olist_data_model\target\osi_document.json
[0m12:51:36.899855 [debug] [MainThread]: Sending event: {'category': 'dbt', 'action': 'resource_counts', 'label': '04a37996-f048-4237-b362-c8374cde0d16', 'context': [<snowplow_tracker.self_describing_json.SelfDescribingJson object at 0x000002ABBBF5A890>]}
[0m12:51:36.901856 [info ] [MainThread]: Found 17 models, 9 sources, 546 macros
[0m12:51:36.902856 [debug] [MainThread]: Sending event: {'category': 'dbt', 'action': 'runnable_timing', 'label': '04a37996-f048-4237-b362-c8374cde0d16', 'context': [<snowplow_tracker.self_describing_json.SelfDescribingJson object at 0x000002ABBBBAC950>]}
[0m12:51:36.907853 [info ] [MainThread]: 
[0m12:51:36.909855 [info ] [MainThread]: Concurrency: 1 threads (target='dev')
[0m12:51:36.911857 [info ] [MainThread]: 
[0m12:51:36.914857 [debug] [MainThread]: Acquiring new snowflake connection 'master'
[0m12:51:36.941853 [debug] [ThreadPool]: Acquiring new snowflake connection 'list_OLIST_DW_bronze'
[0m12:51:36.978855 [debug] [ThreadPool]: Using snowflake connection "list_OLIST_DW_bronze"
[0m12:51:36.980854 [debug] [ThreadPool]: On list_OLIST_DW_bronze: show objects in OLIST_DW.bronze
    limit 10000
    

/* {"app": "dbt", "dbt_version": "1.12.0", "profile_name": "dbt_olist_data_model", "target_name": "dev", "connection_name": "list_OLIST_DW_bronze"} */;
[0m12:51:36.981855 [debug] [ThreadPool]: Opening a new connection, currently in state init
[0m12:51:40.120542 [debug] [ThreadPool]: SQL status: SUCCESS 9 in 3.139 seconds
[0m12:51:40.136537 [debug] [ThreadPool]: Using snowflake connection "list_OLIST_DW_bronze"
[0m12:51:40.138486 [debug] [ThreadPool]: On list_OLIST_DW_bronze: show user functions in OLIST_DW.bronze
/* {"app": "dbt", "dbt_version": "1.12.0", "profile_name": "dbt_olist_data_model", "target_name": "dev", "connection_name": "list_OLIST_DW_bronze"} */
[0m12:51:40.619101 [debug] [ThreadPool]: SQL status: SUCCESS 0 in 0.478 seconds
[0m12:51:40.634093 [debug] [ThreadPool]: Re-using an available connection from the pool (formerly list_OLIST_DW_bronze, now list_OLIST_DW_silver)
[0m12:51:40.650086 [debug] [ThreadPool]: Using snowflake connection "list_OLIST_DW_silver"
[0m12:51:40.654092 [debug] [ThreadPool]: On list_OLIST_DW_silver: show objects in OLIST_DW.silver
    limit 10000
    

/* {"app": "dbt", "dbt_version": "1.12.0", "profile_name": "dbt_olist_data_model", "target_name": "dev", "connection_name": "list_OLIST_DW_silver"} */;
[0m12:51:41.215518 [debug] [ThreadPool]: SQL status: SUCCESS 8 in 0.558 seconds
[0m12:51:41.233510 [debug] [ThreadPool]: Using snowflake connection "list_OLIST_DW_silver"
[0m12:51:41.234558 [debug] [ThreadPool]: On list_OLIST_DW_silver: show user functions in OLIST_DW.silver
/* {"app": "dbt", "dbt_version": "1.12.0", "profile_name": "dbt_olist_data_model", "target_name": "dev", "connection_name": "list_OLIST_DW_silver"} */
[0m12:51:42.233616 [debug] [ThreadPool]: SQL status: SUCCESS 0 in 0.998 seconds
[0m12:51:42.239618 [debug] [MainThread]: Sending event: {'category': 'dbt', 'action': 'runnable_timing', 'label': '04a37996-f048-4237-b362-c8374cde0d16', 'context': [<snowplow_tracker.self_describing_json.SelfDescribingJson object at 0x000002ABBA6A03D0>]}
[0m12:51:42.281613 [debug] [Thread-2 (]: Began running node model.dbt_olist_data_model.br_olist_customers
[0m12:51:42.284615 [debug] [Thread-2 (]: Acquiring new snowflake connection 'model.dbt_olist_data_model.br_olist_customers'
[0m12:51:42.286612 [debug] [Thread-2 (]: Began compiling node model.dbt_olist_data_model.br_olist_customers
[0m12:51:42.319620 [debug] [Thread-2 (]: Writing injected SQL for node "model.dbt_olist_data_model.br_olist_customers"
[0m12:51:42.322616 [debug] [Thread-2 (]: Began executing node model.dbt_olist_data_model.br_olist_customers
[0m12:51:42.325618 [debug] [Thread-2 (]: Finished running node model.dbt_olist_data_model.br_olist_customers
[0m12:51:42.327615 [debug] [Thread-2 (]: Began running node model.dbt_olist_data_model.br_olist_geolocation
[0m12:51:42.330617 [debug] [Thread-2 (]: Re-using an available connection from the pool (formerly model.dbt_olist_data_model.br_olist_customers, now model.dbt_olist_data_model.br_olist_geolocation)
[0m12:51:42.331616 [debug] [Thread-2 (]: Began compiling node model.dbt_olist_data_model.br_olist_geolocation
[0m12:51:42.339611 [debug] [Thread-2 (]: Writing injected SQL for node "model.dbt_olist_data_model.br_olist_geolocation"
[0m12:51:42.342610 [debug] [Thread-2 (]: Began executing node model.dbt_olist_data_model.br_olist_geolocation
[0m12:51:42.346614 [debug] [Thread-2 (]: Finished running node model.dbt_olist_data_model.br_olist_geolocation
[0m12:51:42.348610 [debug] [Thread-2 (]: Began running node model.dbt_olist_data_model.br_olist_order_items
[0m12:51:42.351613 [debug] [Thread-2 (]: Re-using an available connection from the pool (formerly model.dbt_olist_data_model.br_olist_geolocation, now model.dbt_olist_data_model.br_olist_order_items)
[0m12:51:42.353614 [debug] [Thread-2 (]: Began compiling node model.dbt_olist_data_model.br_olist_order_items
[0m12:51:42.362610 [debug] [Thread-2 (]: Writing injected SQL for node "model.dbt_olist_data_model.br_olist_order_items"
[0m12:51:42.366613 [debug] [Thread-2 (]: Began executing node model.dbt_olist_data_model.br_olist_order_items
[0m12:51:42.369619 [debug] [Thread-2 (]: Finished running node model.dbt_olist_data_model.br_olist_order_items
[0m12:51:42.372617 [debug] [Thread-2 (]: Began running node model.dbt_olist_data_model.br_olist_order_payments
[0m12:51:42.374614 [debug] [Thread-2 (]: Re-using an available connection from the pool (formerly model.dbt_olist_data_model.br_olist_order_items, now model.dbt_olist_data_model.br_olist_order_payments)
[0m12:51:42.376616 [debug] [Thread-2 (]: Began compiling node model.dbt_olist_data_model.br_olist_order_payments
[0m12:51:42.385612 [debug] [Thread-2 (]: Writing injected SQL for node "model.dbt_olist_data_model.br_olist_order_payments"
[0m12:51:42.388611 [debug] [Thread-2 (]: Began executing node model.dbt_olist_data_model.br_olist_order_payments
[0m12:51:42.391614 [debug] [Thread-2 (]: Finished running node model.dbt_olist_data_model.br_olist_order_payments
[0m12:51:42.394612 [debug] [Thread-2 (]: Began running node model.dbt_olist_data_model.br_olist_order_reviews
[0m12:51:42.396613 [debug] [Thread-2 (]: Re-using an available connection from the pool (formerly model.dbt_olist_data_model.br_olist_order_payments, now model.dbt_olist_data_model.br_olist_order_reviews)
[0m12:51:42.398613 [debug] [Thread-2 (]: Began compiling node model.dbt_olist_data_model.br_olist_order_reviews
[0m12:51:42.407611 [debug] [Thread-2 (]: Writing injected SQL for node "model.dbt_olist_data_model.br_olist_order_reviews"
[0m12:51:42.410612 [debug] [Thread-2 (]: Began executing node model.dbt_olist_data_model.br_olist_order_reviews
[0m12:51:42.413615 [debug] [Thread-2 (]: Finished running node model.dbt_olist_data_model.br_olist_order_reviews
[0m12:51:42.415611 [debug] [Thread-2 (]: Began running node model.dbt_olist_data_model.br_olist_orders
[0m12:51:42.418611 [debug] [Thread-2 (]: Re-using an available connection from the pool (formerly model.dbt_olist_data_model.br_olist_order_reviews, now model.dbt_olist_data_model.br_olist_orders)
[0m12:51:42.420612 [debug] [Thread-2 (]: Began compiling node model.dbt_olist_data_model.br_olist_orders
[0m12:51:42.428613 [debug] [Thread-2 (]: Writing injected SQL for node "model.dbt_olist_data_model.br_olist_orders"
[0m12:51:42.432614 [debug] [Thread-2 (]: Began executing node model.dbt_olist_data_model.br_olist_orders
[0m12:51:42.434613 [debug] [Thread-2 (]: Finished running node model.dbt_olist_data_model.br_olist_orders
[0m12:51:42.437612 [debug] [Thread-2 (]: Began running node model.dbt_olist_data_model.br_olist_product_category_translation
[0m12:51:42.439612 [debug] [Thread-2 (]: Re-using an available connection from the pool (formerly model.dbt_olist_data_model.br_olist_orders, now model.dbt_olist_data_model.br_olist_product_category_translation)
[0m12:51:42.441611 [debug] [Thread-2 (]: Began compiling node model.dbt_olist_data_model.br_olist_product_category_translation
[0m12:51:42.449614 [debug] [Thread-2 (]: Writing injected SQL for node "model.dbt_olist_data_model.br_olist_product_category_translation"
[0m12:51:42.452613 [debug] [Thread-2 (]: Began executing node model.dbt_olist_data_model.br_olist_product_category_translation
[0m12:51:42.454886 [debug] [Thread-2 (]: Finished running node model.dbt_olist_data_model.br_olist_product_category_translation
[0m12:51:42.456613 [debug] [Thread-2 (]: Began running node model.dbt_olist_data_model.br_olist_products
[0m12:51:42.458614 [debug] [Thread-2 (]: Re-using an available connection from the pool (formerly model.dbt_olist_data_model.br_olist_product_category_translation, now model.dbt_olist_data_model.br_olist_products)
[0m12:51:42.460612 [debug] [Thread-2 (]: Began compiling node model.dbt_olist_data_model.br_olist_products
[0m12:51:42.469614 [debug] [Thread-2 (]: Writing injected SQL for node "model.dbt_olist_data_model.br_olist_products"
[0m12:51:42.472610 [debug] [Thread-2 (]: Began executing node model.dbt_olist_data_model.br_olist_products
[0m12:51:42.473611 [debug] [Thread-2 (]: Finished running node model.dbt_olist_data_model.br_olist_products
[0m12:51:42.475614 [debug] [Thread-2 (]: Began running node model.dbt_olist_data_model.br_olist_sellers
[0m12:51:42.476610 [debug] [Thread-2 (]: Re-using an available connection from the pool (formerly model.dbt_olist_data_model.br_olist_products, now model.dbt_olist_data_model.br_olist_sellers)
[0m12:51:42.478614 [debug] [Thread-2 (]: Began compiling node model.dbt_olist_data_model.br_olist_sellers
[0m12:51:42.482611 [debug] [Thread-2 (]: Writing injected SQL for node "model.dbt_olist_data_model.br_olist_sellers"
[0m12:51:42.484609 [debug] [Thread-2 (]: Began executing node model.dbt_olist_data_model.br_olist_sellers
[0m12:51:42.487616 [debug] [Thread-2 (]: Finished running node model.dbt_olist_data_model.br_olist_sellers
[0m12:51:42.489613 [debug] [Thread-2 (]: Began running node model.dbt_olist_data_model.slv_customers
[0m12:51:42.490610 [debug] [Thread-2 (]: Re-using an available connection from the pool (formerly model.dbt_olist_data_model.br_olist_sellers, now model.dbt_olist_data_model.slv_customers)
[0m12:51:42.491613 [debug] [Thread-2 (]: Began compiling node model.dbt_olist_data_model.slv_customers
[0m12:51:42.495611 [debug] [Thread-2 (]: Writing injected SQL for node "model.dbt_olist_data_model.slv_customers"
[0m12:51:42.497613 [debug] [Thread-2 (]: Began executing node model.dbt_olist_data_model.slv_customers
[0m12:51:42.499613 [debug] [Thread-2 (]: Finished running node model.dbt_olist_data_model.slv_customers
[0m12:51:42.501614 [debug] [Thread-2 (]: Began running node model.dbt_olist_data_model.slv_geolocation
[0m12:51:42.502618 [debug] [Thread-2 (]: Re-using an available connection from the pool (formerly model.dbt_olist_data_model.slv_customers, now model.dbt_olist_data_model.slv_geolocation)
[0m12:51:42.503614 [debug] [Thread-2 (]: Began compiling node model.dbt_olist_data_model.slv_geolocation
[0m12:51:42.507613 [debug] [Thread-2 (]: Writing injected SQL for node "model.dbt_olist_data_model.slv_geolocation"
[0m12:51:42.509617 [debug] [Thread-2 (]: Began executing node model.dbt_olist_data_model.slv_geolocation
[0m12:51:42.511617 [debug] [Thread-2 (]: Finished running node model.dbt_olist_data_model.slv_geolocation
[0m12:51:42.512615 [debug] [Thread-2 (]: Began running node model.dbt_olist_data_model.slv_order_items
[0m12:51:42.514617 [debug] [Thread-2 (]: Re-using an available connection from the pool (formerly model.dbt_olist_data_model.slv_geolocation, now model.dbt_olist_data_model.slv_order_items)
[0m12:51:42.515614 [debug] [Thread-2 (]: Began compiling node model.dbt_olist_data_model.slv_order_items
[0m12:51:42.519613 [debug] [Thread-2 (]: Writing injected SQL for node "model.dbt_olist_data_model.slv_order_items"
[0m12:51:42.521610 [debug] [Thread-2 (]: Began executing node model.dbt_olist_data_model.slv_order_items
[0m12:51:42.523611 [debug] [Thread-2 (]: Finished running node model.dbt_olist_data_model.slv_order_items
[0m12:51:42.524612 [debug] [Thread-2 (]: Began running node model.dbt_olist_data_model.slv_order_payments
[0m12:51:42.526616 [debug] [Thread-2 (]: Re-using an available connection from the pool (formerly model.dbt_olist_data_model.slv_order_items, now model.dbt_olist_data_model.slv_order_payments)
[0m12:51:42.527616 [debug] [Thread-2 (]: Began compiling node model.dbt_olist_data_model.slv_order_payments
[0m12:51:42.531610 [debug] [Thread-2 (]: Writing injected SQL for node "model.dbt_olist_data_model.slv_order_payments"
[0m12:51:42.534617 [debug] [Thread-2 (]: Began executing node model.dbt_olist_data_model.slv_order_payments
[0m12:51:42.535617 [debug] [Thread-2 (]: Finished running node model.dbt_olist_data_model.slv_order_payments
[0m12:51:42.537616 [debug] [Thread-2 (]: Began running node model.dbt_olist_data_model.slv_order_reviews
[0m12:51:42.538618 [debug] [Thread-2 (]: Re-using an available connection from the pool (formerly model.dbt_olist_data_model.slv_order_payments, now model.dbt_olist_data_model.slv_order_reviews)
[0m12:51:42.539618 [debug] [Thread-2 (]: Began compiling node model.dbt_olist_data_model.slv_order_reviews
[0m12:51:42.544611 [debug] [Thread-2 (]: Writing injected SQL for node "model.dbt_olist_data_model.slv_order_reviews"
[0m12:51:42.546612 [debug] [Thread-2 (]: Began executing node model.dbt_olist_data_model.slv_order_reviews
[0m12:51:42.548617 [debug] [Thread-2 (]: Finished running node model.dbt_olist_data_model.slv_order_reviews
[0m12:51:42.549613 [debug] [Thread-2 (]: Began running node model.dbt_olist_data_model.slv_orders
[0m12:51:42.551616 [debug] [Thread-2 (]: Re-using an available connection from the pool (formerly model.dbt_olist_data_model.slv_order_reviews, now model.dbt_olist_data_model.slv_orders)
[0m12:51:42.552614 [debug] [Thread-2 (]: Began compiling node model.dbt_olist_data_model.slv_orders
[0m12:51:42.557611 [debug] [Thread-2 (]: Writing injected SQL for node "model.dbt_olist_data_model.slv_orders"
[0m12:51:42.558611 [debug] [Thread-2 (]: Began executing node model.dbt_olist_data_model.slv_orders
[0m12:51:42.560617 [debug] [Thread-2 (]: Finished running node model.dbt_olist_data_model.slv_orders
[0m12:51:42.562611 [debug] [Thread-2 (]: Began running node model.dbt_olist_data_model.slv_products
[0m12:51:42.563616 [debug] [Thread-2 (]: Re-using an available connection from the pool (formerly model.dbt_olist_data_model.slv_orders, now model.dbt_olist_data_model.slv_products)
[0m12:51:42.564614 [debug] [Thread-2 (]: Began compiling node model.dbt_olist_data_model.slv_products
[0m12:51:42.569616 [debug] [Thread-2 (]: Writing injected SQL for node "model.dbt_olist_data_model.slv_products"
[0m12:51:42.571616 [debug] [Thread-2 (]: Began executing node model.dbt_olist_data_model.slv_products
[0m12:51:42.573616 [debug] [Thread-2 (]: Finished running node model.dbt_olist_data_model.slv_products
[0m12:51:42.574615 [debug] [Thread-2 (]: Began running node model.dbt_olist_data_model.slv_sellers
[0m12:51:42.575614 [debug] [Thread-2 (]: Re-using an available connection from the pool (formerly model.dbt_olist_data_model.slv_products, now model.dbt_olist_data_model.slv_sellers)
[0m12:51:42.576617 [debug] [Thread-2 (]: Began compiling node model.dbt_olist_data_model.slv_sellers
[0m12:51:42.581613 [debug] [Thread-2 (]: Writing injected SQL for node "model.dbt_olist_data_model.slv_sellers"
[0m12:51:42.584612 [debug] [Thread-2 (]: Began executing node model.dbt_olist_data_model.slv_sellers
[0m12:51:42.585614 [debug] [Thread-2 (]: Finished running node model.dbt_olist_data_model.slv_sellers
[0m12:51:42.587615 [debug] [MainThread]: Connection 'master' was properly closed.
[0m12:51:42.589617 [debug] [MainThread]: Connection 'list_OLIST_DW_silver' was left open.
[0m12:51:42.590618 [debug] [MainThread]: On list_OLIST_DW_silver: Close
[0m12:51:43.475082 [debug] [MainThread]: Connection 'model.dbt_olist_data_model.slv_sellers' was properly closed.
[0m12:51:43.480078 [debug] [MainThread]: Command end result
[0m12:51:43.543082 [debug] [MainThread]: Wrote artifact WritableManifest to C:\Users\lenovo\Documents\Data_Engineering\Portfolio\Data-Migration-from-MySQL-Database-to-Migration-with-Full-CI-CD-Pipeline\dbt_olist_data_model\target\manifest.json
[0m12:51:43.550080 [debug] [MainThread]: Wrote artifact SemanticManifest to C:\Users\lenovo\Documents\Data_Engineering\Portfolio\Data-Migration-from-MySQL-Database-to-Migration-with-Full-CI-CD-Pipeline\dbt_olist_data_model\target\semantic_manifest.json
[0m12:51:43.557080 [debug] [MainThread]: Wrote artifact OsiDocument to C:\Users\lenovo\Documents\Data_Engineering\Portfolio\Data-Migration-from-MySQL-Database-to-Migration-with-Full-CI-CD-Pipeline\dbt_olist_data_model\target\osi_document.json
[0m12:51:43.577081 [debug] [MainThread]: Wrote artifact RunExecutionResult to C:\Users\lenovo\Documents\Data_Engineering\Portfolio\Data-Migration-from-MySQL-Database-to-Migration-with-Full-CI-CD-Pipeline\dbt_olist_data_model\target\run_results.json
[0m12:51:43.581084 [debug] [MainThread]: Command `dbt compile` succeeded at 12:51:43.580084 after 9.93 seconds
[0m12:51:43.582117 [debug] [MainThread]: Sending event: {'category': 'dbt', 'action': 'invocation', 'label': 'end', 'context': [<snowplow_tracker.self_describing_json.SelfDescribingJson object at 0x000002ABBA6C1150>, <snowplow_tracker.self_describing_json.SelfDescribingJson object at 0x000002ABBA51CA90>, <snowplow_tracker.self_describing_json.SelfDescribingJson object at 0x000002ABBA5B3990>]}
[0m12:51:43.584085 [debug] [MainThread]: Flushing usage events
[0m12:51:46.017172 [debug] [MainThread]: An error was encountered while trying to flush usage events
[0m12:51:57.247350 [debug] [MainThread]: Sending event: {'category': 'dbt', 'action': 'invocation', 'label': 'start', 'context': [<snowplow_tracker.self_describing_json.SelfDescribingJson object at 0x000001EB9ED453D0>, <snowplow_tracker.self_describing_json.SelfDescribingJson object at 0x000001EB9EEDE550>, <snowplow_tracker.self_describing_json.SelfDescribingJson object at 0x000001EB9EEEED90>]}


============================== 12:51:57.252350 | a6ca4422-9780-4053-9d13-92528e57c080 ==============================
[0m12:51:57.252350 [info ] [MainThread]: Running with dbt=1.12.0
[0m12:51:57.254354 [debug] [MainThread]: running dbt with arguments {'version_check': 'True', 'no_print': 'None', 'static_parser': 'True', 'warn_error_options': 'WarnErrorOptionsV2(error=[], warn=[], silence=[])', 'target_path': 'None', 'maximum_seed_size_mib': '1', 'printer_width': '80', 'write_json': 'True', 'empty': 'False', 'log_cache_events': 'False', 'introspect': 'True', 'cache_selected_only': 'False', 'fail_fast': 'False', 'debug': 'False', 'log_format': 'default', 'partial_parse': 'True', 'send_anonymous_usage_stats': 'True', 'quiet': 'False', 'warn_error': 'None', 'profiles_dir': 'C:\\Users\\lenovo\\.dbt', 'indirect_selection': 'eager', 'hints_enabled': 'True', 'use_colors': 'True', 'use_experimental_parser': 'False', 'invocation_command': 'dbt run --select silver --full-refresh', 'log_path': 'C:\\Users\\lenovo\\Documents\\Data_Engineering\\Portfolio\\Data-Migration-from-MySQL-Database-to-Migration-with-Full-CI-CD-Pipeline\\dbt_olist_data_model\\logs'}
[0m12:51:58.011714 [debug] [MainThread]: Snowflake adapter: Setting snowflake.connector to ERROR (file logging only)
[0m12:51:58.012715 [debug] [MainThread]: Snowflake adapter: Setting botocore to ERROR (file logging only)
[0m12:51:58.014713 [debug] [MainThread]: Snowflake adapter: Setting boto3 to ERROR (file logging only)
[0m12:51:58.546719 [debug] [MainThread]: Sending event: {'category': 'dbt', 'action': 'project_id', 'label': 'a6ca4422-9780-4053-9d13-92528e57c080', 'context': [<snowplow_tracker.self_describing_json.SelfDescribingJson object at 0x000001EB9EE7FC50>]}
[0m12:51:58.682713 [debug] [MainThread]: Sending event: {'category': 'dbt', 'action': 'adapter_info', 'label': 'a6ca4422-9780-4053-9d13-92528e57c080', 'context': [<snowplow_tracker.self_describing_json.SelfDescribingJson object at 0x000001EB9CA58550>]}
[0m12:51:58.685719 [info ] [MainThread]: Registered adapter: snowflake=1.12.0
[0m12:51:59.434643 [debug] [MainThread]: checksum: fa19c417bd532b9cc714519aa84e06d9b91dd956fbccdd320c8e6f600c8f48a8, vars: {}, profile: dbt_olist_data_model, target: dev, version: 1.12.0
[0m12:51:59.728756 [debug] [MainThread]: Partial parsing enabled: 0 files deleted, 0 files added, 0 files changed.
[0m12:51:59.729754 [debug] [MainThread]: Nothing changed, skipping partial parsing.
[0m12:51:59.730756 [debug] [MainThread]: Partial parsing enabled, no changes found, skipping parsing
[0m12:51:59.743760 [warn ] [MainThread]: [[33mWARNING[0m]: Configuration paths exist in your dbt_project.yml file which do not apply to any resources.
There are 1 unused configuration paths:
- models.dbt_olist_data_model.gold
[0m12:51:59.750755 [debug] [MainThread]: Sending event: {'category': 'dbt', 'action': 'load_project', 'label': 'a6ca4422-9780-4053-9d13-92528e57c080', 'context': [<snowplow_tracker.self_describing_json.SelfDescribingJson object at 0x000001EBA08FF450>]}
[0m12:52:00.207754 [debug] [MainThread]: Wrote artifact WritableManifest to C:\Users\lenovo\Documents\Data_Engineering\Portfolio\Data-Migration-from-MySQL-Database-to-Migration-with-Full-CI-CD-Pipeline\dbt_olist_data_model\target\manifest.json
[0m12:52:00.214751 [debug] [MainThread]: Wrote artifact SemanticManifest to C:\Users\lenovo\Documents\Data_Engineering\Portfolio\Data-Migration-from-MySQL-Database-to-Migration-with-Full-CI-CD-Pipeline\dbt_olist_data_model\target\semantic_manifest.json
[0m12:52:00.339753 [debug] [MainThread]: Wrote artifact OsiDocument to C:\Users\lenovo\Documents\Data_Engineering\Portfolio\Data-Migration-from-MySQL-Database-to-Migration-with-Full-CI-CD-Pipeline\dbt_olist_data_model\target\osi_document.json
[0m12:52:00.364756 [debug] [MainThread]: Sending event: {'category': 'dbt', 'action': 'resource_counts', 'label': 'a6ca4422-9780-4053-9d13-92528e57c080', 'context': [<snowplow_tracker.self_describing_json.SelfDescribingJson object at 0x000001EBA02A0310>]}
[0m12:52:00.366757 [info ] [MainThread]: Found 17 models, 9 sources, 546 macros
[0m12:52:00.369760 [debug] [MainThread]: Sending event: {'category': 'dbt', 'action': 'runnable_timing', 'label': 'a6ca4422-9780-4053-9d13-92528e57c080', 'context': [<snowplow_tracker.self_describing_json.SelfDescribingJson object at 0x000001EBA0A66C10>]}
[0m12:52:00.372753 [info ] [MainThread]: 
[0m12:52:00.374755 [info ] [MainThread]: Concurrency: 1 threads (target='dev')
[0m12:52:00.376753 [info ] [MainThread]: 
[0m12:52:00.378757 [debug] [MainThread]: Acquiring new snowflake connection 'master'
[0m12:52:00.403755 [debug] [ThreadPool]: Acquiring new snowflake connection 'list_OLIST_DW'
[0m12:52:00.435755 [debug] [ThreadPool]: Using snowflake connection "list_OLIST_DW"
[0m12:52:00.437766 [debug] [ThreadPool]: On list_OLIST_DW: show terse schemas in database OLIST_DW
    limit 10000
/* {"app": "dbt", "dbt_version": "1.12.0", "profile_name": "dbt_olist_data_model", "target_name": "dev", "connection_name": "list_OLIST_DW"} */
[0m12:52:00.438751 [debug] [ThreadPool]: Opening a new connection, currently in state init
[0m12:52:03.184817 [debug] [ThreadPool]: SQL status: SUCCESS 6 in 2.746 seconds
[0m12:52:03.197850 [debug] [ThreadPool]: Acquiring new snowflake connection 'list_OLIST_DW_bronze'
[0m12:52:03.213819 [debug] [ThreadPool]: Using snowflake connection "list_OLIST_DW_bronze"
[0m12:52:03.214828 [debug] [ThreadPool]: On list_OLIST_DW_bronze: show objects in OLIST_DW.bronze
    limit 10000
    

/* {"app": "dbt", "dbt_version": "1.12.0", "profile_name": "dbt_olist_data_model", "target_name": "dev", "connection_name": "list_OLIST_DW_bronze"} */;
[0m12:52:03.215851 [debug] [ThreadPool]: Opening a new connection, currently in state init
[0m12:52:05.229193 [debug] [ThreadPool]: SQL status: SUCCESS 9 in 2.014 seconds
[0m12:52:05.243191 [debug] [ThreadPool]: Using snowflake connection "list_OLIST_DW_bronze"
[0m12:52:05.245231 [debug] [ThreadPool]: On list_OLIST_DW_bronze: show user functions in OLIST_DW.bronze
/* {"app": "dbt", "dbt_version": "1.12.0", "profile_name": "dbt_olist_data_model", "target_name": "dev", "connection_name": "list_OLIST_DW_bronze"} */
[0m12:52:05.781634 [debug] [ThreadPool]: SQL status: SUCCESS 0 in 0.534 seconds
[0m12:52:05.785627 [debug] [ThreadPool]: Re-using an available connection from the pool (formerly list_OLIST_DW_bronze, now list_OLIST_DW_silver)
[0m12:52:05.792628 [debug] [ThreadPool]: Using snowflake connection "list_OLIST_DW_silver"
[0m12:52:05.794635 [debug] [ThreadPool]: On list_OLIST_DW_silver: show objects in OLIST_DW.silver
    limit 10000
    

/* {"app": "dbt", "dbt_version": "1.12.0", "profile_name": "dbt_olist_data_model", "target_name": "dev", "connection_name": "list_OLIST_DW_silver"} */;
[0m12:52:06.372547 [debug] [ThreadPool]: SQL status: SUCCESS 8 in 0.576 seconds
[0m12:52:06.383538 [debug] [ThreadPool]: Using snowflake connection "list_OLIST_DW_silver"
[0m12:52:06.385487 [debug] [ThreadPool]: On list_OLIST_DW_silver: show user functions in OLIST_DW.silver
/* {"app": "dbt", "dbt_version": "1.12.0", "profile_name": "dbt_olist_data_model", "target_name": "dev", "connection_name": "list_OLIST_DW_silver"} */
[0m12:52:06.861343 [debug] [ThreadPool]: SQL status: SUCCESS 0 in 0.473 seconds
[0m12:52:06.869340 [debug] [MainThread]: Sending event: {'category': 'dbt', 'action': 'runnable_timing', 'label': 'a6ca4422-9780-4053-9d13-92528e57c080', 'context': [<snowplow_tracker.self_describing_json.SelfDescribingJson object at 0x000001EBA075E810>]}
[0m12:52:06.876875 [debug] [Thread-2 (]: Began running node model.dbt_olist_data_model.slv_customers
[0m12:52:06.878875 [info ] [Thread-2 (]: 1 of 8 START sql incremental model silver.slv_customers ........................ [RUN]
[0m12:52:06.880914 [debug] [Thread-2 (]: Acquiring new snowflake connection 'model.dbt_olist_data_model.slv_customers'
[0m12:52:06.881876 [debug] [Thread-2 (]: Began compiling node model.dbt_olist_data_model.slv_customers
[0m12:52:06.898875 [debug] [Thread-2 (]: Writing injected SQL for node "model.dbt_olist_data_model.slv_customers"
[0m12:52:06.901879 [debug] [Thread-2 (]: Began executing node model.dbt_olist_data_model.slv_customers
[0m12:52:07.018875 [debug] [Thread-2 (]: Writing runtime sql for node "model.dbt_olist_data_model.slv_customers"
[0m12:52:07.021875 [debug] [Thread-2 (]: Using snowflake connection "model.dbt_olist_data_model.slv_customers"
[0m12:52:07.023877 [debug] [Thread-2 (]: On model.dbt_olist_data_model.slv_customers: create or replace transient table OLIST_DW.silver.slv_customers
    
    
    
    
    

    as (

select
    customer_id,
    customer_unique_id,

    case
        when customer_zip_code_prefix is null then 'Unknown'
        else customer_zip_code_prefix
    end as customer_zip_code_prefix,

    case
        when customer_city is null then 'Unknown'
        when customer_city regexp '^[0-9].*' then 'Unknown'
        else initcap(trim(customer_city))
    end as customer_city,

    case
        when customer_state is null then 'Unknown'
        when customer_state regexp '^[0-9].*' then 'Unknown'
        else upper(trim(customer_state))
    end as customer_state,

    ingested_at
from OLIST_DW.bronze.br_olist_customers


    )

/* {"app": "dbt", "dbt_version": "1.12.0", "profile_name": "dbt_olist_data_model", "target_name": "dev", "node_id": "model.dbt_olist_data_model.slv_customers"} */;
[0m12:52:07.024873 [debug] [Thread-2 (]: Opening a new connection, currently in state init
[0m12:52:12.064434 [debug] [Thread-2 (]: SQL status: SUCCESS 99441 in 5.040 seconds
[0m12:52:12.075431 [debug] [Thread-2 (]: Applying DROP to: OLIST_DW.silver.slv_customers__dbt_tmp
[0m12:52:12.086429 [debug] [Thread-2 (]: Using snowflake connection "model.dbt_olist_data_model.slv_customers"
[0m12:52:12.087394 [debug] [Thread-2 (]: On model.dbt_olist_data_model.slv_customers: drop view if exists OLIST_DW.silver.slv_customers__dbt_tmp cascade
/* {"app": "dbt", "dbt_version": "1.12.0", "profile_name": "dbt_olist_data_model", "target_name": "dev", "node_id": "model.dbt_olist_data_model.slv_customers"} */
[0m12:52:12.547128 [debug] [Thread-2 (]: SQL status: SUCCESS 1 in 0.458 seconds
[0m12:52:12.601794 [debug] [Thread-2 (]: Sending event: {'category': 'dbt', 'action': 'run_model', 'label': 'a6ca4422-9780-4053-9d13-92528e57c080', 'context': [<snowplow_tracker.self_describing_json.SelfDescribingJson object at 0x000001EBA03B8C90>]}
[0m12:52:12.603421 [info ] [Thread-2 (]: 1 of 8 OK created sql incremental model silver.slv_customers ................... [[32mSUCCESS 99441[0m in 5.72s]
[0m12:52:12.605884 [debug] [Thread-2 (]: Finished running node model.dbt_olist_data_model.slv_customers
[0m12:52:12.608121 [debug] [Thread-2 (]: Began running node model.dbt_olist_data_model.slv_geolocation
[0m12:52:12.610382 [info ] [Thread-2 (]: 2 of 8 START sql incremental model silver.slv_geolocation ...................... [RUN]
[0m12:52:12.613468 [debug] [Thread-2 (]: Re-using an available connection from the pool (formerly model.dbt_olist_data_model.slv_customers, now model.dbt_olist_data_model.slv_geolocation)
[0m12:52:12.615112 [debug] [Thread-2 (]: Began compiling node model.dbt_olist_data_model.slv_geolocation
[0m12:52:12.623799 [debug] [Thread-2 (]: Writing injected SQL for node "model.dbt_olist_data_model.slv_geolocation"
[0m12:52:12.627991 [debug] [Thread-2 (]: Began executing node model.dbt_olist_data_model.slv_geolocation
[0m12:52:12.642501 [debug] [Thread-2 (]: Writing runtime sql for node "model.dbt_olist_data_model.slv_geolocation"
[0m12:52:12.645496 [debug] [Thread-2 (]: Using snowflake connection "model.dbt_olist_data_model.slv_geolocation"
[0m12:52:12.647473 [debug] [Thread-2 (]: On model.dbt_olist_data_model.slv_geolocation: create or replace transient table OLIST_DW.silver.slv_geolocation
    
    
    
    
    

    as (

select
    geolocation_id,

    case
        when geolocation_zip_code_prefix is null then 'Unknown'
        else geolocation_zip_code_prefix
    end as geolocation_zip_code_prefix,

    geolocation_lat,
    geolocation_lng,

    case
        when geolocation_city is null then 'Unknown'
        when geolocation_city regexp '^[0-9].*' then 'Unknown'
        else initcap(trim(geolocation_city))
    end as geolocation_city,

    case
        when geolocation_state is null then 'Unknown'
        when geolocation_state regexp '^[0-9].*' then 'Unknown'
        else upper(trim(geolocation_state))
    end as geolocation_state,

    ingested_at
from OLIST_DW.bronze.br_olist_geolocation


    )

/* {"app": "dbt", "dbt_version": "1.12.0", "profile_name": "dbt_olist_data_model", "target_name": "dev", "node_id": "model.dbt_olist_data_model.slv_geolocation"} */;
[0m12:52:14.039243 [debug] [Thread-2 (]: SQL status: SUCCESS 1000163 in 1.389 seconds
[0m12:52:14.045241 [debug] [Thread-2 (]: Applying DROP to: OLIST_DW.silver.slv_geolocation__dbt_tmp
[0m12:52:14.048247 [debug] [Thread-2 (]: Using snowflake connection "model.dbt_olist_data_model.slv_geolocation"
[0m12:52:14.050239 [debug] [Thread-2 (]: On model.dbt_olist_data_model.slv_geolocation: drop view if exists OLIST_DW.silver.slv_geolocation__dbt_tmp cascade
/* {"app": "dbt", "dbt_version": "1.12.0", "profile_name": "dbt_olist_data_model", "target_name": "dev", "node_id": "model.dbt_olist_data_model.slv_geolocation"} */
[0m12:52:15.156945 [debug] [Thread-2 (]: SQL status: SUCCESS 1 in 1.104 seconds
[0m12:52:15.165932 [debug] [Thread-2 (]: Sending event: {'category': 'dbt', 'action': 'run_model', 'label': 'a6ca4422-9780-4053-9d13-92528e57c080', 'context': [<snowplow_tracker.self_describing_json.SelfDescribingJson object at 0x000001EBA1CA68D0>]}
[0m12:52:15.168932 [info ] [Thread-2 (]: 2 of 8 OK created sql incremental model silver.slv_geolocation ................. [[32mSUCCESS 1000163[0m in 2.55s]
[0m12:52:15.172300 [debug] [Thread-2 (]: Finished running node model.dbt_olist_data_model.slv_geolocation
[0m12:52:15.174265 [debug] [Thread-2 (]: Began running node model.dbt_olist_data_model.slv_order_items
[0m12:52:15.175261 [info ] [Thread-2 (]: 3 of 8 START sql incremental model silver.slv_order_items ...................... [RUN]
[0m12:52:15.180265 [debug] [Thread-2 (]: Re-using an available connection from the pool (formerly model.dbt_olist_data_model.slv_geolocation, now model.dbt_olist_data_model.slv_order_items)
[0m12:52:15.182265 [debug] [Thread-2 (]: Began compiling node model.dbt_olist_data_model.slv_order_items
[0m12:52:15.191267 [debug] [Thread-2 (]: Writing injected SQL for node "model.dbt_olist_data_model.slv_order_items"
[0m12:52:15.200293 [debug] [Thread-2 (]: Began executing node model.dbt_olist_data_model.slv_order_items
[0m12:52:15.216267 [debug] [Thread-2 (]: Writing runtime sql for node "model.dbt_olist_data_model.slv_order_items"
[0m12:52:15.221294 [debug] [Thread-2 (]: Using snowflake connection "model.dbt_olist_data_model.slv_order_items"
[0m12:52:15.223265 [debug] [Thread-2 (]: On model.dbt_olist_data_model.slv_order_items: create or replace transient table OLIST_DW.silver.slv_order_items
    
    
    
    
    

    as (

select
    order_id,
    order_item_id,

    case
        when product_id is null then 'Unknown'
        else product_id
    end as product_id,

    case
        when seller_id is null then 'Unknown'
        else seller_id
    end as seller_id,

    shipping_limit_date,
    price,
    freight_value,
    ingested_at
from OLIST_DW.bronze.br_olist_order_items


    )

/* {"app": "dbt", "dbt_version": "1.12.0", "profile_name": "dbt_olist_data_model", "target_name": "dev", "node_id": "model.dbt_olist_data_model.slv_order_items"} */;
[0m12:52:16.616982 [debug] [Thread-2 (]: SQL status: SUCCESS 112650 in 1.391 seconds
[0m12:52:16.628030 [debug] [Thread-2 (]: Applying DROP to: OLIST_DW.silver.slv_order_items__dbt_tmp
[0m12:52:16.632984 [debug] [Thread-2 (]: Using snowflake connection "model.dbt_olist_data_model.slv_order_items"
[0m12:52:16.635142 [debug] [Thread-2 (]: On model.dbt_olist_data_model.slv_order_items: drop view if exists OLIST_DW.silver.slv_order_items__dbt_tmp cascade
/* {"app": "dbt", "dbt_version": "1.12.0", "profile_name": "dbt_olist_data_model", "target_name": "dev", "node_id": "model.dbt_olist_data_model.slv_order_items"} */
[0m12:52:17.154662 [debug] [Thread-2 (]: SQL status: SUCCESS 1 in 0.518 seconds
[0m12:52:17.157659 [debug] [Thread-2 (]: Sending event: {'category': 'dbt', 'action': 'run_model', 'label': 'a6ca4422-9780-4053-9d13-92528e57c080', 'context': [<snowplow_tracker.self_describing_json.SelfDescribingJson object at 0x000001EBA08E0F50>]}
[0m12:52:17.158660 [info ] [Thread-2 (]: 3 of 8 OK created sql incremental model silver.slv_order_items ................. [[32mSUCCESS 112650[0m in 1.98s]
[0m12:52:17.161261 [debug] [Thread-2 (]: Finished running node model.dbt_olist_data_model.slv_order_items
[0m12:52:17.162382 [debug] [Thread-2 (]: Began running node model.dbt_olist_data_model.slv_order_payments
[0m12:52:17.164400 [info ] [Thread-2 (]: 4 of 8 START sql incremental model silver.slv_order_payments ................... [RUN]
[0m12:52:17.166402 [debug] [Thread-2 (]: Re-using an available connection from the pool (formerly model.dbt_olist_data_model.slv_order_items, now model.dbt_olist_data_model.slv_order_payments)
[0m12:52:17.170399 [debug] [Thread-2 (]: Began compiling node model.dbt_olist_data_model.slv_order_payments
[0m12:52:17.179409 [debug] [Thread-2 (]: Writing injected SQL for node "model.dbt_olist_data_model.slv_order_payments"
[0m12:52:17.183396 [debug] [Thread-2 (]: Began executing node model.dbt_olist_data_model.slv_order_payments
[0m12:52:17.189396 [debug] [Thread-2 (]: Writing runtime sql for node "model.dbt_olist_data_model.slv_order_payments"
[0m12:52:17.192196 [debug] [Thread-2 (]: Using snowflake connection "model.dbt_olist_data_model.slv_order_payments"
[0m12:52:17.194194 [debug] [Thread-2 (]: On model.dbt_olist_data_model.slv_order_payments: create or replace transient table OLIST_DW.silver.slv_order_payments
    
    
    
    
    

    as (

select
    case
        when order_id is null then 'Unknown'
        else order_id
    end as order_id,

    payment_sequential,

    case
        when payment_type is null then 'Not_defined'
        when payment_type regexp '^[0-9].*' then 'Not_defined'
        else initcap(trim(payment_type))
    end as payment_type,

    payment_installments,
    payment_value,
    ingested_at
from OLIST_DW.bronze.br_olist_order_payments


    )

/* {"app": "dbt", "dbt_version": "1.12.0", "profile_name": "dbt_olist_data_model", "target_name": "dev", "node_id": "model.dbt_olist_data_model.slv_order_payments"} */;
[0m12:52:18.476840 [debug] [Thread-2 (]: SQL status: SUCCESS 103886 in 1.281 seconds
[0m12:52:18.483835 [debug] [Thread-2 (]: Applying DROP to: OLIST_DW.silver.slv_order_payments__dbt_tmp
[0m12:52:18.490837 [debug] [Thread-2 (]: Using snowflake connection "model.dbt_olist_data_model.slv_order_payments"
[0m12:52:18.494840 [debug] [Thread-2 (]: On model.dbt_olist_data_model.slv_order_payments: drop view if exists OLIST_DW.silver.slv_order_payments__dbt_tmp cascade
/* {"app": "dbt", "dbt_version": "1.12.0", "profile_name": "dbt_olist_data_model", "target_name": "dev", "node_id": "model.dbt_olist_data_model.slv_order_payments"} */
[0m12:52:19.085837 [debug] [Thread-2 (]: SQL status: SUCCESS 1 in 0.584 seconds
[0m12:52:19.095839 [debug] [Thread-2 (]: Sending event: {'category': 'dbt', 'action': 'run_model', 'label': 'a6ca4422-9780-4053-9d13-92528e57c080', 'context': [<snowplow_tracker.self_describing_json.SelfDescribingJson object at 0x000001EBA1D0ED10>]}
[0m12:52:19.103839 [info ] [Thread-2 (]: 4 of 8 OK created sql incremental model silver.slv_order_payments .............. [[32mSUCCESS 103886[0m in 1.93s]
[0m12:52:19.106840 [debug] [Thread-2 (]: Finished running node model.dbt_olist_data_model.slv_order_payments
[0m12:52:19.108833 [debug] [Thread-2 (]: Began running node model.dbt_olist_data_model.slv_order_reviews
[0m12:52:19.111835 [info ] [Thread-2 (]: 5 of 8 START sql incremental model silver.slv_order_reviews .................... [RUN]
[0m12:52:19.116833 [debug] [Thread-2 (]: Re-using an available connection from the pool (formerly model.dbt_olist_data_model.slv_order_payments, now model.dbt_olist_data_model.slv_order_reviews)
[0m12:52:19.118833 [debug] [Thread-2 (]: Began compiling node model.dbt_olist_data_model.slv_order_reviews
[0m12:52:19.127865 [debug] [Thread-2 (]: Writing injected SQL for node "model.dbt_olist_data_model.slv_order_reviews"
[0m12:52:19.133835 [debug] [Thread-2 (]: Began executing node model.dbt_olist_data_model.slv_order_reviews
[0m12:52:19.138832 [debug] [Thread-2 (]: Writing runtime sql for node "model.dbt_olist_data_model.slv_order_reviews"
[0m12:52:19.142831 [debug] [Thread-2 (]: Using snowflake connection "model.dbt_olist_data_model.slv_order_reviews"
[0m12:52:19.146846 [debug] [Thread-2 (]: On model.dbt_olist_data_model.slv_order_reviews: create or replace transient table OLIST_DW.silver.slv_order_reviews
    
    
    
    
    

    as (

select
    review_pk_id,

    case
        when review_id is null then 'Unknown'
        else review_id
    end as review_id,

    case
        when order_id is null then 'Unknown'
        else order_id
    end as order_id,

    review_score,

    case
        when review_comment_title is null then 'Unknown'
        else review_comment_title
    end as review_comment_title,

    review_comment_message,

    case
        when review_comment_message is null then false
        when trim(review_comment_message) = '' then false
        else true
    end as has_comment,

    review_creation_date,
    review_answer_timestamp,
    ingested_at
from OLIST_DW.bronze.br_olist_order_reviews


    )

/* {"app": "dbt", "dbt_version": "1.12.0", "profile_name": "dbt_olist_data_model", "target_name": "dev", "node_id": "model.dbt_olist_data_model.slv_order_reviews"} */;
[0m12:52:20.611584 [debug] [Thread-2 (]: SQL status: SUCCESS 99223 in 1.461 seconds
[0m12:52:20.624576 [debug] [Thread-2 (]: Applying DROP to: OLIST_DW.silver.slv_order_reviews__dbt_tmp
[0m12:52:20.629534 [debug] [Thread-2 (]: Using snowflake connection "model.dbt_olist_data_model.slv_order_reviews"
[0m12:52:20.631526 [debug] [Thread-2 (]: On model.dbt_olist_data_model.slv_order_reviews: drop view if exists OLIST_DW.silver.slv_order_reviews__dbt_tmp cascade
/* {"app": "dbt", "dbt_version": "1.12.0", "profile_name": "dbt_olist_data_model", "target_name": "dev", "node_id": "model.dbt_olist_data_model.slv_order_reviews"} */
[0m12:52:21.111599 [debug] [Thread-2 (]: SQL status: SUCCESS 1 in 0.478 seconds
[0m12:52:21.124113 [debug] [Thread-2 (]: Sending event: {'category': 'dbt', 'action': 'run_model', 'label': 'a6ca4422-9780-4053-9d13-92528e57c080', 'context': [<snowplow_tracker.self_describing_json.SelfDescribingJson object at 0x000001EBA083CD10>]}
[0m12:52:21.129133 [info ] [Thread-2 (]: 5 of 8 OK created sql incremental model silver.slv_order_reviews ............... [[32mSUCCESS 99223[0m in 2.01s]
[0m12:52:21.132132 [debug] [Thread-2 (]: Finished running node model.dbt_olist_data_model.slv_order_reviews
[0m12:52:21.134132 [debug] [Thread-2 (]: Began running node model.dbt_olist_data_model.slv_orders
[0m12:52:21.136137 [info ] [Thread-2 (]: 6 of 8 START sql incremental model silver.slv_orders ........................... [RUN]
[0m12:52:21.139138 [debug] [Thread-2 (]: Re-using an available connection from the pool (formerly model.dbt_olist_data_model.slv_order_reviews, now model.dbt_olist_data_model.slv_orders)
[0m12:52:21.141136 [debug] [Thread-2 (]: Began compiling node model.dbt_olist_data_model.slv_orders
[0m12:52:21.150132 [debug] [Thread-2 (]: Writing injected SQL for node "model.dbt_olist_data_model.slv_orders"
[0m12:52:21.153132 [debug] [Thread-2 (]: Began executing node model.dbt_olist_data_model.slv_orders
[0m12:52:21.158128 [debug] [Thread-2 (]: Writing runtime sql for node "model.dbt_olist_data_model.slv_orders"
[0m12:52:21.165126 [debug] [Thread-2 (]: Using snowflake connection "model.dbt_olist_data_model.slv_orders"
[0m12:52:21.166128 [debug] [Thread-2 (]: On model.dbt_olist_data_model.slv_orders: create or replace transient table OLIST_DW.silver.slv_orders
    
    
    
    
    

    as (

select
    order_id,
    customer_id,

    case
        when order_status is null then 'Unknown'
        when order_status regexp '^[0-9].*' then 'Unknown'
        else initcap(trim(order_status))
    end as order_status,

    order_purchase_timestamp,
    order_approved_at,
    order_delivered_carrier_date,
    order_delivered_customer_date,
    order_estimated_delivery_date,

    case
        when order_delivered_customer_date is not null then true
        else false
    end as is_delivered,

    case
        when order_delivered_customer_date is not null
             and order_delivered_customer_date > order_estimated_delivery_date
        then true
        else false
    end as is_late,

    datediff('day', order_purchase_timestamp, order_delivered_customer_date) as delivery_days,
    
    ingested_at
from OLIST_DW.bronze.br_olist_orders


    )

/* {"app": "dbt", "dbt_version": "1.12.0", "profile_name": "dbt_olist_data_model", "target_name": "dev", "node_id": "model.dbt_olist_data_model.slv_orders"} */;
[0m12:52:23.313707 [debug] [Thread-2 (]: SQL status: SUCCESS 99441 in 2.146 seconds
[0m12:52:23.323698 [debug] [Thread-2 (]: Applying DROP to: OLIST_DW.silver.slv_orders__dbt_tmp
[0m12:52:23.328495 [debug] [Thread-2 (]: Using snowflake connection "model.dbt_olist_data_model.slv_orders"
[0m12:52:23.330494 [debug] [Thread-2 (]: On model.dbt_olist_data_model.slv_orders: drop view if exists OLIST_DW.silver.slv_orders__dbt_tmp cascade
/* {"app": "dbt", "dbt_version": "1.12.0", "profile_name": "dbt_olist_data_model", "target_name": "dev", "node_id": "model.dbt_olist_data_model.slv_orders"} */
[0m12:52:23.824754 [debug] [Thread-2 (]: SQL status: SUCCESS 1 in 0.492 seconds
[0m12:52:23.831757 [debug] [Thread-2 (]: Sending event: {'category': 'dbt', 'action': 'run_model', 'label': 'a6ca4422-9780-4053-9d13-92528e57c080', 'context': [<snowplow_tracker.self_describing_json.SelfDescribingJson object at 0x000001EBA1C91490>]}
[0m12:52:23.833753 [info ] [Thread-2 (]: 6 of 8 OK created sql incremental model silver.slv_orders ...................... [[32mSUCCESS 99441[0m in 2.69s]
[0m12:52:23.836757 [debug] [Thread-2 (]: Finished running node model.dbt_olist_data_model.slv_orders
[0m12:52:23.838753 [debug] [Thread-2 (]: Began running node model.dbt_olist_data_model.slv_products
[0m12:52:23.841759 [info ] [Thread-2 (]: 7 of 8 START sql incremental model silver.slv_products ......................... [RUN]
[0m12:52:23.849267 [debug] [Thread-2 (]: Re-using an available connection from the pool (formerly model.dbt_olist_data_model.slv_orders, now model.dbt_olist_data_model.slv_products)
[0m12:52:23.853289 [debug] [Thread-2 (]: Began compiling node model.dbt_olist_data_model.slv_products
[0m12:52:23.867286 [debug] [Thread-2 (]: Writing injected SQL for node "model.dbt_olist_data_model.slv_products"
[0m12:52:23.871282 [debug] [Thread-2 (]: Began executing node model.dbt_olist_data_model.slv_products
[0m12:52:23.895350 [debug] [Thread-2 (]: Writing runtime sql for node "model.dbt_olist_data_model.slv_products"
[0m12:52:23.905282 [debug] [Thread-2 (]: Using snowflake connection "model.dbt_olist_data_model.slv_products"
[0m12:52:23.907285 [debug] [Thread-2 (]: On model.dbt_olist_data_model.slv_products: create or replace transient table OLIST_DW.silver.slv_products
    
    
    
    
    

    as (

with products as (
    select * from OLIST_DW.bronze.br_olist_products
    
),

category_translation as (
    select * from OLIST_DW.bronze.br_olist_product_category_translation
)

select
    p.product_id,

    case
        when p.product_category_name is null then 'Unknown'
        when p.product_category_name regexp '^[0-9].*' then 'Unknown'
        else initcap(p.product_category_name)
    end as product_category_name,

    case
        when c.product_category_name_english is null then 'Unknown'
        when c.product_category_name_english regexp '^[0-9].*' then 'Unknown'
        else initcap(c.product_category_name_english)
    end as product_category_name_english,

    p.product_name_length,
    p.product_description_length,
    p.product_photos_qty,
    p.product_weight_g,
    p.product_length_cm,
    p.product_height_cm,
    p.product_width_cm,
    p.ingested_at
from products p
left join category_translation c
    on p.product_category_name = c.product_category_name
    )

/* {"app": "dbt", "dbt_version": "1.12.0", "profile_name": "dbt_olist_data_model", "target_name": "dev", "node_id": "model.dbt_olist_data_model.slv_products"} */;
[0m12:52:25.393672 [debug] [Thread-2 (]: SQL status: SUCCESS 32951 in 1.481 seconds
[0m12:52:25.396673 [debug] [Thread-2 (]: Applying DROP to: OLIST_DW.silver.slv_products__dbt_tmp
[0m12:52:25.399714 [debug] [Thread-2 (]: Using snowflake connection "model.dbt_olist_data_model.slv_products"
[0m12:52:25.400674 [debug] [Thread-2 (]: On model.dbt_olist_data_model.slv_products: drop view if exists OLIST_DW.silver.slv_products__dbt_tmp cascade
/* {"app": "dbt", "dbt_version": "1.12.0", "profile_name": "dbt_olist_data_model", "target_name": "dev", "node_id": "model.dbt_olist_data_model.slv_products"} */
[0m12:52:25.851785 [debug] [Thread-2 (]: SQL status: SUCCESS 1 in 0.450 seconds
[0m12:52:25.858778 [debug] [Thread-2 (]: Sending event: {'category': 'dbt', 'action': 'run_model', 'label': 'a6ca4422-9780-4053-9d13-92528e57c080', 'context': [<snowplow_tracker.self_describing_json.SelfDescribingJson object at 0x000001EBA0887910>]}
[0m12:52:25.861816 [info ] [Thread-2 (]: 7 of 8 OK created sql incremental model silver.slv_products .................... [[32mSUCCESS 32951[0m in 2.01s]
[0m12:52:25.863581 [debug] [Thread-2 (]: Finished running node model.dbt_olist_data_model.slv_products
[0m12:52:25.865989 [debug] [Thread-2 (]: Began running node model.dbt_olist_data_model.slv_sellers
[0m12:52:25.866986 [info ] [Thread-2 (]: 8 of 8 START sql incremental model silver.slv_sellers .......................... [RUN]
[0m12:52:25.869995 [debug] [Thread-2 (]: Re-using an available connection from the pool (formerly model.dbt_olist_data_model.slv_products, now model.dbt_olist_data_model.slv_sellers)
[0m12:52:25.871987 [debug] [Thread-2 (]: Began compiling node model.dbt_olist_data_model.slv_sellers
[0m12:52:25.882018 [debug] [Thread-2 (]: Writing injected SQL for node "model.dbt_olist_data_model.slv_sellers"
[0m12:52:25.884987 [debug] [Thread-2 (]: Began executing node model.dbt_olist_data_model.slv_sellers
[0m12:52:25.893987 [debug] [Thread-2 (]: Writing runtime sql for node "model.dbt_olist_data_model.slv_sellers"
[0m12:52:25.895987 [debug] [Thread-2 (]: Using snowflake connection "model.dbt_olist_data_model.slv_sellers"
[0m12:52:25.897988 [debug] [Thread-2 (]: On model.dbt_olist_data_model.slv_sellers: create or replace transient table OLIST_DW.silver.slv_sellers
    
    
    
    
    

    as (

select
    seller_id,

    case
        when seller_zip_code_prefix is null then 'Unknown'
        else seller_zip_code_prefix
    end as seller_zip_code_prefix,

    case
        when seller_city is null then 'Unknown'
        when seller_city regexp '^[0-9].*' then 'Unknown'
        else initcap(trim(seller_city))
    end as seller_city,

    case
        when seller_state is null then 'Unknown'
        when seller_state regexp '^[0-9].*' then 'Unknown'
        else upper(trim(seller_state))
    end as seller_state,

    ingested_at
from OLIST_DW.bronze.br_olist_sellers


    )

/* {"app": "dbt", "dbt_version": "1.12.0", "profile_name": "dbt_olist_data_model", "target_name": "dev", "node_id": "model.dbt_olist_data_model.slv_sellers"} */;
[0m12:52:26.975568 [debug] [Thread-2 (]: SQL status: SUCCESS 3095 in 1.077 seconds
[0m12:52:26.978559 [debug] [Thread-2 (]: Applying DROP to: OLIST_DW.silver.slv_sellers__dbt_tmp
[0m12:52:26.981561 [debug] [Thread-2 (]: Using snowflake connection "model.dbt_olist_data_model.slv_sellers"
[0m12:52:26.982553 [debug] [Thread-2 (]: On model.dbt_olist_data_model.slv_sellers: drop view if exists OLIST_DW.silver.slv_sellers__dbt_tmp cascade
/* {"app": "dbt", "dbt_version": "1.12.0", "profile_name": "dbt_olist_data_model", "target_name": "dev", "node_id": "model.dbt_olist_data_model.slv_sellers"} */
[0m12:52:27.756188 [debug] [Thread-2 (]: SQL status: SUCCESS 1 in 0.772 seconds
[0m12:52:27.766216 [debug] [Thread-2 (]: Sending event: {'category': 'dbt', 'action': 'run_model', 'label': 'a6ca4422-9780-4053-9d13-92528e57c080', 'context': [<snowplow_tracker.self_describing_json.SelfDescribingJson object at 0x000001EBA07CAED0>]}
[0m12:52:27.770175 [info ] [Thread-2 (]: 8 of 8 OK created sql incremental model silver.slv_sellers ..................... [[32mSUCCESS 3095[0m in 1.90s]
[0m12:52:27.773177 [debug] [Thread-2 (]: Finished running node model.dbt_olist_data_model.slv_sellers
[0m12:52:27.776228 [debug] [MainThread]: Connection 'master' was properly closed.
[0m12:52:27.778219 [debug] [MainThread]: Connection 'list_OLIST_DW' was left open.
[0m12:52:27.780226 [debug] [MainThread]: On list_OLIST_DW: Close
[0m12:52:28.605772 [debug] [MainThread]: Connection 'list_OLIST_DW_silver' was left open.
[0m12:52:28.606773 [debug] [MainThread]: On list_OLIST_DW_silver: Close
[0m12:52:29.435775 [debug] [MainThread]: Connection 'model.dbt_olist_data_model.slv_sellers' was left open.
[0m12:52:29.437755 [debug] [MainThread]: On model.dbt_olist_data_model.slv_sellers: Close
[0m12:52:30.268797 [info ] [MainThread]: 
[0m12:52:30.271807 [info ] [MainThread]: Finished running 8 incremental models in 0 hours 0 minutes and 29.89 seconds (29.89s).
[0m12:52:30.281843 [debug] [MainThread]: Command end result
[0m12:52:30.400789 [debug] [MainThread]: Wrote artifact WritableManifest to C:\Users\lenovo\Documents\Data_Engineering\Portfolio\Data-Migration-from-MySQL-Database-to-Migration-with-Full-CI-CD-Pipeline\dbt_olist_data_model\target\manifest.json
[0m12:52:30.406787 [debug] [MainThread]: Wrote artifact SemanticManifest to C:\Users\lenovo\Documents\Data_Engineering\Portfolio\Data-Migration-from-MySQL-Database-to-Migration-with-Full-CI-CD-Pipeline\dbt_olist_data_model\target\semantic_manifest.json
[0m12:52:30.413788 [debug] [MainThread]: Wrote artifact OsiDocument to C:\Users\lenovo\Documents\Data_Engineering\Portfolio\Data-Migration-from-MySQL-Database-to-Migration-with-Full-CI-CD-Pipeline\dbt_olist_data_model\target\osi_document.json
[0m12:52:30.429792 [debug] [MainThread]: Wrote artifact RunExecutionResult to C:\Users\lenovo\Documents\Data_Engineering\Portfolio\Data-Migration-from-MySQL-Database-to-Migration-with-Full-CI-CD-Pipeline\dbt_olist_data_model\target\run_results.json
[0m12:52:30.431790 [info ] [MainThread]: 
[0m12:52:30.434790 [info ] [MainThread]: [32mCompleted successfully[0m
[0m12:52:30.435785 [info ] [MainThread]: 
[0m12:52:30.438790 [info ] [MainThread]: Done. PASS=8 WARN=0 ERROR=0 SKIP=0 NO-OP=0 REUSED=0 TOTAL=8
[0m12:52:30.441787 [debug] [MainThread]: Command `dbt run` succeeded at 12:52:30.441787 after 33.47 seconds
[0m12:52:30.443790 [debug] [MainThread]: Sending event: {'category': 'dbt', 'action': 'invocation', 'label': 'end', 'context': [<snowplow_tracker.self_describing_json.SelfDescribingJson object at 0x000001EB9ED26090>, <snowplow_tracker.self_describing_json.SelfDescribingJson object at 0x000001EB9EDE8150>, <snowplow_tracker.self_describing_json.SelfDescribingJson object at 0x000001EB9EDFD7D0>]}
[0m12:52:30.445791 [debug] [MainThread]: Flushing usage events
[0m12:52:33.234817 [debug] [MainThread]: An error was encountered while trying to flush usage events
[0m09:20:35.303348 [debug] [MainThread]: Sending event: {'category': 'dbt', 'action': 'invocation', 'label': 'start', 'context': [<snowplow_tracker.self_describing_json.SelfDescribingJson object at 0x0000020136574950>, <snowplow_tracker.self_describing_json.SelfDescribingJson object at 0x0000020136574B50>, <snowplow_tracker.self_describing_json.SelfDescribingJson object at 0x0000020136574C10>]}


============================== 09:20:35.318347 | 992f61b8-d53f-4a47-ac1b-3d4d997c95a2 ==============================
[0m09:20:35.318347 [info ] [MainThread]: Running with dbt=1.12.0
[0m09:20:35.320349 [debug] [MainThread]: running dbt with arguments {'maximum_seed_size_mib': '1', 'no_print': 'None', 'static_parser': 'True', 'target_path': 'None', 'version_check': 'True', 'warn_error_options': 'WarnErrorOptionsV2(error=[], warn=[], silence=[])', 'printer_width': '80', 'write_json': 'True', 'introspect': 'True', 'log_cache_events': 'False', 'empty': 'False', 'cache_selected_only': 'False', 'log_format': 'default', 'debug': 'False', 'fail_fast': 'False', 'profiles_dir': 'C:\\Users\\lenovo\\.dbt', 'send_anonymous_usage_stats': 'True', 'quiet': 'False', 'warn_error': 'None', 'partial_parse': 'True', 'indirect_selection': 'eager', 'hints_enabled': 'True', 'use_colors': 'True', 'use_experimental_parser': 'False', 'invocation_command': 'dbt run --select slv_order_payments+ --full-refresh', 'log_path': 'C:\\Users\\lenovo\\Documents\\Data_Engineering\\Portfolio\\Data-Migration-from-MySQL-Database-to-Migration-with-Full-CI-CD-Pipeline\\dbt_olist_data_model\\logs'}
[0m09:20:37.635880 [debug] [MainThread]: Snowflake adapter: Setting snowflake.connector to ERROR (file logging only)
[0m09:20:37.636878 [debug] [MainThread]: Snowflake adapter: Setting botocore to ERROR (file logging only)
[0m09:20:37.638880 [debug] [MainThread]: Snowflake adapter: Setting boto3 to ERROR (file logging only)
[0m09:20:38.481920 [debug] [MainThread]: Sending event: {'category': 'dbt', 'action': 'project_id', 'label': '992f61b8-d53f-4a47-ac1b-3d4d997c95a2', 'context': [<snowplow_tracker.self_describing_json.SelfDescribingJson object at 0x00000201366AF790>]}
[0m09:20:38.612897 [debug] [MainThread]: Sending event: {'category': 'dbt', 'action': 'adapter_info', 'label': '992f61b8-d53f-4a47-ac1b-3d4d997c95a2', 'context': [<snowplow_tracker.self_describing_json.SelfDescribingJson object at 0x0000020134288310>]}
[0m09:20:38.618888 [info ] [MainThread]: Registered adapter: snowflake=1.12.0
[0m09:20:39.754836 [debug] [MainThread]: checksum: fa19c417bd532b9cc714519aa84e06d9b91dd956fbccdd320c8e6f600c8f48a8, vars: {}, profile: dbt_olist_data_model, target: dev, version: 1.12.0
[0m09:20:40.202830 [debug] [MainThread]: Partial parsing enabled: 0 files deleted, 0 files added, 1 files changed.
[0m09:20:40.203832 [debug] [MainThread]: Partial parsing: updated file: dbt_olist_data_model://models\silver\slv_order_payments.sql
[0m09:20:41.073833 [warn ] [MainThread]: [[33mWARNING[0m]: Configuration paths exist in your dbt_project.yml file which do not apply to any resources.
There are 1 unused configuration paths:
- models.dbt_olist_data_model.gold
[0m09:20:41.079830 [debug] [MainThread]: Sending event: {'category': 'dbt', 'action': 'load_project', 'label': '992f61b8-d53f-4a47-ac1b-3d4d997c95a2', 'context': [<snowplow_tracker.self_describing_json.SelfDescribingJson object at 0x00000201366DE850>]}
[0m09:20:41.342835 [debug] [MainThread]: Wrote artifact WritableManifest to C:\Users\lenovo\Documents\Data_Engineering\Portfolio\Data-Migration-from-MySQL-Database-to-Migration-with-Full-CI-CD-Pipeline\dbt_olist_data_model\target\manifest.json
[0m09:20:41.354828 [debug] [MainThread]: Wrote artifact SemanticManifest to C:\Users\lenovo\Documents\Data_Engineering\Portfolio\Data-Migration-from-MySQL-Database-to-Migration-with-Full-CI-CD-Pipeline\dbt_olist_data_model\target\semantic_manifest.json
[0m09:20:41.517454 [debug] [MainThread]: Wrote artifact OsiDocument to C:\Users\lenovo\Documents\Data_Engineering\Portfolio\Data-Migration-from-MySQL-Database-to-Migration-with-Full-CI-CD-Pipeline\dbt_olist_data_model\target\osi_document.json
[0m09:20:41.561453 [debug] [MainThread]: Sending event: {'category': 'dbt', 'action': 'resource_counts', 'label': '992f61b8-d53f-4a47-ac1b-3d4d997c95a2', 'context': [<snowplow_tracker.self_describing_json.SelfDescribingJson object at 0x0000020137F75A50>]}
[0m09:20:41.562456 [info ] [MainThread]: Found 17 models, 9 sources, 546 macros
[0m09:20:41.564468 [debug] [MainThread]: Sending event: {'category': 'dbt', 'action': 'runnable_timing', 'label': '992f61b8-d53f-4a47-ac1b-3d4d997c95a2', 'context': [<snowplow_tracker.self_describing_json.SelfDescribingJson object at 0x00000201366E0E90>]}
[0m09:20:41.567487 [info ] [MainThread]: 
[0m09:20:41.569451 [info ] [MainThread]: Concurrency: 1 threads (target='dev')
[0m09:20:41.571695 [info ] [MainThread]: 
[0m09:20:41.573228 [debug] [MainThread]: Acquiring new snowflake connection 'master'
[0m09:20:41.586220 [debug] [ThreadPool]: Acquiring new snowflake connection 'list_OLIST_DW'
[0m09:20:41.620222 [debug] [ThreadPool]: Using snowflake connection "list_OLIST_DW"
[0m09:20:41.624223 [debug] [ThreadPool]: On list_OLIST_DW: show terse schemas in database OLIST_DW
    limit 10000
/* {"app": "dbt", "dbt_version": "1.12.0", "profile_name": "dbt_olist_data_model", "target_name": "dev", "connection_name": "list_OLIST_DW"} */
[0m09:20:41.626228 [debug] [ThreadPool]: Opening a new connection, currently in state init
[0m09:20:50.008202 [debug] [ThreadPool]: SQL status: SUCCESS 6 in 8.382 seconds
[0m09:20:50.042204 [debug] [ThreadPool]: Acquiring new snowflake connection 'list_OLIST_DW_silver'
[0m09:20:50.060198 [debug] [ThreadPool]: Using snowflake connection "list_OLIST_DW_silver"
[0m09:20:50.062200 [debug] [ThreadPool]: On list_OLIST_DW_silver: show objects in OLIST_DW.silver
    limit 10000
    

/* {"app": "dbt", "dbt_version": "1.12.0", "profile_name": "dbt_olist_data_model", "target_name": "dev", "connection_name": "list_OLIST_DW_silver"} */;
[0m09:20:50.063199 [debug] [ThreadPool]: Opening a new connection, currently in state init
[0m09:20:51.730894 [debug] [ThreadPool]: SQL status: SUCCESS 8 in 1.667 seconds
[0m09:20:51.739863 [debug] [ThreadPool]: Using snowflake connection "list_OLIST_DW_silver"
[0m09:20:51.741861 [debug] [ThreadPool]: On list_OLIST_DW_silver: show user functions in OLIST_DW.silver
/* {"app": "dbt", "dbt_version": "1.12.0", "profile_name": "dbt_olist_data_model", "target_name": "dev", "connection_name": "list_OLIST_DW_silver"} */
[0m09:20:51.997502 [debug] [ThreadPool]: SQL status: SUCCESS 0 in 0.254 seconds
[0m09:20:52.006432 [debug] [ThreadPool]: Re-using an available connection from the pool (formerly list_OLIST_DW_silver, now list_OLIST_DW_bronze)
[0m09:20:52.017429 [debug] [ThreadPool]: Using snowflake connection "list_OLIST_DW_bronze"
[0m09:20:52.020435 [debug] [ThreadPool]: On list_OLIST_DW_bronze: show objects in OLIST_DW.bronze
    limit 10000
    

/* {"app": "dbt", "dbt_version": "1.12.0", "profile_name": "dbt_olist_data_model", "target_name": "dev", "connection_name": "list_OLIST_DW_bronze"} */;
[0m09:20:52.373364 [debug] [ThreadPool]: SQL status: SUCCESS 9 in 0.351 seconds
[0m09:20:52.387342 [debug] [ThreadPool]: Using snowflake connection "list_OLIST_DW_bronze"
[0m09:20:52.390295 [debug] [ThreadPool]: On list_OLIST_DW_bronze: show user functions in OLIST_DW.bronze
/* {"app": "dbt", "dbt_version": "1.12.0", "profile_name": "dbt_olist_data_model", "target_name": "dev", "connection_name": "list_OLIST_DW_bronze"} */
[0m09:20:52.679544 [debug] [ThreadPool]: SQL status: SUCCESS 0 in 0.287 seconds
[0m09:20:52.684542 [debug] [MainThread]: Sending event: {'category': 'dbt', 'action': 'runnable_timing', 'label': '992f61b8-d53f-4a47-ac1b-3d4d997c95a2', 'context': [<snowplow_tracker.self_describing_json.SelfDescribingJson object at 0x0000020137AF3590>]}
[0m09:20:52.719641 [debug] [Thread-2 (]: Began running node model.dbt_olist_data_model.slv_order_payments
[0m09:20:52.721652 [info ] [Thread-2 (]: 1 of 1 START sql incremental model silver.slv_order_payments ................... [RUN]
[0m09:20:52.723681 [debug] [Thread-2 (]: Acquiring new snowflake connection 'model.dbt_olist_data_model.slv_order_payments'
[0m09:20:52.725652 [debug] [Thread-2 (]: Began compiling node model.dbt_olist_data_model.slv_order_payments
[0m09:20:52.743648 [debug] [Thread-2 (]: Writing injected SQL for node "model.dbt_olist_data_model.slv_order_payments"
[0m09:20:52.747650 [debug] [Thread-2 (]: Began executing node model.dbt_olist_data_model.slv_order_payments
[0m09:20:52.888640 [debug] [Thread-2 (]: Writing runtime sql for node "model.dbt_olist_data_model.slv_order_payments"
[0m09:20:52.893643 [debug] [Thread-2 (]: Using snowflake connection "model.dbt_olist_data_model.slv_order_payments"
[0m09:20:52.894641 [debug] [Thread-2 (]: On model.dbt_olist_data_model.slv_order_payments: create or replace transient table OLIST_DW.silver.slv_order_payments
    
    
    
    
    

    as (

select
    payment_id,

    case
        when order_id is null then 'Unknown'
        else order_id
    end as order_id,

    payment_sequential,

    case
        when payment_type is null then 'Unknown'
        when payment_type regexp '^[0-9].*' then 'Unknown'
        else payment_type
    end as payment_type,

    payment_installments,
    payment_value,
    ingested_at
from OLIST_DW.bronze.br_olist_order_payments


    )

/* {"app": "dbt", "dbt_version": "1.12.0", "profile_name": "dbt_olist_data_model", "target_name": "dev", "node_id": "model.dbt_olist_data_model.slv_order_payments"} */;
[0m09:20:52.895643 [debug] [Thread-2 (]: Opening a new connection, currently in state init
[0m09:20:55.409820 [debug] [Thread-2 (]: SQL status: SUCCESS 103886 in 2.515 seconds
[0m09:20:55.425827 [debug] [Thread-2 (]: Applying DROP to: OLIST_DW.silver.slv_order_payments__dbt_tmp
[0m09:20:55.440817 [debug] [Thread-2 (]: Using snowflake connection "model.dbt_olist_data_model.slv_order_payments"
[0m09:20:55.442821 [debug] [Thread-2 (]: On model.dbt_olist_data_model.slv_order_payments: drop view if exists OLIST_DW.silver.slv_order_payments__dbt_tmp cascade
/* {"app": "dbt", "dbt_version": "1.12.0", "profile_name": "dbt_olist_data_model", "target_name": "dev", "node_id": "model.dbt_olist_data_model.slv_order_payments"} */
[0m09:20:55.726034 [debug] [Thread-2 (]: SQL status: SUCCESS 1 in 0.280 seconds
[0m09:20:55.779421 [debug] [Thread-2 (]: Sending event: {'category': 'dbt', 'action': 'run_model', 'label': '992f61b8-d53f-4a47-ac1b-3d4d997c95a2', 'context': [<snowplow_tracker.self_describing_json.SelfDescribingJson object at 0x000002013939C8D0>]}
[0m09:20:55.781441 [info ] [Thread-2 (]: 1 of 1 OK created sql incremental model silver.slv_order_payments .............. [[32mSUCCESS 103886[0m in 3.05s]
[0m09:20:55.783440 [debug] [Thread-2 (]: Finished running node model.dbt_olist_data_model.slv_order_payments
[0m09:20:55.787471 [debug] [MainThread]: Connection 'master' was properly closed.
[0m09:20:55.788433 [debug] [MainThread]: Connection 'list_OLIST_DW' was left open.
[0m09:20:55.789475 [debug] [MainThread]: On list_OLIST_DW: Close
[0m09:20:56.210197 [debug] [MainThread]: Connection 'list_OLIST_DW_bronze' was left open.
[0m09:20:56.212196 [debug] [MainThread]: On list_OLIST_DW_bronze: Close
[0m09:20:57.333097 [debug] [MainThread]: Connection 'model.dbt_olist_data_model.slv_order_payments' was left open.
[0m09:20:57.336099 [debug] [MainThread]: On model.dbt_olist_data_model.slv_order_payments: Close
[0m09:20:57.786293 [info ] [MainThread]: 
[0m09:20:57.787296 [info ] [MainThread]: Finished running 1 incremental model in 0 hours 0 minutes and 16.21 seconds (16.21s).
[0m09:20:57.790296 [debug] [MainThread]: Command end result
[0m09:20:57.881298 [debug] [MainThread]: Wrote artifact WritableManifest to C:\Users\lenovo\Documents\Data_Engineering\Portfolio\Data-Migration-from-MySQL-Database-to-Migration-with-Full-CI-CD-Pipeline\dbt_olist_data_model\target\manifest.json
[0m09:20:57.892294 [debug] [MainThread]: Wrote artifact SemanticManifest to C:\Users\lenovo\Documents\Data_Engineering\Portfolio\Data-Migration-from-MySQL-Database-to-Migration-with-Full-CI-CD-Pipeline\dbt_olist_data_model\target\semantic_manifest.json
[0m09:20:57.906293 [debug] [MainThread]: Wrote artifact OsiDocument to C:\Users\lenovo\Documents\Data_Engineering\Portfolio\Data-Migration-from-MySQL-Database-to-Migration-with-Full-CI-CD-Pipeline\dbt_olist_data_model\target\osi_document.json
[0m09:20:57.926293 [debug] [MainThread]: Wrote artifact RunExecutionResult to C:\Users\lenovo\Documents\Data_Engineering\Portfolio\Data-Migration-from-MySQL-Database-to-Migration-with-Full-CI-CD-Pipeline\dbt_olist_data_model\target\run_results.json
[0m09:20:57.929306 [info ] [MainThread]: 
[0m09:20:57.931316 [info ] [MainThread]: [32mCompleted successfully[0m
[0m09:20:57.935296 [info ] [MainThread]: 
[0m09:20:57.937301 [info ] [MainThread]: Done. PASS=1 WARN=0 ERROR=0 SKIP=0 NO-OP=0 REUSED=0 TOTAL=1
[0m09:20:57.941303 [debug] [MainThread]: Command `dbt run` succeeded at 09:20:57.941303 after 22.91 seconds
[0m09:20:57.945296 [debug] [MainThread]: Sending event: {'category': 'dbt', 'action': 'invocation', 'label': 'end', 'context': [<snowplow_tracker.self_describing_json.SelfDescribingJson object at 0x0000020136720A10>, <snowplow_tracker.self_describing_json.SelfDescribingJson object at 0x0000020136613AD0>, <snowplow_tracker.self_describing_json.SelfDescribingJson object at 0x0000020136622D90>]}
[0m09:20:57.946300 [debug] [MainThread]: Flushing usage events
[0m09:20:59.387889 [debug] [MainThread]: An error was encountered while trying to flush usage events
[0m10:21:52.330964 [debug] [MainThread]: Sending event: {'category': 'dbt', 'action': 'invocation', 'label': 'start', 'context': [<snowplow_tracker.self_describing_json.SelfDescribingJson object at 0x000002A439F4B5D0>, <snowplow_tracker.self_describing_json.SelfDescribingJson object at 0x000002A439DACE10>, <snowplow_tracker.self_describing_json.SelfDescribingJson object at 0x000002A438796990>]}


============================== 10:21:52.338975 | e1641c88-a0ef-494d-8b9b-7fba01f1c02b ==============================
[0m10:21:52.338975 [info ] [MainThread]: Running with dbt=1.12.0
[0m10:21:52.341968 [debug] [MainThread]: running dbt with arguments {'static_parser': 'True', 'no_print': 'None', 'maximum_seed_size_mib': '1', 'warn_error_options': 'WarnErrorOptionsV2(error=[], warn=[], silence=[])', 'target_path': 'None', 'version_check': 'True', 'printer_width': '80', 'write_json': 'True', 'introspect': 'True', 'log_cache_events': 'False', 'empty': 'False', 'cache_selected_only': 'False', 'fail_fast': 'False', 'debug': 'False', 'log_format': 'default', 'profiles_dir': 'C:\\Users\\lenovo\\.dbt', 'send_anonymous_usage_stats': 'True', 'quiet': 'False', 'warn_error': 'None', 'partial_parse': 'True', 'indirect_selection': 'eager', 'hints_enabled': 'True', 'use_colors': 'True', 'use_experimental_parser': 'False', 'invocation_command': 'dbt compile', 'log_path': 'C:\\Users\\lenovo\\Documents\\Data_Engineering\\Portfolio\\Data-Migration-from-MySQL-Database-to-Migration-with-Full-CI-CD-Pipeline\\dbt_olist_data_model\\logs'}
[0m10:21:53.456968 [debug] [MainThread]: Snowflake adapter: Setting snowflake.connector to ERROR (file logging only)
[0m10:21:53.458972 [debug] [MainThread]: Snowflake adapter: Setting botocore to ERROR (file logging only)
[0m10:21:53.461970 [debug] [MainThread]: Snowflake adapter: Setting boto3 to ERROR (file logging only)
[0m10:21:54.161605 [debug] [MainThread]: Sending event: {'category': 'dbt', 'action': 'project_id', 'label': 'e1641c88-a0ef-494d-8b9b-7fba01f1c02b', 'context': [<snowplow_tracker.self_describing_json.SelfDescribingJson object at 0x000002A43B4B8C90>]}
[0m10:21:54.274606 [debug] [MainThread]: Sending event: {'category': 'dbt', 'action': 'adapter_info', 'label': 'e1641c88-a0ef-494d-8b9b-7fba01f1c02b', 'context': [<snowplow_tracker.self_describing_json.SelfDescribingJson object at 0x000002A437AA8350>]}
[0m10:21:54.277609 [info ] [MainThread]: Registered adapter: snowflake=1.12.0
[0m10:21:54.985752 [debug] [MainThread]: checksum: fa19c417bd532b9cc714519aa84e06d9b91dd956fbccdd320c8e6f600c8f48a8, vars: {}, profile: dbt_olist_data_model, target: dev, version: 1.12.0
[0m10:21:55.305749 [debug] [MainThread]: Partial parsing enabled: 0 files deleted, 0 files added, 0 files changed.
[0m10:21:55.306750 [debug] [MainThread]: Nothing changed, skipping partial parsing.
[0m10:21:55.307753 [debug] [MainThread]: Partial parsing enabled, no changes found, skipping parsing
[0m10:21:55.324750 [debug] [MainThread]: Sending event: {'category': 'dbt', 'action': 'load_project', 'label': 'e1641c88-a0ef-494d-8b9b-7fba01f1c02b', 'context': [<snowplow_tracker.self_describing_json.SelfDescribingJson object at 0x000002A43B2B5A10>]}
[0m10:21:55.657750 [debug] [MainThread]: Wrote artifact WritableManifest to C:\Users\lenovo\Documents\Data_Engineering\Portfolio\Data-Migration-from-MySQL-Database-to-Migration-with-Full-CI-CD-Pipeline\dbt_olist_data_model\target\manifest.json
[0m10:21:55.667753 [debug] [MainThread]: Wrote artifact SemanticManifest to C:\Users\lenovo\Documents\Data_Engineering\Portfolio\Data-Migration-from-MySQL-Database-to-Migration-with-Full-CI-CD-Pipeline\dbt_olist_data_model\target\semantic_manifest.json
[0m10:21:55.776754 [debug] [MainThread]: Wrote artifact OsiDocument to C:\Users\lenovo\Documents\Data_Engineering\Portfolio\Data-Migration-from-MySQL-Database-to-Migration-with-Full-CI-CD-Pipeline\dbt_olist_data_model\target\osi_document.json
[0m10:21:55.815253 [debug] [MainThread]: Sending event: {'category': 'dbt', 'action': 'resource_counts', 'label': 'e1641c88-a0ef-494d-8b9b-7fba01f1c02b', 'context': [<snowplow_tracker.self_describing_json.SelfDescribingJson object at 0x000002A43B887ED0>]}
[0m10:21:55.816349 [info ] [MainThread]: Found 25 models, 9 sources, 546 macros
[0m10:21:55.817967 [debug] [MainThread]: Sending event: {'category': 'dbt', 'action': 'runnable_timing', 'label': 'e1641c88-a0ef-494d-8b9b-7fba01f1c02b', 'context': [<snowplow_tracker.self_describing_json.SelfDescribingJson object at 0x000002A43B821450>]}
[0m10:21:55.822591 [info ] [MainThread]: 
[0m10:21:55.824284 [info ] [MainThread]: Concurrency: 1 threads (target='dev')
[0m10:21:55.826854 [info ] [MainThread]: 
[0m10:21:55.829344 [debug] [MainThread]: Acquiring new snowflake connection 'master'
[0m10:21:55.867904 [debug] [ThreadPool]: Acquiring new snowflake connection 'list_OLIST_DW_gold'
[0m10:21:55.992145 [debug] [ThreadPool]: Using snowflake connection "list_OLIST_DW_gold"
[0m10:21:56.048139 [debug] [ThreadPool]: On list_OLIST_DW_gold: show objects in OLIST_DW.gold
    limit 10000
    

/* {"app": "dbt", "dbt_version": "1.12.0", "profile_name": "dbt_olist_data_model", "target_name": "dev", "connection_name": "list_OLIST_DW_gold"} */;
[0m10:21:56.119141 [debug] [ThreadPool]: Opening a new connection, currently in state init
[0m10:21:58.594684 [debug] [ThreadPool]: Snowflake adapter: Snowflake query id: 01c623b0-040b-79da-0004-142a0005c172
[0m10:21:58.596717 [debug] [ThreadPool]: Snowflake adapter: Snowflake error: 002043 (02000): SQL compilation error:
Object does not exist, or operation cannot be performed.
[0m10:21:58.598685 [debug] [ThreadPool]: Snowflake adapter: Error running SQL: macro list_relations_without_caching
[0m10:21:58.599680 [debug] [ThreadPool]: Snowflake adapter: Rolling back transaction.
[0m10:21:58.601680 [debug] [ThreadPool]: Re-using an available connection from the pool (formerly list_OLIST_DW_gold, now list_OLIST_DW_bronze)
[0m10:21:58.605713 [debug] [ThreadPool]: Using snowflake connection "list_OLIST_DW_bronze"
[0m10:21:58.606717 [debug] [ThreadPool]: On list_OLIST_DW_bronze: show objects in OLIST_DW.bronze
    limit 10000
    

/* {"app": "dbt", "dbt_version": "1.12.0", "profile_name": "dbt_olist_data_model", "target_name": "dev", "connection_name": "list_OLIST_DW_bronze"} */;
[0m10:21:59.297215 [debug] [ThreadPool]: SQL status: SUCCESS 9 in 0.689 seconds
[0m10:21:59.320203 [debug] [ThreadPool]: Using snowflake connection "list_OLIST_DW_bronze"
[0m10:21:59.322121 [debug] [ThreadPool]: On list_OLIST_DW_bronze: show user functions in OLIST_DW.bronze
/* {"app": "dbt", "dbt_version": "1.12.0", "profile_name": "dbt_olist_data_model", "target_name": "dev", "connection_name": "list_OLIST_DW_bronze"} */
[0m10:21:59.948995 [debug] [ThreadPool]: SQL status: SUCCESS 0 in 0.625 seconds
[0m10:21:59.955990 [debug] [ThreadPool]: Re-using an available connection from the pool (formerly list_OLIST_DW_bronze, now list_OLIST_DW_silver)
[0m10:21:59.964989 [debug] [ThreadPool]: Using snowflake connection "list_OLIST_DW_silver"
[0m10:21:59.966989 [debug] [ThreadPool]: On list_OLIST_DW_silver: show objects in OLIST_DW.silver
    limit 10000
    

/* {"app": "dbt", "dbt_version": "1.12.0", "profile_name": "dbt_olist_data_model", "target_name": "dev", "connection_name": "list_OLIST_DW_silver"} */;
[0m10:22:00.369564 [debug] [ThreadPool]: SQL status: SUCCESS 8 in 0.401 seconds
[0m10:22:00.374565 [debug] [ThreadPool]: Using snowflake connection "list_OLIST_DW_silver"
[0m10:22:00.377571 [debug] [ThreadPool]: On list_OLIST_DW_silver: show user functions in OLIST_DW.silver
/* {"app": "dbt", "dbt_version": "1.12.0", "profile_name": "dbt_olist_data_model", "target_name": "dev", "connection_name": "list_OLIST_DW_silver"} */
[0m10:22:02.340068 [debug] [ThreadPool]: SQL status: SUCCESS 0 in 1.961 seconds
[0m10:22:02.356358 [debug] [MainThread]: Sending event: {'category': 'dbt', 'action': 'runnable_timing', 'label': 'e1641c88-a0ef-494d-8b9b-7fba01f1c02b', 'context': [<snowplow_tracker.self_describing_json.SelfDescribingJson object at 0x000002A43B8B1B10>]}
[0m10:22:02.408033 [debug] [Thread-2 (]: Began running node model.dbt_olist_data_model.br_olist_customers
[0m10:22:02.410069 [debug] [Thread-2 (]: Acquiring new snowflake connection 'model.dbt_olist_data_model.br_olist_customers'
[0m10:22:02.411069 [debug] [Thread-2 (]: Began compiling node model.dbt_olist_data_model.br_olist_customers
[0m10:22:02.428038 [debug] [Thread-2 (]: Writing injected SQL for node "model.dbt_olist_data_model.br_olist_customers"
[0m10:22:02.432039 [debug] [Thread-2 (]: Began executing node model.dbt_olist_data_model.br_olist_customers
[0m10:22:02.434036 [debug] [Thread-2 (]: Finished running node model.dbt_olist_data_model.br_olist_customers
[0m10:22:02.435068 [debug] [Thread-2 (]: Began running node model.dbt_olist_data_model.br_olist_geolocation
[0m10:22:02.436038 [debug] [Thread-2 (]: Re-using an available connection from the pool (formerly model.dbt_olist_data_model.br_olist_customers, now model.dbt_olist_data_model.br_olist_geolocation)
[0m10:22:02.437038 [debug] [Thread-2 (]: Began compiling node model.dbt_olist_data_model.br_olist_geolocation
[0m10:22:02.443035 [debug] [Thread-2 (]: Writing injected SQL for node "model.dbt_olist_data_model.br_olist_geolocation"
[0m10:22:02.446037 [debug] [Thread-2 (]: Began executing node model.dbt_olist_data_model.br_olist_geolocation
[0m10:22:02.448037 [debug] [Thread-2 (]: Finished running node model.dbt_olist_data_model.br_olist_geolocation
[0m10:22:02.449071 [debug] [Thread-2 (]: Began running node model.dbt_olist_data_model.br_olist_order_items
[0m10:22:02.451040 [debug] [Thread-2 (]: Re-using an available connection from the pool (formerly model.dbt_olist_data_model.br_olist_geolocation, now model.dbt_olist_data_model.br_olist_order_items)
[0m10:22:02.451040 [debug] [Thread-2 (]: Began compiling node model.dbt_olist_data_model.br_olist_order_items
[0m10:22:02.456069 [debug] [Thread-2 (]: Writing injected SQL for node "model.dbt_olist_data_model.br_olist_order_items"
[0m10:22:02.458037 [debug] [Thread-2 (]: Began executing node model.dbt_olist_data_model.br_olist_order_items
[0m10:22:02.460068 [debug] [Thread-2 (]: Finished running node model.dbt_olist_data_model.br_olist_order_items
[0m10:22:02.461047 [debug] [Thread-2 (]: Began running node model.dbt_olist_data_model.br_olist_order_payments
[0m10:22:02.463035 [debug] [Thread-2 (]: Re-using an available connection from the pool (formerly model.dbt_olist_data_model.br_olist_order_items, now model.dbt_olist_data_model.br_olist_order_payments)
[0m10:22:02.464036 [debug] [Thread-2 (]: Began compiling node model.dbt_olist_data_model.br_olist_order_payments
[0m10:22:02.468068 [debug] [Thread-2 (]: Writing injected SQL for node "model.dbt_olist_data_model.br_olist_order_payments"
[0m10:22:02.471034 [debug] [Thread-2 (]: Began executing node model.dbt_olist_data_model.br_olist_order_payments
[0m10:22:02.473041 [debug] [Thread-2 (]: Finished running node model.dbt_olist_data_model.br_olist_order_payments
[0m10:22:02.474035 [debug] [Thread-2 (]: Began running node model.dbt_olist_data_model.br_olist_order_reviews
[0m10:22:02.476036 [debug] [Thread-2 (]: Re-using an available connection from the pool (formerly model.dbt_olist_data_model.br_olist_order_payments, now model.dbt_olist_data_model.br_olist_order_reviews)
[0m10:22:02.477036 [debug] [Thread-2 (]: Began compiling node model.dbt_olist_data_model.br_olist_order_reviews
[0m10:22:02.482040 [debug] [Thread-2 (]: Writing injected SQL for node "model.dbt_olist_data_model.br_olist_order_reviews"
[0m10:22:02.484035 [debug] [Thread-2 (]: Began executing node model.dbt_olist_data_model.br_olist_order_reviews
[0m10:22:02.486039 [debug] [Thread-2 (]: Finished running node model.dbt_olist_data_model.br_olist_order_reviews
[0m10:22:02.488038 [debug] [Thread-2 (]: Began running node model.dbt_olist_data_model.br_olist_orders
[0m10:22:02.490038 [debug] [Thread-2 (]: Re-using an available connection from the pool (formerly model.dbt_olist_data_model.br_olist_order_reviews, now model.dbt_olist_data_model.br_olist_orders)
[0m10:22:02.491073 [debug] [Thread-2 (]: Began compiling node model.dbt_olist_data_model.br_olist_orders
[0m10:22:02.495035 [debug] [Thread-2 (]: Writing injected SQL for node "model.dbt_olist_data_model.br_olist_orders"
[0m10:22:02.498043 [debug] [Thread-2 (]: Began executing node model.dbt_olist_data_model.br_olist_orders
[0m10:22:02.500042 [debug] [Thread-2 (]: Finished running node model.dbt_olist_data_model.br_olist_orders
[0m10:22:02.501070 [debug] [Thread-2 (]: Began running node model.dbt_olist_data_model.br_olist_product_category_translation
[0m10:22:02.503039 [debug] [Thread-2 (]: Re-using an available connection from the pool (formerly model.dbt_olist_data_model.br_olist_orders, now model.dbt_olist_data_model.br_olist_product_category_translation)
[0m10:22:02.504036 [debug] [Thread-2 (]: Began compiling node model.dbt_olist_data_model.br_olist_product_category_translation
[0m10:22:02.509044 [debug] [Thread-2 (]: Writing injected SQL for node "model.dbt_olist_data_model.br_olist_product_category_translation"
[0m10:22:02.511036 [debug] [Thread-2 (]: Began executing node model.dbt_olist_data_model.br_olist_product_category_translation
[0m10:22:02.514043 [debug] [Thread-2 (]: Finished running node model.dbt_olist_data_model.br_olist_product_category_translation
[0m10:22:02.515055 [debug] [Thread-2 (]: Began running node model.dbt_olist_data_model.br_olist_products
[0m10:22:02.517036 [debug] [Thread-2 (]: Re-using an available connection from the pool (formerly model.dbt_olist_data_model.br_olist_product_category_translation, now model.dbt_olist_data_model.br_olist_products)
[0m10:22:02.518081 [debug] [Thread-2 (]: Began compiling node model.dbt_olist_data_model.br_olist_products
[0m10:22:02.523042 [debug] [Thread-2 (]: Writing injected SQL for node "model.dbt_olist_data_model.br_olist_products"
[0m10:22:02.526042 [debug] [Thread-2 (]: Began executing node model.dbt_olist_data_model.br_olist_products
[0m10:22:02.528038 [debug] [Thread-2 (]: Finished running node model.dbt_olist_data_model.br_olist_products
[0m10:22:02.530038 [debug] [Thread-2 (]: Began running node model.dbt_olist_data_model.br_olist_sellers
[0m10:22:02.531039 [debug] [Thread-2 (]: Re-using an available connection from the pool (formerly model.dbt_olist_data_model.br_olist_products, now model.dbt_olist_data_model.br_olist_sellers)
[0m10:22:02.532046 [debug] [Thread-2 (]: Began compiling node model.dbt_olist_data_model.br_olist_sellers
[0m10:22:02.537040 [debug] [Thread-2 (]: Writing injected SQL for node "model.dbt_olist_data_model.br_olist_sellers"
[0m10:22:02.541038 [debug] [Thread-2 (]: Began executing node model.dbt_olist_data_model.br_olist_sellers
[0m10:22:02.543041 [debug] [Thread-2 (]: Finished running node model.dbt_olist_data_model.br_olist_sellers
[0m10:22:02.544038 [debug] [Thread-2 (]: Began running node model.dbt_olist_data_model.slv_customers
[0m10:22:02.546035 [debug] [Thread-2 (]: Re-using an available connection from the pool (formerly model.dbt_olist_data_model.br_olist_sellers, now model.dbt_olist_data_model.slv_customers)
[0m10:22:02.548040 [debug] [Thread-2 (]: Began compiling node model.dbt_olist_data_model.slv_customers
[0m10:22:02.555036 [debug] [Thread-2 (]: Writing injected SQL for node "model.dbt_olist_data_model.slv_customers"
[0m10:22:02.558041 [debug] [Thread-2 (]: Began executing node model.dbt_olist_data_model.slv_customers
[0m10:22:02.560039 [debug] [Thread-2 (]: Finished running node model.dbt_olist_data_model.slv_customers
[0m10:22:02.562043 [debug] [Thread-2 (]: Began running node model.dbt_olist_data_model.slv_geolocation
[0m10:22:02.564040 [debug] [Thread-2 (]: Re-using an available connection from the pool (formerly model.dbt_olist_data_model.slv_customers, now model.dbt_olist_data_model.slv_geolocation)
[0m10:22:02.565037 [debug] [Thread-2 (]: Began compiling node model.dbt_olist_data_model.slv_geolocation
[0m10:22:02.571045 [debug] [Thread-2 (]: Writing injected SQL for node "model.dbt_olist_data_model.slv_geolocation"
[0m10:22:02.575035 [debug] [Thread-2 (]: Began executing node model.dbt_olist_data_model.slv_geolocation
[0m10:22:02.578037 [debug] [Thread-2 (]: Finished running node model.dbt_olist_data_model.slv_geolocation
[0m10:22:02.580039 [debug] [Thread-2 (]: Began running node model.dbt_olist_data_model.slv_order_items
[0m10:22:02.582035 [debug] [Thread-2 (]: Re-using an available connection from the pool (formerly model.dbt_olist_data_model.slv_geolocation, now model.dbt_olist_data_model.slv_order_items)
[0m10:22:02.585035 [debug] [Thread-2 (]: Began compiling node model.dbt_olist_data_model.slv_order_items
[0m10:22:02.594035 [debug] [Thread-2 (]: Writing injected SQL for node "model.dbt_olist_data_model.slv_order_items"
[0m10:22:02.598036 [debug] [Thread-2 (]: Began executing node model.dbt_olist_data_model.slv_order_items
[0m10:22:02.601040 [debug] [Thread-2 (]: Finished running node model.dbt_olist_data_model.slv_order_items
[0m10:22:02.604042 [debug] [Thread-2 (]: Began running node model.dbt_olist_data_model.slv_order_payments
[0m10:22:02.606039 [debug] [Thread-2 (]: Re-using an available connection from the pool (formerly model.dbt_olist_data_model.slv_order_items, now model.dbt_olist_data_model.slv_order_payments)
[0m10:22:02.608040 [debug] [Thread-2 (]: Began compiling node model.dbt_olist_data_model.slv_order_payments
[0m10:22:02.614035 [debug] [Thread-2 (]: Writing injected SQL for node "model.dbt_olist_data_model.slv_order_payments"
[0m10:22:02.618037 [debug] [Thread-2 (]: Began executing node model.dbt_olist_data_model.slv_order_payments
[0m10:22:02.620044 [debug] [Thread-2 (]: Finished running node model.dbt_olist_data_model.slv_order_payments
[0m10:22:02.622040 [debug] [Thread-2 (]: Began running node model.dbt_olist_data_model.slv_order_reviews
[0m10:22:02.623036 [debug] [Thread-2 (]: Re-using an available connection from the pool (formerly model.dbt_olist_data_model.slv_order_payments, now model.dbt_olist_data_model.slv_order_reviews)
[0m10:22:02.626035 [debug] [Thread-2 (]: Began compiling node model.dbt_olist_data_model.slv_order_reviews
[0m10:22:02.636040 [debug] [Thread-2 (]: Writing injected SQL for node "model.dbt_olist_data_model.slv_order_reviews"
[0m10:22:02.640040 [debug] [Thread-2 (]: Began executing node model.dbt_olist_data_model.slv_order_reviews
[0m10:22:02.643041 [debug] [Thread-2 (]: Finished running node model.dbt_olist_data_model.slv_order_reviews
[0m10:22:02.646037 [debug] [Thread-2 (]: Began running node model.dbt_olist_data_model.slv_orders
[0m10:22:02.649036 [debug] [Thread-2 (]: Re-using an available connection from the pool (formerly model.dbt_olist_data_model.slv_order_reviews, now model.dbt_olist_data_model.slv_orders)
[0m10:22:02.652037 [debug] [Thread-2 (]: Began compiling node model.dbt_olist_data_model.slv_orders
[0m10:22:02.659038 [debug] [Thread-2 (]: Writing injected SQL for node "model.dbt_olist_data_model.slv_orders"
[0m10:22:02.669038 [debug] [Thread-2 (]: Began executing node model.dbt_olist_data_model.slv_orders
[0m10:22:02.674036 [debug] [Thread-2 (]: Finished running node model.dbt_olist_data_model.slv_orders
[0m10:22:02.677103 [debug] [Thread-2 (]: Began running node model.dbt_olist_data_model.slv_products
[0m10:22:02.680947 [debug] [Thread-2 (]: Re-using an available connection from the pool (formerly model.dbt_olist_data_model.slv_orders, now model.dbt_olist_data_model.slv_products)
[0m10:22:02.683407 [debug] [Thread-2 (]: Began compiling node model.dbt_olist_data_model.slv_products
[0m10:22:02.696045 [debug] [Thread-2 (]: Writing injected SQL for node "model.dbt_olist_data_model.slv_products"
[0m10:22:02.700392 [debug] [Thread-2 (]: Began executing node model.dbt_olist_data_model.slv_products
[0m10:22:02.703547 [debug] [Thread-2 (]: Finished running node model.dbt_olist_data_model.slv_products
[0m10:22:02.704608 [debug] [Thread-2 (]: Began running node model.dbt_olist_data_model.slv_sellers
[0m10:22:02.707592 [debug] [Thread-2 (]: Re-using an available connection from the pool (formerly model.dbt_olist_data_model.slv_products, now model.dbt_olist_data_model.slv_sellers)
[0m10:22:02.709605 [debug] [Thread-2 (]: Began compiling node model.dbt_olist_data_model.slv_sellers
[0m10:22:02.717936 [debug] [Thread-2 (]: Writing injected SQL for node "model.dbt_olist_data_model.slv_sellers"
[0m10:22:02.722718 [debug] [Thread-2 (]: Began executing node model.dbt_olist_data_model.slv_sellers
[0m10:22:02.726732 [debug] [Thread-2 (]: Finished running node model.dbt_olist_data_model.slv_sellers
[0m10:22:02.729010 [debug] [Thread-2 (]: Began running node model.dbt_olist_data_model.dim_customers
[0m10:22:02.731878 [debug] [Thread-2 (]: Re-using an available connection from the pool (formerly model.dbt_olist_data_model.slv_sellers, now model.dbt_olist_data_model.dim_customers)
[0m10:22:02.735368 [debug] [Thread-2 (]: Began compiling node model.dbt_olist_data_model.dim_customers
[0m10:22:02.744411 [debug] [Thread-2 (]: Writing injected SQL for node "model.dbt_olist_data_model.dim_customers"
[0m10:22:02.748530 [debug] [Thread-2 (]: Began executing node model.dbt_olist_data_model.dim_customers
[0m10:22:02.752524 [debug] [Thread-2 (]: Finished running node model.dbt_olist_data_model.dim_customers
[0m10:22:02.754655 [debug] [Thread-2 (]: Began running node model.dbt_olist_data_model.dim_geolocation
[0m10:22:02.756673 [debug] [Thread-2 (]: Re-using an available connection from the pool (formerly model.dbt_olist_data_model.dim_customers, now model.dbt_olist_data_model.dim_geolocation)
[0m10:22:02.758483 [debug] [Thread-2 (]: Began compiling node model.dbt_olist_data_model.dim_geolocation
[0m10:22:02.768131 [debug] [Thread-2 (]: Writing injected SQL for node "model.dbt_olist_data_model.dim_geolocation"
[0m10:22:02.771129 [debug] [Thread-2 (]: Began executing node model.dbt_olist_data_model.dim_geolocation
[0m10:22:02.774130 [debug] [Thread-2 (]: Finished running node model.dbt_olist_data_model.dim_geolocation
[0m10:22:02.776131 [debug] [Thread-2 (]: Began running node model.dbt_olist_data_model.dim_payments
[0m10:22:02.778128 [debug] [Thread-2 (]: Re-using an available connection from the pool (formerly model.dbt_olist_data_model.dim_geolocation, now model.dbt_olist_data_model.dim_payments)
[0m10:22:02.780126 [debug] [Thread-2 (]: Began compiling node model.dbt_olist_data_model.dim_payments
[0m10:22:02.789135 [debug] [Thread-2 (]: Writing injected SQL for node "model.dbt_olist_data_model.dim_payments"
[0m10:22:02.795129 [debug] [Thread-2 (]: Began executing node model.dbt_olist_data_model.dim_payments
[0m10:22:02.798131 [debug] [Thread-2 (]: Finished running node model.dbt_olist_data_model.dim_payments
[0m10:22:02.801129 [debug] [Thread-2 (]: Began running node model.dbt_olist_data_model.dim_reviews
[0m10:22:02.803127 [debug] [Thread-2 (]: Re-using an available connection from the pool (formerly model.dbt_olist_data_model.dim_payments, now model.dbt_olist_data_model.dim_reviews)
[0m10:22:02.805128 [debug] [Thread-2 (]: Began compiling node model.dbt_olist_data_model.dim_reviews
[0m10:22:02.814132 [debug] [Thread-2 (]: Writing injected SQL for node "model.dbt_olist_data_model.dim_reviews"
[0m10:22:02.818247 [debug] [Thread-2 (]: Began executing node model.dbt_olist_data_model.dim_reviews
[0m10:22:02.819773 [debug] [Thread-2 (]: Finished running node model.dbt_olist_data_model.dim_reviews
[0m10:22:02.821774 [debug] [Thread-2 (]: Began running node model.dbt_olist_data_model.fct_order_items
[0m10:22:02.822772 [debug] [Thread-2 (]: Re-using an available connection from the pool (formerly model.dbt_olist_data_model.dim_reviews, now model.dbt_olist_data_model.fct_order_items)
[0m10:22:02.824772 [debug] [Thread-2 (]: Began compiling node model.dbt_olist_data_model.fct_order_items
[0m10:22:02.829773 [debug] [Thread-2 (]: Writing injected SQL for node "model.dbt_olist_data_model.fct_order_items"
[0m10:22:02.832776 [debug] [Thread-2 (]: Began executing node model.dbt_olist_data_model.fct_order_items
[0m10:22:02.834771 [debug] [Thread-2 (]: Finished running node model.dbt_olist_data_model.fct_order_items
[0m10:22:02.836772 [debug] [Thread-2 (]: Began running node model.dbt_olist_data_model.fct_orders
[0m10:22:02.837773 [debug] [Thread-2 (]: Re-using an available connection from the pool (formerly model.dbt_olist_data_model.fct_order_items, now model.dbt_olist_data_model.fct_orders)
[0m10:22:02.839772 [debug] [Thread-2 (]: Began compiling node model.dbt_olist_data_model.fct_orders
[0m10:22:02.846773 [debug] [Thread-2 (]: Writing injected SQL for node "model.dbt_olist_data_model.fct_orders"
[0m10:22:02.849772 [debug] [Thread-2 (]: Began executing node model.dbt_olist_data_model.fct_orders
[0m10:22:02.852774 [debug] [Thread-2 (]: Finished running node model.dbt_olist_data_model.fct_orders
[0m10:22:02.854775 [debug] [Thread-2 (]: Began running node model.dbt_olist_data_model.dim_products
[0m10:22:02.856774 [debug] [Thread-2 (]: Re-using an available connection from the pool (formerly model.dbt_olist_data_model.fct_orders, now model.dbt_olist_data_model.dim_products)
[0m10:22:02.858774 [debug] [Thread-2 (]: Began compiling node model.dbt_olist_data_model.dim_products
[0m10:22:02.867772 [debug] [Thread-2 (]: Writing injected SQL for node "model.dbt_olist_data_model.dim_products"
[0m10:22:02.870772 [debug] [Thread-2 (]: Began executing node model.dbt_olist_data_model.dim_products
[0m10:22:02.874778 [debug] [Thread-2 (]: Finished running node model.dbt_olist_data_model.dim_products
[0m10:22:02.875778 [debug] [Thread-2 (]: Began running node model.dbt_olist_data_model.dim_sellers
[0m10:22:02.877773 [debug] [Thread-2 (]: Re-using an available connection from the pool (formerly model.dbt_olist_data_model.dim_products, now model.dbt_olist_data_model.dim_sellers)
[0m10:22:02.881771 [debug] [Thread-2 (]: Began compiling node model.dbt_olist_data_model.dim_sellers
[0m10:22:02.892774 [debug] [Thread-2 (]: Writing injected SQL for node "model.dbt_olist_data_model.dim_sellers"
[0m10:22:02.899773 [debug] [Thread-2 (]: Began executing node model.dbt_olist_data_model.dim_sellers
[0m10:22:02.904773 [debug] [Thread-2 (]: Finished running node model.dbt_olist_data_model.dim_sellers
[0m10:22:02.907773 [debug] [MainThread]: Connection 'master' was properly closed.
[0m10:22:02.909773 [debug] [MainThread]: Connection 'list_OLIST_DW_silver' was left open.
[0m10:22:02.912775 [debug] [MainThread]: On list_OLIST_DW_silver: Close
[0m10:22:03.496783 [debug] [MainThread]: Connection 'model.dbt_olist_data_model.dim_sellers' was properly closed.
[0m10:22:03.517776 [debug] [MainThread]: Command end result
[0m10:22:03.608773 [debug] [MainThread]: Wrote artifact WritableManifest to C:\Users\lenovo\Documents\Data_Engineering\Portfolio\Data-Migration-from-MySQL-Database-to-Migration-with-Full-CI-CD-Pipeline\dbt_olist_data_model\target\manifest.json
[0m10:22:03.618770 [debug] [MainThread]: Wrote artifact SemanticManifest to C:\Users\lenovo\Documents\Data_Engineering\Portfolio\Data-Migration-from-MySQL-Database-to-Migration-with-Full-CI-CD-Pipeline\dbt_olist_data_model\target\semantic_manifest.json
[0m10:22:03.629771 [debug] [MainThread]: Wrote artifact OsiDocument to C:\Users\lenovo\Documents\Data_Engineering\Portfolio\Data-Migration-from-MySQL-Database-to-Migration-with-Full-CI-CD-Pipeline\dbt_olist_data_model\target\osi_document.json
[0m10:22:03.651774 [debug] [MainThread]: Wrote artifact RunExecutionResult to C:\Users\lenovo\Documents\Data_Engineering\Portfolio\Data-Migration-from-MySQL-Database-to-Migration-with-Full-CI-CD-Pipeline\dbt_olist_data_model\target\run_results.json
[0m10:22:03.653773 [debug] [MainThread]: Command `dbt compile` succeeded at 10:22:03.653773 after 11.59 seconds
[0m10:22:03.656772 [debug] [MainThread]: Sending event: {'category': 'dbt', 'action': 'invocation', 'label': 'end', 'context': [<snowplow_tracker.self_describing_json.SelfDescribingJson object at 0x000002A439E43E10>, <snowplow_tracker.self_describing_json.SelfDescribingJson object at 0x000002A439E53110>, <snowplow_tracker.self_describing_json.SelfDescribingJson object at 0x000002A439E52F90>]}
[0m10:22:03.657770 [debug] [MainThread]: Flushing usage events
[0m10:22:06.477749 [debug] [MainThread]: An error was encountered while trying to flush usage events
[0m10:22:31.659967 [debug] [MainThread]: Sending event: {'category': 'dbt', 'action': 'invocation', 'label': 'start', 'context': [<snowplow_tracker.self_describing_json.SelfDescribingJson object at 0x00000257ABD1B6D0>, <snowplow_tracker.self_describing_json.SelfDescribingJson object at 0x00000257ABD1AE10>, <snowplow_tracker.self_describing_json.SelfDescribingJson object at 0x00000257ABD1B990>]}


============================== 10:22:31.665934 | dc959022-598f-452f-a740-a2df7a0314a1 ==============================
[0m10:22:31.665934 [info ] [MainThread]: Running with dbt=1.12.0
[0m10:22:31.668932 [debug] [MainThread]: running dbt with arguments {'maximum_seed_size_mib': '1', 'no_print': 'None', 'version_check': 'True', 'warn_error_options': 'WarnErrorOptionsV2(error=[], warn=[], silence=[])', 'target_path': 'None', 'static_parser': 'True', 'printer_width': '80', 'write_json': 'True', 'empty': 'False', 'log_cache_events': 'False', 'introspect': 'True', 'cache_selected_only': 'False', 'log_format': 'default', 'debug': 'False', 'fail_fast': 'False', 'profiles_dir': 'C:\\Users\\lenovo\\.dbt', 'send_anonymous_usage_stats': 'True', 'quiet': 'False', 'warn_error': 'None', 'partial_parse': 'True', 'indirect_selection': 'eager', 'hints_enabled': 'True', 'invocation_command': 'dbt run --select gold --full-refresh', 'use_experimental_parser': 'False', 'use_colors': 'True', 'log_path': 'C:\\Users\\lenovo\\Documents\\Data_Engineering\\Portfolio\\Data-Migration-from-MySQL-Database-to-Migration-with-Full-CI-CD-Pipeline\\dbt_olist_data_model\\logs'}
[0m10:22:32.443970 [debug] [MainThread]: Snowflake adapter: Setting snowflake.connector to ERROR (file logging only)
[0m10:22:32.444972 [debug] [MainThread]: Snowflake adapter: Setting botocore to ERROR (file logging only)
[0m10:22:32.445933 [debug] [MainThread]: Snowflake adapter: Setting boto3 to ERROR (file logging only)
[0m10:22:33.016050 [debug] [MainThread]: Sending event: {'category': 'dbt', 'action': 'project_id', 'label': 'dc959022-598f-452f-a740-a2df7a0314a1', 'context': [<snowplow_tracker.self_describing_json.SelfDescribingJson object at 0x00000257AD0B6A90>]}
[0m10:22:33.134631 [debug] [MainThread]: Sending event: {'category': 'dbt', 'action': 'adapter_info', 'label': 'dc959022-598f-452f-a740-a2df7a0314a1', 'context': [<snowplow_tracker.self_describing_json.SelfDescribingJson object at 0x00000257A987C490>]}
[0m10:22:33.137629 [info ] [MainThread]: Registered adapter: snowflake=1.12.0
[0m10:22:33.811633 [debug] [MainThread]: checksum: fa19c417bd532b9cc714519aa84e06d9b91dd956fbccdd320c8e6f600c8f48a8, vars: {}, profile: dbt_olist_data_model, target: dev, version: 1.12.0
[0m10:22:34.073604 [debug] [MainThread]: Partial parsing enabled: 0 files deleted, 0 files added, 0 files changed.
[0m10:22:34.074605 [debug] [MainThread]: Nothing changed, skipping partial parsing.
[0m10:22:34.075603 [debug] [MainThread]: Partial parsing enabled, no changes found, skipping parsing
[0m10:22:34.092600 [debug] [MainThread]: Sending event: {'category': 'dbt', 'action': 'load_project', 'label': 'dc959022-598f-452f-a740-a2df7a0314a1', 'context': [<snowplow_tracker.self_describing_json.SelfDescribingJson object at 0x00000257AD7A5A10>]}
[0m10:22:34.422359 [debug] [MainThread]: Wrote artifact WritableManifest to C:\Users\lenovo\Documents\Data_Engineering\Portfolio\Data-Migration-from-MySQL-Database-to-Migration-with-Full-CI-CD-Pipeline\dbt_olist_data_model\target\manifest.json
[0m10:22:34.427354 [debug] [MainThread]: Wrote artifact SemanticManifest to C:\Users\lenovo\Documents\Data_Engineering\Portfolio\Data-Migration-from-MySQL-Database-to-Migration-with-Full-CI-CD-Pipeline\dbt_olist_data_model\target\semantic_manifest.json
[0m10:22:34.487355 [debug] [MainThread]: Wrote artifact OsiDocument to C:\Users\lenovo\Documents\Data_Engineering\Portfolio\Data-Migration-from-MySQL-Database-to-Migration-with-Full-CI-CD-Pipeline\dbt_olist_data_model\target\osi_document.json
[0m10:22:34.514354 [debug] [MainThread]: Sending event: {'category': 'dbt', 'action': 'resource_counts', 'label': 'dc959022-598f-452f-a740-a2df7a0314a1', 'context': [<snowplow_tracker.self_describing_json.SelfDescribingJson object at 0x00000257AD673190>]}
[0m10:22:34.516355 [info ] [MainThread]: Found 25 models, 9 sources, 546 macros
[0m10:22:34.517355 [debug] [MainThread]: Sending event: {'category': 'dbt', 'action': 'runnable_timing', 'label': 'dc959022-598f-452f-a740-a2df7a0314a1', 'context': [<snowplow_tracker.self_describing_json.SelfDescribingJson object at 0x00000257AD5D6210>]}
[0m10:22:34.521355 [info ] [MainThread]: 
[0m10:22:34.522355 [info ] [MainThread]: Concurrency: 1 threads (target='dev')
[0m10:22:34.524359 [info ] [MainThread]: 
[0m10:22:34.527358 [debug] [MainThread]: Acquiring new snowflake connection 'master'
[0m10:22:34.566350 [debug] [ThreadPool]: Acquiring new snowflake connection 'list_OLIST_DW'
[0m10:22:34.605352 [debug] [ThreadPool]: Using snowflake connection "list_OLIST_DW"
[0m10:22:34.606356 [debug] [ThreadPool]: On list_OLIST_DW: show terse schemas in database OLIST_DW
    limit 10000
/* {"app": "dbt", "dbt_version": "1.12.0", "profile_name": "dbt_olist_data_model", "target_name": "dev", "connection_name": "list_OLIST_DW"} */
[0m10:22:34.608353 [debug] [ThreadPool]: Opening a new connection, currently in state init
[0m10:22:38.564800 [debug] [ThreadPool]: SQL status: SUCCESS 6 in 3.957 seconds
[0m10:22:38.567798 [debug] [ThreadPool]: Re-using an available connection from the pool (formerly list_OLIST_DW, now create_OLIST_DW_gold)
[0m10:22:38.570357 [debug] [ThreadPool]: Creating schema "database: "OLIST_DW"
schema: "gold"
"
[0m10:22:38.576179 [debug] [ThreadPool]: Using snowflake connection "create_OLIST_DW_gold"
[0m10:22:38.578148 [debug] [ThreadPool]: On create_OLIST_DW_gold: create schema if not exists OLIST_DW.gold
/* {"app": "dbt", "dbt_version": "1.12.0", "profile_name": "dbt_olist_data_model", "target_name": "dev", "connection_name": "create_OLIST_DW_gold"} */
[0m10:22:40.571554 [debug] [ThreadPool]: SQL status: SUCCESS 1 in 1.992 seconds
[0m10:22:40.593527 [debug] [ThreadPool]: Acquiring new snowflake connection 'list_OLIST_DW_silver'
[0m10:22:40.613528 [debug] [ThreadPool]: Using snowflake connection "list_OLIST_DW_silver"
[0m10:22:40.614366 [debug] [ThreadPool]: On list_OLIST_DW_silver: show objects in OLIST_DW.silver
    limit 10000
    

/* {"app": "dbt", "dbt_version": "1.12.0", "profile_name": "dbt_olist_data_model", "target_name": "dev", "connection_name": "list_OLIST_DW_silver"} */;
[0m10:22:40.615607 [debug] [ThreadPool]: Opening a new connection, currently in state init
[0m10:22:42.608625 [debug] [ThreadPool]: SQL status: SUCCESS 8 in 1.992 seconds
[0m10:22:42.627616 [debug] [ThreadPool]: Using snowflake connection "list_OLIST_DW_silver"
[0m10:22:42.629558 [debug] [ThreadPool]: On list_OLIST_DW_silver: show user functions in OLIST_DW.silver
/* {"app": "dbt", "dbt_version": "1.12.0", "profile_name": "dbt_olist_data_model", "target_name": "dev", "connection_name": "list_OLIST_DW_silver"} */
[0m10:22:42.896300 [debug] [ThreadPool]: SQL status: SUCCESS 0 in 0.264 seconds
[0m10:22:42.909273 [debug] [ThreadPool]: Re-using an available connection from the pool (formerly list_OLIST_DW_silver, now list_OLIST_DW_gold)
[0m10:22:42.917270 [debug] [ThreadPool]: Using snowflake connection "list_OLIST_DW_gold"
[0m10:22:42.919274 [debug] [ThreadPool]: On list_OLIST_DW_gold: show objects in OLIST_DW.gold
    limit 10000
    

/* {"app": "dbt", "dbt_version": "1.12.0", "profile_name": "dbt_olist_data_model", "target_name": "dev", "connection_name": "list_OLIST_DW_gold"} */;
[0m10:22:43.259146 [debug] [ThreadPool]: SQL status: SUCCESS 0 in 0.337 seconds
[0m10:22:43.263119 [debug] [ThreadPool]: Using snowflake connection "list_OLIST_DW_gold"
[0m10:22:43.264080 [debug] [ThreadPool]: On list_OLIST_DW_gold: show user functions in OLIST_DW.gold
/* {"app": "dbt", "dbt_version": "1.12.0", "profile_name": "dbt_olist_data_model", "target_name": "dev", "connection_name": "list_OLIST_DW_gold"} */
[0m10:22:43.552780 [debug] [ThreadPool]: SQL status: SUCCESS 0 in 0.287 seconds
[0m10:22:43.554777 [debug] [ThreadPool]: Re-using an available connection from the pool (formerly list_OLIST_DW_gold, now list_OLIST_DW_bronze)
[0m10:22:43.557778 [debug] [ThreadPool]: Using snowflake connection "list_OLIST_DW_bronze"
[0m10:22:43.559052 [debug] [ThreadPool]: On list_OLIST_DW_bronze: show objects in OLIST_DW.bronze
    limit 10000
    

/* {"app": "dbt", "dbt_version": "1.12.0", "profile_name": "dbt_olist_data_model", "target_name": "dev", "connection_name": "list_OLIST_DW_bronze"} */;
[0m10:22:44.474882 [debug] [ThreadPool]: SQL status: SUCCESS 9 in 0.914 seconds
[0m10:22:44.479882 [debug] [ThreadPool]: Using snowflake connection "list_OLIST_DW_bronze"
[0m10:22:44.481879 [debug] [ThreadPool]: On list_OLIST_DW_bronze: show user functions in OLIST_DW.bronze
/* {"app": "dbt", "dbt_version": "1.12.0", "profile_name": "dbt_olist_data_model", "target_name": "dev", "connection_name": "list_OLIST_DW_bronze"} */
[0m10:22:44.786985 [debug] [ThreadPool]: SQL status: SUCCESS 0 in 0.304 seconds
[0m10:22:44.806004 [debug] [MainThread]: Sending event: {'category': 'dbt', 'action': 'runnable_timing', 'label': 'dc959022-598f-452f-a740-a2df7a0314a1', 'context': [<snowplow_tracker.self_describing_json.SelfDescribingJson object at 0x00000257AD2AD790>]}
[0m10:22:44.846341 [debug] [Thread-2 (]: Began running node model.dbt_olist_data_model.dim_customers
[0m10:22:44.848346 [info ] [Thread-2 (]: 1 of 8 START sql incremental model gold.dim_customers .......................... [RUN]
[0m10:22:44.850346 [debug] [Thread-2 (]: Acquiring new snowflake connection 'model.dbt_olist_data_model.dim_customers'
[0m10:22:44.851342 [debug] [Thread-2 (]: Began compiling node model.dbt_olist_data_model.dim_customers
[0m10:22:44.866349 [debug] [Thread-2 (]: Writing injected SQL for node "model.dbt_olist_data_model.dim_customers"
[0m10:22:44.869343 [debug] [Thread-2 (]: Began executing node model.dbt_olist_data_model.dim_customers
[0m10:22:44.993345 [debug] [Thread-2 (]: Writing runtime sql for node "model.dbt_olist_data_model.dim_customers"
[0m10:22:44.996343 [debug] [Thread-2 (]: Using snowflake connection "model.dbt_olist_data_model.dim_customers"
[0m10:22:44.998342 [debug] [Thread-2 (]: On model.dbt_olist_data_model.dim_customers: create or replace transient table OLIST_DW.gold.dim_customers
    
    
    
    
    

    as (

select
    md5(customer_id) as customer_sk,
    customer_id,
    customer_unique_id,
    customer_city,
    customer_state,
    customer_zip_code_prefix,
    ingested_at
from OLIST_DW.silver.slv_customers


    )

/* {"app": "dbt", "dbt_version": "1.12.0", "profile_name": "dbt_olist_data_model", "target_name": "dev", "node_id": "model.dbt_olist_data_model.dim_customers"} */;
[0m10:22:44.999340 [debug] [Thread-2 (]: Opening a new connection, currently in state init
[0m10:22:49.926136 [debug] [Thread-2 (]: SQL status: SUCCESS 99441 in 4.926 seconds
[0m10:22:49.950112 [debug] [Thread-2 (]: Applying DROP to: OLIST_DW.gold.dim_customers__dbt_tmp
[0m10:22:49.962884 [debug] [Thread-2 (]: Using snowflake connection "model.dbt_olist_data_model.dim_customers"
[0m10:22:49.964899 [debug] [Thread-2 (]: On model.dbt_olist_data_model.dim_customers: drop view if exists OLIST_DW.gold.dim_customers__dbt_tmp cascade
/* {"app": "dbt", "dbt_version": "1.12.0", "profile_name": "dbt_olist_data_model", "target_name": "dev", "node_id": "model.dbt_olist_data_model.dim_customers"} */
[0m10:22:50.294395 [debug] [Thread-2 (]: SQL status: SUCCESS 1 in 0.328 seconds
[0m10:22:50.342368 [debug] [Thread-2 (]: Sending event: {'category': 'dbt', 'action': 'run_model', 'label': 'dc959022-598f-452f-a740-a2df7a0314a1', 'context': [<snowplow_tracker.self_describing_json.SelfDescribingJson object at 0x00000257AD6ACE50>]}
[0m10:22:50.344363 [info ] [Thread-2 (]: 1 of 8 OK created sql incremental model gold.dim_customers ..................... [[32mSUCCESS 99441[0m in 5.49s]
[0m10:22:50.346361 [debug] [Thread-2 (]: Finished running node model.dbt_olist_data_model.dim_customers
[0m10:22:50.347324 [debug] [Thread-2 (]: Began running node model.dbt_olist_data_model.dim_geolocation
[0m10:22:50.348323 [info ] [Thread-2 (]: 2 of 8 START sql incremental model gold.dim_geolocation ........................ [RUN]
[0m10:22:50.350320 [debug] [Thread-2 (]: Re-using an available connection from the pool (formerly model.dbt_olist_data_model.dim_customers, now model.dbt_olist_data_model.dim_geolocation)
[0m10:22:50.352328 [debug] [Thread-2 (]: Began compiling node model.dbt_olist_data_model.dim_geolocation
[0m10:22:50.356354 [debug] [Thread-2 (]: Writing injected SQL for node "model.dbt_olist_data_model.dim_geolocation"
[0m10:22:50.358330 [debug] [Thread-2 (]: Began executing node model.dbt_olist_data_model.dim_geolocation
[0m10:22:50.363358 [debug] [Thread-2 (]: Writing runtime sql for node "model.dbt_olist_data_model.dim_geolocation"
[0m10:22:50.368324 [debug] [Thread-2 (]: Using snowflake connection "model.dbt_olist_data_model.dim_geolocation"
[0m10:22:50.370331 [debug] [Thread-2 (]: On model.dbt_olist_data_model.dim_geolocation: create or replace transient table OLIST_DW.gold.dim_geolocation
    
    
    
    
    

    as (

select
    md5(geolocation_id::string) as geolocation_sk,
    geolocation_id,
    geolocation_zip_code_prefix,
    geolocation_lat,
    geolocation_lng,
    geolocation_city,
    geolocation_state,
    ingested_at
from OLIST_DW.silver.slv_geolocation


    )

/* {"app": "dbt", "dbt_version": "1.12.0", "profile_name": "dbt_olist_data_model", "target_name": "dev", "node_id": "model.dbt_olist_data_model.dim_geolocation"} */;
[0m10:22:52.314129 [debug] [Thread-2 (]: SQL status: SUCCESS 1000163 in 1.942 seconds
[0m10:22:52.320128 [debug] [Thread-2 (]: Applying DROP to: OLIST_DW.gold.dim_geolocation__dbt_tmp
[0m10:22:52.350125 [debug] [Thread-2 (]: Using snowflake connection "model.dbt_olist_data_model.dim_geolocation"
[0m10:22:52.412131 [debug] [Thread-2 (]: On model.dbt_olist_data_model.dim_geolocation: drop view if exists OLIST_DW.gold.dim_geolocation__dbt_tmp cascade
/* {"app": "dbt", "dbt_version": "1.12.0", "profile_name": "dbt_olist_data_model", "target_name": "dev", "node_id": "model.dbt_olist_data_model.dim_geolocation"} */
[0m10:22:52.847135 [debug] [Thread-2 (]: SQL status: SUCCESS 1 in 0.419 seconds
[0m10:22:52.853129 [debug] [Thread-2 (]: Sending event: {'category': 'dbt', 'action': 'run_model', 'label': 'dc959022-598f-452f-a740-a2df7a0314a1', 'context': [<snowplow_tracker.self_describing_json.SelfDescribingJson object at 0x00000257AEAD9290>]}
[0m10:22:52.855127 [info ] [Thread-2 (]: 2 of 8 OK created sql incremental model gold.dim_geolocation ................... [[32mSUCCESS 1000163[0m in 2.50s]
[0m10:22:52.857127 [debug] [Thread-2 (]: Finished running node model.dbt_olist_data_model.dim_geolocation
[0m10:22:52.858124 [debug] [Thread-2 (]: Began running node model.dbt_olist_data_model.dim_payments
[0m10:22:52.860127 [info ] [Thread-2 (]: 3 of 8 START sql incremental model gold.dim_payments ........................... [RUN]
[0m10:22:52.862128 [debug] [Thread-2 (]: Re-using an available connection from the pool (formerly model.dbt_olist_data_model.dim_geolocation, now model.dbt_olist_data_model.dim_payments)
[0m10:22:52.864126 [debug] [Thread-2 (]: Began compiling node model.dbt_olist_data_model.dim_payments
[0m10:22:52.874133 [debug] [Thread-2 (]: Writing injected SQL for node "model.dbt_olist_data_model.dim_payments"
[0m10:22:52.880128 [debug] [Thread-2 (]: Began executing node model.dbt_olist_data_model.dim_payments
[0m10:22:52.893128 [debug] [Thread-2 (]: Writing runtime sql for node "model.dbt_olist_data_model.dim_payments"
[0m10:22:52.898128 [debug] [Thread-2 (]: Using snowflake connection "model.dbt_olist_data_model.dim_payments"
[0m10:22:52.903152 [debug] [Thread-2 (]: On model.dbt_olist_data_model.dim_payments: create or replace transient table OLIST_DW.gold.dim_payments
    
    
    
    
    

    as (

select
    md5(payment_id::string) as payment_sk,
    payment_id,
    order_id,
    payment_sequential,
    payment_type,
    payment_installments,
    ingested_at
from OLIST_DW.silver.slv_order_payments


    )

/* {"app": "dbt", "dbt_version": "1.12.0", "profile_name": "dbt_olist_data_model", "target_name": "dev", "node_id": "model.dbt_olist_data_model.dim_payments"} */;
[0m10:22:54.828704 [debug] [Thread-2 (]: SQL status: SUCCESS 103886 in 1.922 seconds
[0m10:22:54.840709 [debug] [Thread-2 (]: Applying DROP to: OLIST_DW.gold.dim_payments__dbt_tmp
[0m10:22:54.846686 [debug] [Thread-2 (]: Using snowflake connection "model.dbt_olist_data_model.dim_payments"
[0m10:22:54.848638 [debug] [Thread-2 (]: On model.dbt_olist_data_model.dim_payments: drop view if exists OLIST_DW.gold.dim_payments__dbt_tmp cascade
/* {"app": "dbt", "dbt_version": "1.12.0", "profile_name": "dbt_olist_data_model", "target_name": "dev", "node_id": "model.dbt_olist_data_model.dim_payments"} */
[0m10:22:55.898932 [debug] [Thread-2 (]: SQL status: SUCCESS 1 in 1.047 seconds
[0m10:22:55.910900 [debug] [Thread-2 (]: Sending event: {'category': 'dbt', 'action': 'run_model', 'label': 'dc959022-598f-452f-a740-a2df7a0314a1', 'context': [<snowplow_tracker.self_describing_json.SelfDescribingJson object at 0x00000257AEABC950>]}
[0m10:22:55.914847 [info ] [Thread-2 (]: 3 of 8 OK created sql incremental model gold.dim_payments ...................... [[32mSUCCESS 103886[0m in 3.05s]
[0m10:22:55.917855 [debug] [Thread-2 (]: Finished running node model.dbt_olist_data_model.dim_payments
[0m10:22:55.920222 [debug] [Thread-2 (]: Began running node model.dbt_olist_data_model.dim_products
[0m10:22:55.922269 [info ] [Thread-2 (]: 4 of 8 START sql incremental model gold.dim_products ........................... [RUN]
[0m10:22:55.925223 [debug] [Thread-2 (]: Re-using an available connection from the pool (formerly model.dbt_olist_data_model.dim_payments, now model.dbt_olist_data_model.dim_products)
[0m10:22:55.927998 [debug] [Thread-2 (]: Began compiling node model.dbt_olist_data_model.dim_products
[0m10:22:55.934995 [debug] [Thread-2 (]: Writing injected SQL for node "model.dbt_olist_data_model.dim_products"
[0m10:22:55.936999 [debug] [Thread-2 (]: Began executing node model.dbt_olist_data_model.dim_products
[0m10:22:55.950001 [debug] [Thread-2 (]: Writing runtime sql for node "model.dbt_olist_data_model.dim_products"
[0m10:22:55.956003 [debug] [Thread-2 (]: Using snowflake connection "model.dbt_olist_data_model.dim_products"
[0m10:22:55.960015 [debug] [Thread-2 (]: On model.dbt_olist_data_model.dim_products: create or replace transient table OLIST_DW.gold.dim_products
    
    
    
    
    

    as (

select
    md5(product_id) as product_sk,
    product_id,
    product_category_name,
    product_category_name_english,
    product_name_length,
    product_description_length,
    product_photos_qty,
    product_weight_g,
    product_length_cm,
    product_height_cm,
    product_width_cm,
    ingested_at
from OLIST_DW.silver.slv_products


    )

/* {"app": "dbt", "dbt_version": "1.12.0", "profile_name": "dbt_olist_data_model", "target_name": "dev", "node_id": "model.dbt_olist_data_model.dim_products"} */;
[0m10:22:57.229644 [debug] [Thread-2 (]: SQL status: SUCCESS 32951 in 1.267 seconds
[0m10:22:57.232675 [debug] [Thread-2 (]: Applying DROP to: OLIST_DW.gold.dim_products__dbt_tmp
[0m10:22:57.234642 [debug] [Thread-2 (]: Using snowflake connection "model.dbt_olist_data_model.dim_products"
[0m10:22:57.235643 [debug] [Thread-2 (]: On model.dbt_olist_data_model.dim_products: drop view if exists OLIST_DW.gold.dim_products__dbt_tmp cascade
/* {"app": "dbt", "dbt_version": "1.12.0", "profile_name": "dbt_olist_data_model", "target_name": "dev", "node_id": "model.dbt_olist_data_model.dim_products"} */
[0m10:22:57.499936 [debug] [Thread-2 (]: SQL status: SUCCESS 1 in 0.262 seconds
[0m10:22:57.512928 [debug] [Thread-2 (]: Sending event: {'category': 'dbt', 'action': 'run_model', 'label': 'dc959022-598f-452f-a740-a2df7a0314a1', 'context': [<snowplow_tracker.self_describing_json.SelfDescribingJson object at 0x00000257AEBE9850>]}
[0m10:22:57.516334 [info ] [Thread-2 (]: 4 of 8 OK created sql incremental model gold.dim_products ...................... [[32mSUCCESS 32951[0m in 1.59s]
[0m10:22:57.519461 [debug] [Thread-2 (]: Finished running node model.dbt_olist_data_model.dim_products
[0m10:22:57.521734 [debug] [Thread-2 (]: Began running node model.dbt_olist_data_model.dim_reviews
[0m10:22:57.523735 [info ] [Thread-2 (]: 5 of 8 START sql incremental model gold.dim_reviews ............................ [RUN]
[0m10:22:57.526732 [debug] [Thread-2 (]: Re-using an available connection from the pool (formerly model.dbt_olist_data_model.dim_products, now model.dbt_olist_data_model.dim_reviews)
[0m10:22:57.529741 [debug] [Thread-2 (]: Began compiling node model.dbt_olist_data_model.dim_reviews
[0m10:22:57.538728 [debug] [Thread-2 (]: Writing injected SQL for node "model.dbt_olist_data_model.dim_reviews"
[0m10:22:57.540948 [debug] [Thread-2 (]: Began executing node model.dbt_olist_data_model.dim_reviews
[0m10:22:57.546487 [debug] [Thread-2 (]: Writing runtime sql for node "model.dbt_olist_data_model.dim_reviews"
[0m10:22:57.550234 [debug] [Thread-2 (]: Using snowflake connection "model.dbt_olist_data_model.dim_reviews"
[0m10:22:57.552231 [debug] [Thread-2 (]: On model.dbt_olist_data_model.dim_reviews: create or replace transient table OLIST_DW.gold.dim_reviews
    
    
    
    
    

    as (

select
    md5(review_pk_id::string) as review_sk,
    review_pk_id,
    review_id,
    order_id,
    has_comment,
    review_comment_title,
    review_comment_message,
    review_creation_date,
    review_answer_timestamp,
    ingested_at
from OLIST_DW.silver.slv_order_reviews


    )

/* {"app": "dbt", "dbt_version": "1.12.0", "profile_name": "dbt_olist_data_model", "target_name": "dev", "node_id": "model.dbt_olist_data_model.dim_reviews"} */;
[0m10:22:59.309576 [debug] [Thread-2 (]: SQL status: SUCCESS 99223 in 1.756 seconds
[0m10:22:59.313569 [debug] [Thread-2 (]: Applying DROP to: OLIST_DW.gold.dim_reviews__dbt_tmp
[0m10:22:59.315536 [debug] [Thread-2 (]: Using snowflake connection "model.dbt_olist_data_model.dim_reviews"
[0m10:22:59.317533 [debug] [Thread-2 (]: On model.dbt_olist_data_model.dim_reviews: drop view if exists OLIST_DW.gold.dim_reviews__dbt_tmp cascade
/* {"app": "dbt", "dbt_version": "1.12.0", "profile_name": "dbt_olist_data_model", "target_name": "dev", "node_id": "model.dbt_olist_data_model.dim_reviews"} */
[0m10:22:59.546590 [debug] [Thread-2 (]: SQL status: SUCCESS 1 in 0.228 seconds
[0m10:22:59.550569 [debug] [Thread-2 (]: Sending event: {'category': 'dbt', 'action': 'run_model', 'label': 'dc959022-598f-452f-a740-a2df7a0314a1', 'context': [<snowplow_tracker.self_describing_json.SelfDescribingJson object at 0x00000257AEBD6490>]}
[0m10:22:59.552604 [info ] [Thread-2 (]: 5 of 8 OK created sql incremental model gold.dim_reviews ....................... [[32mSUCCESS 99223[0m in 2.02s]
[0m10:22:59.554140 [debug] [Thread-2 (]: Finished running node model.dbt_olist_data_model.dim_reviews
[0m10:22:59.555061 [debug] [Thread-2 (]: Began running node model.dbt_olist_data_model.dim_sellers
[0m10:22:59.557079 [info ] [Thread-2 (]: 6 of 8 START sql incremental model gold.dim_sellers ............................ [RUN]
[0m10:22:59.558764 [debug] [Thread-2 (]: Re-using an available connection from the pool (formerly model.dbt_olist_data_model.dim_reviews, now model.dbt_olist_data_model.dim_sellers)
[0m10:22:59.559531 [debug] [Thread-2 (]: Began compiling node model.dbt_olist_data_model.dim_sellers
[0m10:22:59.564580 [debug] [Thread-2 (]: Writing injected SQL for node "model.dbt_olist_data_model.dim_sellers"
[0m10:22:59.566544 [debug] [Thread-2 (]: Began executing node model.dbt_olist_data_model.dim_sellers
[0m10:22:59.570578 [debug] [Thread-2 (]: Writing runtime sql for node "model.dbt_olist_data_model.dim_sellers"
[0m10:22:59.574545 [debug] [Thread-2 (]: Using snowflake connection "model.dbt_olist_data_model.dim_sellers"
[0m10:22:59.576549 [debug] [Thread-2 (]: On model.dbt_olist_data_model.dim_sellers: create or replace transient table OLIST_DW.gold.dim_sellers
    
    
    
    
    

    as (

select
    md5(seller_id) as seller_sk,
    seller_id,
    seller_city,
    seller_state,
    seller_zip_code_prefix,
    ingested_at
from OLIST_DW.silver.slv_sellers


    )

/* {"app": "dbt", "dbt_version": "1.12.0", "profile_name": "dbt_olist_data_model", "target_name": "dev", "node_id": "model.dbt_olist_data_model.dim_sellers"} */;
[0m10:23:00.598699 [debug] [Thread-2 (]: SQL status: SUCCESS 3095 in 1.019 seconds
[0m10:23:00.601667 [debug] [Thread-2 (]: Applying DROP to: OLIST_DW.gold.dim_sellers__dbt_tmp
[0m10:23:00.603793 [debug] [Thread-2 (]: Using snowflake connection "model.dbt_olist_data_model.dim_sellers"
[0m10:23:00.604832 [debug] [Thread-2 (]: On model.dbt_olist_data_model.dim_sellers: drop view if exists OLIST_DW.gold.dim_sellers__dbt_tmp cascade
/* {"app": "dbt", "dbt_version": "1.12.0", "profile_name": "dbt_olist_data_model", "target_name": "dev", "node_id": "model.dbt_olist_data_model.dim_sellers"} */
[0m10:23:00.859988 [debug] [Thread-2 (]: SQL status: SUCCESS 1 in 0.253 seconds
[0m10:23:00.869941 [debug] [Thread-2 (]: Sending event: {'category': 'dbt', 'action': 'run_model', 'label': 'dc959022-598f-452f-a740-a2df7a0314a1', 'context': [<snowplow_tracker.self_describing_json.SelfDescribingJson object at 0x00000257AD6FC250>]}
[0m10:23:00.873932 [info ] [Thread-2 (]: 6 of 8 OK created sql incremental model gold.dim_sellers ....................... [[32mSUCCESS 3095[0m in 1.31s]
[0m10:23:00.879933 [debug] [Thread-2 (]: Finished running node model.dbt_olist_data_model.dim_sellers
[0m10:23:00.881888 [debug] [Thread-2 (]: Began running node model.dbt_olist_data_model.fct_order_items
[0m10:23:00.884900 [info ] [Thread-2 (]: 7 of 8 START sql incremental model gold.fct_order_items ........................ [RUN]
[0m10:23:00.889233 [debug] [Thread-2 (]: Re-using an available connection from the pool (formerly model.dbt_olist_data_model.dim_sellers, now model.dbt_olist_data_model.fct_order_items)
[0m10:23:00.891227 [debug] [Thread-2 (]: Began compiling node model.dbt_olist_data_model.fct_order_items
[0m10:23:00.904261 [debug] [Thread-2 (]: Writing injected SQL for node "model.dbt_olist_data_model.fct_order_items"
[0m10:23:00.906226 [debug] [Thread-2 (]: Began executing node model.dbt_olist_data_model.fct_order_items
[0m10:23:00.911228 [debug] [Thread-2 (]: Writing runtime sql for node "model.dbt_olist_data_model.fct_order_items"
[0m10:23:00.914981 [debug] [Thread-2 (]: Using snowflake connection "model.dbt_olist_data_model.fct_order_items"
[0m10:23:00.916963 [debug] [Thread-2 (]: On model.dbt_olist_data_model.fct_order_items: create or replace transient table OLIST_DW.gold.fct_order_items
    
    
    
    
    

    as (

select
    oi.order_id,
    oi.order_item_id,
    md5(o.customer_id) as customer_sk,
    md5(oi.product_id) as product_sk,
    md5(oi.seller_id) as seller_sk,
    oi.price,
    oi.freight_value,
    oi.ingested_at
from OLIST_DW.silver.slv_order_items oi
left join OLIST_DW.silver.slv_orders o on oi.order_id = o.order_id


    )

/* {"app": "dbt", "dbt_version": "1.12.0", "profile_name": "dbt_olist_data_model", "target_name": "dev", "node_id": "model.dbt_olist_data_model.fct_order_items"} */;
[0m10:23:02.984732 [debug] [Thread-2 (]: SQL status: SUCCESS 112650 in 2.067 seconds
[0m10:23:02.989728 [debug] [Thread-2 (]: Applying DROP to: OLIST_DW.gold.fct_order_items__dbt_tmp
[0m10:23:02.996686 [debug] [Thread-2 (]: Using snowflake connection "model.dbt_olist_data_model.fct_order_items"
[0m10:23:03.000736 [debug] [Thread-2 (]: On model.dbt_olist_data_model.fct_order_items: drop view if exists OLIST_DW.gold.fct_order_items__dbt_tmp cascade
/* {"app": "dbt", "dbt_version": "1.12.0", "profile_name": "dbt_olist_data_model", "target_name": "dev", "node_id": "model.dbt_olist_data_model.fct_order_items"} */
[0m10:23:03.399280 [debug] [Thread-2 (]: SQL status: SUCCESS 1 in 0.394 seconds
[0m10:23:03.404279 [debug] [Thread-2 (]: Sending event: {'category': 'dbt', 'action': 'run_model', 'label': 'dc959022-598f-452f-a740-a2df7a0314a1', 'context': [<snowplow_tracker.self_describing_json.SelfDescribingJson object at 0x00000257AD743ED0>]}
[0m10:23:03.426282 [info ] [Thread-2 (]: 7 of 8 OK created sql incremental model gold.fct_order_items ................... [[32mSUCCESS 112650[0m in 2.52s]
[0m10:23:03.471280 [debug] [Thread-2 (]: Finished running node model.dbt_olist_data_model.fct_order_items
[0m10:23:03.475279 [debug] [Thread-2 (]: Began running node model.dbt_olist_data_model.fct_orders
[0m10:23:03.493280 [info ] [Thread-2 (]: 8 of 8 START sql incremental model gold.fct_orders ............................. [RUN]
[0m10:23:03.520278 [debug] [Thread-2 (]: Re-using an available connection from the pool (formerly model.dbt_olist_data_model.fct_order_items, now model.dbt_olist_data_model.fct_orders)
[0m10:23:03.529281 [debug] [Thread-2 (]: Began compiling node model.dbt_olist_data_model.fct_orders
[0m10:23:03.566284 [debug] [Thread-2 (]: Writing injected SQL for node "model.dbt_olist_data_model.fct_orders"
[0m10:23:03.644277 [debug] [Thread-2 (]: Began executing node model.dbt_olist_data_model.fct_orders
[0m10:23:03.674284 [debug] [Thread-2 (]: Writing runtime sql for node "model.dbt_olist_data_model.fct_orders"
[0m10:23:03.690275 [debug] [Thread-2 (]: Using snowflake connection "model.dbt_olist_data_model.fct_orders"
[0m10:23:03.729277 [debug] [Thread-2 (]: On model.dbt_olist_data_model.fct_orders: create or replace transient table OLIST_DW.gold.fct_orders
    
    
    
    
    

    as (

with items_agg as (
    select
        order_id,
        count(*) as item_count,
        sum(price) as total_price,
        sum(freight_value) as total_freight
    from OLIST_DW.silver.slv_order_items
    group by order_id
),

payments_agg as (
    select
        order_id,
        sum(payment_value) as total_payment_value,
        count(*) as installment_count
    from OLIST_DW.silver.slv_order_payments
    group by order_id
),

reviews_agg as (
    select
        order_id,
        avg(review_score) as avg_review_score,
        max(has_comment::int)::boolean as has_any_comment
    from OLIST_DW.silver.slv_order_reviews
    group by order_id
)

select
    o.order_id,
    md5(o.customer_id) as customer_sk,

    o.is_delivered,
    o.is_late,
    o.delivery_days,

    ia.item_count,
    ia.total_price,
    ia.total_freight,

    pa.total_payment_value,
    pa.installment_count,

    ra.avg_review_score,
    ra.has_any_comment,

    o.ingested_at
from OLIST_DW.silver.slv_orders o
left join items_agg ia on o.order_id = ia.order_id
left join payments_agg pa on o.order_id = pa.order_id
left join reviews_agg ra on o.order_id = ra.order_id


    )

/* {"app": "dbt", "dbt_version": "1.12.0", "profile_name": "dbt_olist_data_model", "target_name": "dev", "node_id": "model.dbt_olist_data_model.fct_orders"} */;
[0m10:23:06.487358 [debug] [Thread-2 (]: SQL status: SUCCESS 99441 in 2.713 seconds
[0m10:23:06.499363 [debug] [Thread-2 (]: Applying DROP to: OLIST_DW.gold.fct_orders__dbt_tmp
[0m10:23:06.505346 [debug] [Thread-2 (]: Using snowflake connection "model.dbt_olist_data_model.fct_orders"
[0m10:23:06.508304 [debug] [Thread-2 (]: On model.dbt_olist_data_model.fct_orders: drop view if exists OLIST_DW.gold.fct_orders__dbt_tmp cascade
/* {"app": "dbt", "dbt_version": "1.12.0", "profile_name": "dbt_olist_data_model", "target_name": "dev", "node_id": "model.dbt_olist_data_model.fct_orders"} */
[0m10:23:06.844104 [debug] [Thread-2 (]: SQL status: SUCCESS 1 in 0.333 seconds
[0m10:23:06.850760 [debug] [Thread-2 (]: Sending event: {'category': 'dbt', 'action': 'run_model', 'label': 'dc959022-598f-452f-a740-a2df7a0314a1', 'context': [<snowplow_tracker.self_describing_json.SelfDescribingJson object at 0x00000257AEAB45D0>]}
[0m10:23:06.853448 [info ] [Thread-2 (]: 8 of 8 OK created sql incremental model gold.fct_orders ........................ [[32mSUCCESS 99441[0m in 3.33s]
[0m10:23:06.856378 [debug] [Thread-2 (]: Finished running node model.dbt_olist_data_model.fct_orders
[0m10:23:06.860131 [debug] [MainThread]: Connection 'master' was properly closed.
[0m10:23:06.861484 [debug] [MainThread]: Connection 'create_OLIST_DW_gold' was left open.
[0m10:23:06.863260 [debug] [MainThread]: On create_OLIST_DW_gold: Close
[0m10:23:08.407240 [debug] [MainThread]: Connection 'list_OLIST_DW_bronze' was left open.
[0m10:23:08.408241 [debug] [MainThread]: On list_OLIST_DW_bronze: Close
[0m10:23:08.936135 [debug] [MainThread]: Connection 'model.dbt_olist_data_model.fct_orders' was left open.
[0m10:23:08.936135 [debug] [MainThread]: On model.dbt_olist_data_model.fct_orders: Close
[0m10:23:09.706658 [info ] [MainThread]: 
[0m10:23:09.710649 [info ] [MainThread]: Finished running 8 incremental models in 0 hours 0 minutes and 35.18 seconds (35.18s).
[0m10:23:09.724646 [debug] [MainThread]: Command end result
[0m10:23:09.831639 [debug] [MainThread]: Wrote artifact WritableManifest to C:\Users\lenovo\Documents\Data_Engineering\Portfolio\Data-Migration-from-MySQL-Database-to-Migration-with-Full-CI-CD-Pipeline\dbt_olist_data_model\target\manifest.json
[0m10:23:09.837640 [debug] [MainThread]: Wrote artifact SemanticManifest to C:\Users\lenovo\Documents\Data_Engineering\Portfolio\Data-Migration-from-MySQL-Database-to-Migration-with-Full-CI-CD-Pipeline\dbt_olist_data_model\target\semantic_manifest.json
[0m10:23:09.847640 [debug] [MainThread]: Wrote artifact OsiDocument to C:\Users\lenovo\Documents\Data_Engineering\Portfolio\Data-Migration-from-MySQL-Database-to-Migration-with-Full-CI-CD-Pipeline\dbt_olist_data_model\target\osi_document.json
[0m10:23:09.872636 [debug] [MainThread]: Wrote artifact RunExecutionResult to C:\Users\lenovo\Documents\Data_Engineering\Portfolio\Data-Migration-from-MySQL-Database-to-Migration-with-Full-CI-CD-Pipeline\dbt_olist_data_model\target\run_results.json
[0m10:23:09.873637 [info ] [MainThread]: 
[0m10:23:09.878642 [info ] [MainThread]: [32mCompleted successfully[0m
[0m10:23:09.879637 [info ] [MainThread]: 
[0m10:23:09.881636 [info ] [MainThread]: Done. PASS=8 WARN=0 ERROR=0 SKIP=0 NO-OP=0 REUSED=0 TOTAL=8
[0m10:23:09.885640 [debug] [MainThread]: Command `dbt run` succeeded at 10:23:09.884638 after 38.47 seconds
[0m10:23:09.886639 [debug] [MainThread]: Sending event: {'category': 'dbt', 'action': 'invocation', 'label': 'end', 'context': [<snowplow_tracker.self_describing_json.SelfDescribingJson object at 0x00000257ABD22B90>, <snowplow_tracker.self_describing_json.SelfDescribingJson object at 0x00000257ABC18110>, <snowplow_tracker.self_describing_json.SelfDescribingJson object at 0x00000257ABC2D810>]}
[0m10:23:09.887638 [debug] [MainThread]: Flushing usage events
[0m10:23:11.949289 [debug] [MainThread]: An error was encountered while trying to flush usage events
[0m10:23:23.216474 [debug] [MainThread]: Sending event: {'category': 'dbt', 'action': 'invocation', 'label': 'start', 'context': [<snowplow_tracker.self_describing_json.SelfDescribingJson object at 0x000001DC93844290>, <snowplow_tracker.self_describing_json.SelfDescribingJson object at 0x000001DC93794E10>, <snowplow_tracker.self_describing_json.SelfDescribingJson object at 0x000001DC937947D0>]}


============================== 10:23:23.221472 | 4fe2c6c3-25d4-4a15-9422-861e4cac0d03 ==============================
[0m10:23:23.221472 [info ] [MainThread]: Running with dbt=1.12.0
[0m10:23:23.223470 [debug] [MainThread]: running dbt with arguments {'maximum_seed_size_mib': '1', 'no_print': 'None', 'static_parser': 'True', 'warn_error_options': 'WarnErrorOptionsV2(error=[], warn=[], silence=[])', 'target_path': 'None', 'version_check': 'True', 'printer_width': '80', 'write_json': 'True', 'empty': 'False', 'log_cache_events': 'False', 'introspect': 'True', 'cache_selected_only': 'False', 'log_format': 'default', 'debug': 'False', 'fail_fast': 'False', 'partial_parse': 'True', 'send_anonymous_usage_stats': 'True', 'quiet': 'False', 'warn_error': 'None', 'profiles_dir': 'C:\\Users\\lenovo\\.dbt', 'invocation_command': 'dbt run', 'hints_enabled': 'True', 'indirect_selection': 'eager', 'use_experimental_parser': 'False', 'use_colors': 'True', 'log_path': 'C:\\Users\\lenovo\\Documents\\Data_Engineering\\Portfolio\\Data-Migration-from-MySQL-Database-to-Migration-with-Full-CI-CD-Pipeline\\dbt_olist_data_model\\logs'}
[0m10:23:23.976472 [debug] [MainThread]: Snowflake adapter: Setting snowflake.connector to ERROR (file logging only)
[0m10:23:23.978472 [debug] [MainThread]: Snowflake adapter: Setting botocore to ERROR (file logging only)
[0m10:23:23.979473 [debug] [MainThread]: Snowflake adapter: Setting boto3 to ERROR (file logging only)
[0m10:23:24.547473 [debug] [MainThread]: Sending event: {'category': 'dbt', 'action': 'project_id', 'label': '4fe2c6c3-25d4-4a15-9422-861e4cac0d03', 'context': [<snowplow_tracker.self_describing_json.SelfDescribingJson object at 0x000001DC94E3D0D0>]}
[0m10:23:24.693471 [debug] [MainThread]: Sending event: {'category': 'dbt', 'action': 'adapter_info', 'label': '4fe2c6c3-25d4-4a15-9422-861e4cac0d03', 'context': [<snowplow_tracker.self_describing_json.SelfDescribingJson object at 0x000001DC914A82D0>]}
[0m10:23:24.696475 [info ] [MainThread]: Registered adapter: snowflake=1.12.0
[0m10:23:25.442875 [debug] [MainThread]: checksum: fa19c417bd532b9cc714519aa84e06d9b91dd956fbccdd320c8e6f600c8f48a8, vars: {}, profile: dbt_olist_data_model, target: dev, version: 1.12.0
[0m10:23:25.732871 [debug] [MainThread]: Partial parsing enabled: 0 files deleted, 0 files added, 0 files changed.
[0m10:23:25.733871 [debug] [MainThread]: Nothing changed, skipping partial parsing.
[0m10:23:25.734874 [debug] [MainThread]: Partial parsing enabled, no changes found, skipping parsing
[0m10:23:25.751869 [debug] [MainThread]: Sending event: {'category': 'dbt', 'action': 'load_project', 'label': '4fe2c6c3-25d4-4a15-9422-861e4cac0d03', 'context': [<snowplow_tracker.self_describing_json.SelfDescribingJson object at 0x000001DC953E3E10>]}
[0m10:23:26.062126 [debug] [MainThread]: Wrote artifact WritableManifest to C:\Users\lenovo\Documents\Data_Engineering\Portfolio\Data-Migration-from-MySQL-Database-to-Migration-with-Full-CI-CD-Pipeline\dbt_olist_data_model\target\manifest.json
[0m10:23:26.072127 [debug] [MainThread]: Wrote artifact SemanticManifest to C:\Users\lenovo\Documents\Data_Engineering\Portfolio\Data-Migration-from-MySQL-Database-to-Migration-with-Full-CI-CD-Pipeline\dbt_olist_data_model\target\semantic_manifest.json
[0m10:23:26.145128 [debug] [MainThread]: Wrote artifact OsiDocument to C:\Users\lenovo\Documents\Data_Engineering\Portfolio\Data-Migration-from-MySQL-Database-to-Migration-with-Full-CI-CD-Pipeline\dbt_olist_data_model\target\osi_document.json
[0m10:23:26.168130 [debug] [MainThread]: Sending event: {'category': 'dbt', 'action': 'resource_counts', 'label': '4fe2c6c3-25d4-4a15-9422-861e4cac0d03', 'context': [<snowplow_tracker.self_describing_json.SelfDescribingJson object at 0x000001DC9528F710>]}
[0m10:23:26.170127 [info ] [MainThread]: Found 25 models, 9 sources, 546 macros
[0m10:23:26.171128 [debug] [MainThread]: Sending event: {'category': 'dbt', 'action': 'runnable_timing', 'label': '4fe2c6c3-25d4-4a15-9422-861e4cac0d03', 'context': [<snowplow_tracker.self_describing_json.SelfDescribingJson object at 0x000001DC9521D510>]}
[0m10:23:26.176159 [info ] [MainThread]: 
[0m10:23:26.178127 [info ] [MainThread]: Concurrency: 1 threads (target='dev')
[0m10:23:26.180129 [info ] [MainThread]: 
[0m10:23:26.182126 [debug] [MainThread]: Acquiring new snowflake connection 'master'
[0m10:23:26.208120 [debug] [ThreadPool]: Acquiring new snowflake connection 'list_OLIST_DW'
[0m10:23:26.242159 [debug] [ThreadPool]: Using snowflake connection "list_OLIST_DW"
[0m10:23:26.243164 [debug] [ThreadPool]: On list_OLIST_DW: show terse schemas in database OLIST_DW
    limit 10000
/* {"app": "dbt", "dbt_version": "1.12.0", "profile_name": "dbt_olist_data_model", "target_name": "dev", "connection_name": "list_OLIST_DW"} */
[0m10:23:26.244130 [debug] [ThreadPool]: Opening a new connection, currently in state init
[0m10:23:29.502010 [debug] [ThreadPool]: SQL status: SUCCESS 7 in 3.258 seconds
[0m10:23:29.506011 [debug] [ThreadPool]: Using snowflake connection "list_OLIST_DW"
[0m10:23:29.507015 [debug] [ThreadPool]: On list_OLIST_DW: show terse schemas in database OLIST_DW
    limit 10000
/* {"app": "dbt", "dbt_version": "1.12.0", "profile_name": "dbt_olist_data_model", "target_name": "dev", "connection_name": "list_OLIST_DW"} */
[0m10:23:29.841491 [debug] [ThreadPool]: SQL status: SUCCESS 7 in 0.333 seconds
[0m10:23:29.848487 [debug] [ThreadPool]: Using snowflake connection "list_OLIST_DW"
[0m10:23:29.849487 [debug] [ThreadPool]: On list_OLIST_DW: show terse schemas in database OLIST_DW
    limit 10000
/* {"app": "dbt", "dbt_version": "1.12.0", "profile_name": "dbt_olist_data_model", "target_name": "dev", "connection_name": "list_OLIST_DW"} */
[0m10:23:30.123200 [debug] [ThreadPool]: SQL status: SUCCESS 7 in 0.272 seconds
[0m10:23:30.135199 [debug] [ThreadPool]: Acquiring new snowflake connection 'list_OLIST_DW_bronze'
[0m10:23:30.154198 [debug] [ThreadPool]: Using snowflake connection "list_OLIST_DW_bronze"
[0m10:23:30.155198 [debug] [ThreadPool]: On list_OLIST_DW_bronze: show objects in OLIST_DW.bronze
    limit 10000
    

/* {"app": "dbt", "dbt_version": "1.12.0", "profile_name": "dbt_olist_data_model", "target_name": "dev", "connection_name": "list_OLIST_DW_bronze"} */;
[0m10:23:30.156199 [debug] [ThreadPool]: Opening a new connection, currently in state init
[0m10:23:31.874849 [debug] [ThreadPool]: SQL status: SUCCESS 9 in 1.718 seconds
[0m10:23:31.888847 [debug] [ThreadPool]: Using snowflake connection "list_OLIST_DW_bronze"
[0m10:23:31.890848 [debug] [ThreadPool]: On list_OLIST_DW_bronze: show user functions in OLIST_DW.bronze
/* {"app": "dbt", "dbt_version": "1.12.0", "profile_name": "dbt_olist_data_model", "target_name": "dev", "connection_name": "list_OLIST_DW_bronze"} */
[0m10:23:32.418780 [debug] [ThreadPool]: SQL status: SUCCESS 0 in 0.527 seconds
[0m10:23:32.421745 [debug] [ThreadPool]: Re-using an available connection from the pool (formerly list_OLIST_DW_bronze, now list_OLIST_DW_silver)
[0m10:23:32.426138 [debug] [ThreadPool]: Using snowflake connection "list_OLIST_DW_silver"
[0m10:23:32.427398 [debug] [ThreadPool]: On list_OLIST_DW_silver: show objects in OLIST_DW.silver
    limit 10000
    

/* {"app": "dbt", "dbt_version": "1.12.0", "profile_name": "dbt_olist_data_model", "target_name": "dev", "connection_name": "list_OLIST_DW_silver"} */;
[0m10:23:32.689037 [debug] [ThreadPool]: SQL status: SUCCESS 8 in 0.261 seconds
[0m10:23:32.695041 [debug] [ThreadPool]: Using snowflake connection "list_OLIST_DW_silver"
[0m10:23:32.696034 [debug] [ThreadPool]: On list_OLIST_DW_silver: show user functions in OLIST_DW.silver
/* {"app": "dbt", "dbt_version": "1.12.0", "profile_name": "dbt_olist_data_model", "target_name": "dev", "connection_name": "list_OLIST_DW_silver"} */
[0m10:23:32.939732 [debug] [ThreadPool]: SQL status: SUCCESS 0 in 0.242 seconds
[0m10:23:32.942714 [debug] [ThreadPool]: Re-using an available connection from the pool (formerly list_OLIST_DW_silver, now list_OLIST_DW_gold)
[0m10:23:32.946715 [debug] [ThreadPool]: Using snowflake connection "list_OLIST_DW_gold"
[0m10:23:32.947813 [debug] [ThreadPool]: On list_OLIST_DW_gold: show objects in OLIST_DW.gold
    limit 10000
    

/* {"app": "dbt", "dbt_version": "1.12.0", "profile_name": "dbt_olist_data_model", "target_name": "dev", "connection_name": "list_OLIST_DW_gold"} */;
[0m10:23:33.246546 [debug] [ThreadPool]: SQL status: SUCCESS 8 in 0.298 seconds
[0m10:23:33.254550 [debug] [ThreadPool]: Using snowflake connection "list_OLIST_DW_gold"
[0m10:23:33.256549 [debug] [ThreadPool]: On list_OLIST_DW_gold: show user functions in OLIST_DW.gold
/* {"app": "dbt", "dbt_version": "1.12.0", "profile_name": "dbt_olist_data_model", "target_name": "dev", "connection_name": "list_OLIST_DW_gold"} */
[0m10:23:34.088557 [debug] [ThreadPool]: SQL status: SUCCESS 0 in 0.829 seconds
[0m10:23:34.110507 [debug] [MainThread]: Sending event: {'category': 'dbt', 'action': 'runnable_timing', 'label': '4fe2c6c3-25d4-4a15-9422-861e4cac0d03', 'context': [<snowplow_tracker.self_describing_json.SelfDescribingJson object at 0x000001DC8F429290>]}
[0m10:23:34.127494 [debug] [Thread-2 (]: Began running node model.dbt_olist_data_model.br_olist_customers
[0m10:23:34.129497 [info ] [Thread-2 (]: 1 of 25 START sql incremental model bronze.br_olist_customers .................. [RUN]
[0m10:23:34.132493 [debug] [Thread-2 (]: Acquiring new snowflake connection 'model.dbt_olist_data_model.br_olist_customers'
[0m10:23:34.135492 [debug] [Thread-2 (]: Began compiling node model.dbt_olist_data_model.br_olist_customers
[0m10:23:34.187492 [debug] [Thread-2 (]: Writing injected SQL for node "model.dbt_olist_data_model.br_olist_customers"
[0m10:23:34.191488 [debug] [Thread-2 (]: Began executing node model.dbt_olist_data_model.br_olist_customers
[0m10:23:34.334230 [debug] [Thread-2 (]: Using snowflake connection "model.dbt_olist_data_model.br_olist_customers"
[0m10:23:34.335225 [debug] [Thread-2 (]: On model.dbt_olist_data_model.br_olist_customers: create or replace  temporary view OLIST_DW.bronze.br_olist_customers__dbt_tmp
  
  
  
  
  as (
    

select
    customer_id,
    customer_unique_id,
    customer_zip_code_prefix,
    customer_city,
    customer_state,
    _ingested_at::timestamp_ntz as ingested_at
from olist_dw.raw.raw_olist_customers


where _ingested_at::timestamp_ntz > (select max(ingested_at) from OLIST_DW.bronze.br_olist_customers)

  )
/* {"app": "dbt", "dbt_version": "1.12.0", "profile_name": "dbt_olist_data_model", "target_name": "dev", "node_id": "model.dbt_olist_data_model.br_olist_customers"} */;
[0m10:23:34.336225 [debug] [Thread-2 (]: Opening a new connection, currently in state init
[0m10:23:42.809272 [debug] [Thread-2 (]: SQL status: SUCCESS 1 in 8.472 seconds
[0m10:23:42.819286 [debug] [Thread-2 (]: Using snowflake connection "model.dbt_olist_data_model.br_olist_customers"
[0m10:23:42.820247 [debug] [Thread-2 (]: On model.dbt_olist_data_model.br_olist_customers: describe table OLIST_DW.bronze.br_olist_customers__dbt_tmp
/* {"app": "dbt", "dbt_version": "1.12.0", "profile_name": "dbt_olist_data_model", "target_name": "dev", "node_id": "model.dbt_olist_data_model.br_olist_customers"} */
[0m10:23:43.103428 [debug] [Thread-2 (]: SQL status: SUCCESS 6 in 0.281 seconds
[0m10:23:43.117415 [debug] [Thread-2 (]: Using snowflake connection "model.dbt_olist_data_model.br_olist_customers"
[0m10:23:43.120361 [debug] [Thread-2 (]: On model.dbt_olist_data_model.br_olist_customers: describe table OLIST_DW.bronze.br_olist_customers
/* {"app": "dbt", "dbt_version": "1.12.0", "profile_name": "dbt_olist_data_model", "target_name": "dev", "node_id": "model.dbt_olist_data_model.br_olist_customers"} */
[0m10:23:43.367456 [debug] [Thread-2 (]: SQL status: SUCCESS 6 in 0.244 seconds
[0m10:23:43.392441 [debug] [Thread-2 (]: Using snowflake connection "model.dbt_olist_data_model.br_olist_customers"
[0m10:23:43.394440 [debug] [Thread-2 (]: On model.dbt_olist_data_model.br_olist_customers: describe table "OLIST_DW"."BRONZE"."BR_OLIST_CUSTOMERS"
/* {"app": "dbt", "dbt_version": "1.12.0", "profile_name": "dbt_olist_data_model", "target_name": "dev", "node_id": "model.dbt_olist_data_model.br_olist_customers"} */
[0m10:23:43.639677 [debug] [Thread-2 (]: SQL status: SUCCESS 6 in 0.244 seconds
[0m10:23:43.700681 [debug] [Thread-2 (]: Writing runtime sql for node "model.dbt_olist_data_model.br_olist_customers"
[0m10:23:43.711732 [debug] [Thread-2 (]: Using snowflake connection "model.dbt_olist_data_model.br_olist_customers"
[0m10:23:43.714683 [debug] [Thread-2 (]: On model.dbt_olist_data_model.br_olist_customers: -- back compat for old kwarg name
  
  begin
/* {"app": "dbt", "dbt_version": "1.12.0", "profile_name": "dbt_olist_data_model", "target_name": "dev", "node_id": "model.dbt_olist_data_model.br_olist_customers"} */;
[0m10:23:44.114992 [debug] [Thread-2 (]: SQL status: SUCCESS 1 in 0.397 seconds
[0m10:23:44.118055 [debug] [Thread-2 (]: Using snowflake connection "model.dbt_olist_data_model.br_olist_customers"
[0m10:23:44.123997 [debug] [Thread-2 (]: On model.dbt_olist_data_model.br_olist_customers: merge into OLIST_DW.bronze.br_olist_customers as DBT_INTERNAL_DEST
        using OLIST_DW.bronze.br_olist_customers__dbt_tmp as DBT_INTERNAL_SOURCE
        on ((DBT_INTERNAL_SOURCE.customer_id = DBT_INTERNAL_DEST.customer_id))

    
    when matched then update set
        "CUSTOMER_ID" = DBT_INTERNAL_SOURCE."CUSTOMER_ID","CUSTOMER_UNIQUE_ID" = DBT_INTERNAL_SOURCE."CUSTOMER_UNIQUE_ID","CUSTOMER_ZIP_CODE_PREFIX" = DBT_INTERNAL_SOURCE."CUSTOMER_ZIP_CODE_PREFIX","CUSTOMER_CITY" = DBT_INTERNAL_SOURCE."CUSTOMER_CITY","CUSTOMER_STATE" = DBT_INTERNAL_SOURCE."CUSTOMER_STATE","INGESTED_AT" = DBT_INTERNAL_SOURCE."INGESTED_AT"
    

    when not matched then insert
        ("CUSTOMER_ID", "CUSTOMER_UNIQUE_ID", "CUSTOMER_ZIP_CODE_PREFIX", "CUSTOMER_CITY", "CUSTOMER_STATE", "INGESTED_AT")
    values
        ("CUSTOMER_ID", "CUSTOMER_UNIQUE_ID", "CUSTOMER_ZIP_CODE_PREFIX", "CUSTOMER_CITY", "CUSTOMER_STATE", "INGESTED_AT")


/* {"app": "dbt", "dbt_version": "1.12.0", "profile_name": "dbt_olist_data_model", "target_name": "dev", "node_id": "model.dbt_olist_data_model.br_olist_customers"} */;
[0m10:23:44.857064 [debug] [Thread-2 (]: SQL status: SUCCESS 0 in 0.727 seconds
[0m10:23:44.861065 [debug] [Thread-2 (]: Using snowflake connection "model.dbt_olist_data_model.br_olist_customers"
[0m10:23:44.868079 [debug] [Thread-2 (]: On model.dbt_olist_data_model.br_olist_customers: COMMIT
/* {"app": "dbt", "dbt_version": "1.12.0", "profile_name": "dbt_olist_data_model", "target_name": "dev", "node_id": "model.dbt_olist_data_model.br_olist_customers"} */
[0m10:23:45.195383 [debug] [Thread-2 (]: SQL status: SUCCESS 1 in 0.322 seconds
[0m10:23:45.224371 [debug] [Thread-2 (]: Applying DROP to: OLIST_DW.bronze.br_olist_customers__dbt_tmp
[0m10:23:45.238395 [debug] [Thread-2 (]: Using snowflake connection "model.dbt_olist_data_model.br_olist_customers"
[0m10:23:45.240362 [debug] [Thread-2 (]: On model.dbt_olist_data_model.br_olist_customers: drop view if exists OLIST_DW.bronze.br_olist_customers__dbt_tmp cascade
/* {"app": "dbt", "dbt_version": "1.12.0", "profile_name": "dbt_olist_data_model", "target_name": "dev", "node_id": "model.dbt_olist_data_model.br_olist_customers"} */
[0m10:23:45.603372 [debug] [Thread-2 (]: SQL status: SUCCESS 1 in 0.362 seconds
[0m10:23:45.634318 [debug] [Thread-2 (]: Sending event: {'category': 'dbt', 'action': 'run_model', 'label': '4fe2c6c3-25d4-4a15-9422-861e4cac0d03', 'context': [<snowplow_tracker.self_describing_json.SelfDescribingJson object at 0x000001DC952A6BD0>]}
[0m10:23:45.636313 [info ] [Thread-2 (]: 1 of 25 OK created sql incremental model bronze.br_olist_customers ............. [[32mSUCCESS 0[0m in 11.50s]
[0m10:23:45.638104 [debug] [Thread-2 (]: Finished running node model.dbt_olist_data_model.br_olist_customers
[0m10:23:45.639102 [debug] [Thread-2 (]: Began running node model.dbt_olist_data_model.br_olist_geolocation
[0m10:23:45.640098 [info ] [Thread-2 (]: 2 of 25 START sql incremental model bronze.br_olist_geolocation ................ [RUN]
[0m10:23:45.641502 [debug] [Thread-2 (]: Re-using an available connection from the pool (formerly model.dbt_olist_data_model.br_olist_customers, now model.dbt_olist_data_model.br_olist_geolocation)
[0m10:23:45.643525 [debug] [Thread-2 (]: Began compiling node model.dbt_olist_data_model.br_olist_geolocation
[0m10:23:45.646520 [debug] [Thread-2 (]: Writing injected SQL for node "model.dbt_olist_data_model.br_olist_geolocation"
[0m10:23:45.649523 [debug] [Thread-2 (]: Began executing node model.dbt_olist_data_model.br_olist_geolocation
[0m10:23:45.658549 [debug] [Thread-2 (]: Using snowflake connection "model.dbt_olist_data_model.br_olist_geolocation"
[0m10:23:45.660517 [debug] [Thread-2 (]: On model.dbt_olist_data_model.br_olist_geolocation: create or replace  temporary view OLIST_DW.bronze.br_olist_geolocation__dbt_tmp
  
  
  
  
  as (
    

select
    geolocation_id::number as geolocation_id,
    geolocation_zip_code_prefix,
    geolocation_lat::float as geolocation_lat,
    geolocation_lng::float as geolocation_lng,
    geolocation_city,
    geolocation_state,
    _ingested_at::timestamp_ntz as ingested_at
from olist_dw.raw.raw_olist_geolocation


where _ingested_at::timestamp_ntz > (select max(ingested_at) from OLIST_DW.bronze.br_olist_geolocation)

  )
/* {"app": "dbt", "dbt_version": "1.12.0", "profile_name": "dbt_olist_data_model", "target_name": "dev", "node_id": "model.dbt_olist_data_model.br_olist_geolocation"} */;
[0m10:23:46.161735 [debug] [Thread-2 (]: SQL status: SUCCESS 1 in 0.498 seconds
[0m10:23:46.177766 [debug] [Thread-2 (]: Using snowflake connection "model.dbt_olist_data_model.br_olist_geolocation"
[0m10:23:46.180249 [debug] [Thread-2 (]: On model.dbt_olist_data_model.br_olist_geolocation: describe table OLIST_DW.bronze.br_olist_geolocation__dbt_tmp
/* {"app": "dbt", "dbt_version": "1.12.0", "profile_name": "dbt_olist_data_model", "target_name": "dev", "node_id": "model.dbt_olist_data_model.br_olist_geolocation"} */
[0m10:23:46.470188 [debug] [Thread-2 (]: SQL status: SUCCESS 7 in 0.287 seconds
[0m10:23:46.478146 [debug] [Thread-2 (]: Using snowflake connection "model.dbt_olist_data_model.br_olist_geolocation"
[0m10:23:46.480144 [debug] [Thread-2 (]: On model.dbt_olist_data_model.br_olist_geolocation: describe table OLIST_DW.bronze.br_olist_geolocation
/* {"app": "dbt", "dbt_version": "1.12.0", "profile_name": "dbt_olist_data_model", "target_name": "dev", "node_id": "model.dbt_olist_data_model.br_olist_geolocation"} */
[0m10:23:46.717465 [debug] [Thread-2 (]: SQL status: SUCCESS 7 in 0.235 seconds
[0m10:23:46.721458 [debug] [Thread-2 (]: Using snowflake connection "model.dbt_olist_data_model.br_olist_geolocation"
[0m10:23:46.722459 [debug] [Thread-2 (]: On model.dbt_olist_data_model.br_olist_geolocation: describe table "OLIST_DW"."BRONZE"."BR_OLIST_GEOLOCATION"
/* {"app": "dbt", "dbt_version": "1.12.0", "profile_name": "dbt_olist_data_model", "target_name": "dev", "node_id": "model.dbt_olist_data_model.br_olist_geolocation"} */
[0m10:23:46.990309 [debug] [Thread-2 (]: SQL status: SUCCESS 7 in 0.266 seconds
[0m10:23:46.996303 [debug] [Thread-2 (]: Writing runtime sql for node "model.dbt_olist_data_model.br_olist_geolocation"
[0m10:23:47.003306 [debug] [Thread-2 (]: Using snowflake connection "model.dbt_olist_data_model.br_olist_geolocation"
[0m10:23:47.005304 [debug] [Thread-2 (]: On model.dbt_olist_data_model.br_olist_geolocation: -- back compat for old kwarg name
  
  begin
/* {"app": "dbt", "dbt_version": "1.12.0", "profile_name": "dbt_olist_data_model", "target_name": "dev", "node_id": "model.dbt_olist_data_model.br_olist_geolocation"} */;
[0m10:23:47.324724 [debug] [Thread-2 (]: SQL status: SUCCESS 1 in 0.316 seconds
[0m10:23:47.327717 [debug] [Thread-2 (]: Using snowflake connection "model.dbt_olist_data_model.br_olist_geolocation"
[0m10:23:47.333780 [debug] [Thread-2 (]: On model.dbt_olist_data_model.br_olist_geolocation: merge into OLIST_DW.bronze.br_olist_geolocation as DBT_INTERNAL_DEST
        using OLIST_DW.bronze.br_olist_geolocation__dbt_tmp as DBT_INTERNAL_SOURCE
        on ((DBT_INTERNAL_SOURCE.geolocation_id = DBT_INTERNAL_DEST.geolocation_id))

    
    when matched then update set
        "GEOLOCATION_ID" = DBT_INTERNAL_SOURCE."GEOLOCATION_ID","GEOLOCATION_ZIP_CODE_PREFIX" = DBT_INTERNAL_SOURCE."GEOLOCATION_ZIP_CODE_PREFIX","GEOLOCATION_LAT" = DBT_INTERNAL_SOURCE."GEOLOCATION_LAT","GEOLOCATION_LNG" = DBT_INTERNAL_SOURCE."GEOLOCATION_LNG","GEOLOCATION_CITY" = DBT_INTERNAL_SOURCE."GEOLOCATION_CITY","GEOLOCATION_STATE" = DBT_INTERNAL_SOURCE."GEOLOCATION_STATE","INGESTED_AT" = DBT_INTERNAL_SOURCE."INGESTED_AT"
    

    when not matched then insert
        ("GEOLOCATION_ID", "GEOLOCATION_ZIP_CODE_PREFIX", "GEOLOCATION_LAT", "GEOLOCATION_LNG", "GEOLOCATION_CITY", "GEOLOCATION_STATE", "INGESTED_AT")
    values
        ("GEOLOCATION_ID", "GEOLOCATION_ZIP_CODE_PREFIX", "GEOLOCATION_LAT", "GEOLOCATION_LNG", "GEOLOCATION_CITY", "GEOLOCATION_STATE", "INGESTED_AT")


/* {"app": "dbt", "dbt_version": "1.12.0", "profile_name": "dbt_olist_data_model", "target_name": "dev", "node_id": "model.dbt_olist_data_model.br_olist_geolocation"} */;
[0m10:23:48.465761 [debug] [Thread-2 (]: SQL status: SUCCESS 0 in 1.126 seconds
[0m10:23:48.467770 [debug] [Thread-2 (]: Using snowflake connection "model.dbt_olist_data_model.br_olist_geolocation"
[0m10:23:48.468764 [debug] [Thread-2 (]: On model.dbt_olist_data_model.br_olist_geolocation: COMMIT
/* {"app": "dbt", "dbt_version": "1.12.0", "profile_name": "dbt_olist_data_model", "target_name": "dev", "node_id": "model.dbt_olist_data_model.br_olist_geolocation"} */
[0m10:23:48.888094 [debug] [Thread-2 (]: SQL status: SUCCESS 1 in 0.418 seconds
[0m10:23:48.891059 [debug] [Thread-2 (]: Applying DROP to: OLIST_DW.bronze.br_olist_geolocation__dbt_tmp
[0m10:23:48.893510 [debug] [Thread-2 (]: Using snowflake connection "model.dbt_olist_data_model.br_olist_geolocation"
[0m10:23:48.894534 [debug] [Thread-2 (]: On model.dbt_olist_data_model.br_olist_geolocation: drop view if exists OLIST_DW.bronze.br_olist_geolocation__dbt_tmp cascade
/* {"app": "dbt", "dbt_version": "1.12.0", "profile_name": "dbt_olist_data_model", "target_name": "dev", "node_id": "model.dbt_olist_data_model.br_olist_geolocation"} */
[0m10:23:49.199954 [debug] [Thread-2 (]: SQL status: SUCCESS 1 in 0.304 seconds
[0m10:23:49.211943 [debug] [Thread-2 (]: Sending event: {'category': 'dbt', 'action': 'run_model', 'label': '4fe2c6c3-25d4-4a15-9422-861e4cac0d03', 'context': [<snowplow_tracker.self_describing_json.SelfDescribingJson object at 0x000001DC94F23910>]}
[0m10:23:49.215891 [info ] [Thread-2 (]: 2 of 25 OK created sql incremental model bronze.br_olist_geolocation ........... [[32mSUCCESS 0[0m in 3.57s]
[0m10:23:49.219228 [debug] [Thread-2 (]: Finished running node model.dbt_olist_data_model.br_olist_geolocation
[0m10:23:49.221783 [debug] [Thread-2 (]: Began running node model.dbt_olist_data_model.br_olist_order_items
[0m10:23:49.223828 [info ] [Thread-2 (]: 3 of 25 START sql incremental model bronze.br_olist_order_items ................ [RUN]
[0m10:23:49.226512 [debug] [Thread-2 (]: Re-using an available connection from the pool (formerly model.dbt_olist_data_model.br_olist_geolocation, now model.dbt_olist_data_model.br_olist_order_items)
[0m10:23:49.228530 [debug] [Thread-2 (]: Began compiling node model.dbt_olist_data_model.br_olist_order_items
[0m10:23:49.233529 [debug] [Thread-2 (]: Writing injected SQL for node "model.dbt_olist_data_model.br_olist_order_items"
[0m10:23:49.237532 [debug] [Thread-2 (]: Began executing node model.dbt_olist_data_model.br_olist_order_items
[0m10:23:49.249557 [debug] [Thread-2 (]: Using snowflake connection "model.dbt_olist_data_model.br_olist_order_items"
[0m10:23:49.251528 [debug] [Thread-2 (]: On model.dbt_olist_data_model.br_olist_order_items: create or replace  temporary view OLIST_DW.bronze.br_olist_order_items__dbt_tmp
  
  
  
  
  as (
    

select
    order_id,
    order_item_id::number as order_item_id,
    product_id,
    seller_id,
    shipping_limit_date::timestamp_ntz as shipping_limit_date,
    price::number(10,2) as price,
    freight_value::number(10,2) as freight_value,
    _ingested_at::timestamp_ntz as ingested_at
from olist_dw.raw.raw_olist_order_items


where _ingested_at::timestamp_ntz > (select max(ingested_at) from OLIST_DW.bronze.br_olist_order_items)

  )
/* {"app": "dbt", "dbt_version": "1.12.0", "profile_name": "dbt_olist_data_model", "target_name": "dev", "node_id": "model.dbt_olist_data_model.br_olist_order_items"} */;
[0m10:23:49.744424 [debug] [Thread-2 (]: SQL status: SUCCESS 1 in 0.492 seconds
[0m10:23:49.747417 [debug] [Thread-2 (]: Using snowflake connection "model.dbt_olist_data_model.br_olist_order_items"
[0m10:23:49.749424 [debug] [Thread-2 (]: On model.dbt_olist_data_model.br_olist_order_items: describe table OLIST_DW.bronze.br_olist_order_items__dbt_tmp
/* {"app": "dbt", "dbt_version": "1.12.0", "profile_name": "dbt_olist_data_model", "target_name": "dev", "node_id": "model.dbt_olist_data_model.br_olist_order_items"} */
[0m10:23:50.068803 [debug] [Thread-2 (]: SQL status: SUCCESS 8 in 0.318 seconds
[0m10:23:50.072807 [debug] [Thread-2 (]: Using snowflake connection "model.dbt_olist_data_model.br_olist_order_items"
[0m10:23:50.074804 [debug] [Thread-2 (]: On model.dbt_olist_data_model.br_olist_order_items: describe table OLIST_DW.bronze.br_olist_order_items
/* {"app": "dbt", "dbt_version": "1.12.0", "profile_name": "dbt_olist_data_model", "target_name": "dev", "node_id": "model.dbt_olist_data_model.br_olist_order_items"} */
[0m10:23:50.354128 [debug] [Thread-2 (]: SQL status: SUCCESS 8 in 0.277 seconds
[0m10:23:50.359097 [debug] [Thread-2 (]: Using snowflake connection "model.dbt_olist_data_model.br_olist_order_items"
[0m10:23:50.361095 [debug] [Thread-2 (]: On model.dbt_olist_data_model.br_olist_order_items: describe table "OLIST_DW"."BRONZE"."BR_OLIST_ORDER_ITEMS"
/* {"app": "dbt", "dbt_version": "1.12.0", "profile_name": "dbt_olist_data_model", "target_name": "dev", "node_id": "model.dbt_olist_data_model.br_olist_order_items"} */
[0m10:23:50.660115 [debug] [Thread-2 (]: SQL status: SUCCESS 8 in 0.267 seconds
[0m10:23:50.686145 [debug] [Thread-2 (]: Writing runtime sql for node "model.dbt_olist_data_model.br_olist_order_items"
[0m10:23:50.694321 [debug] [Thread-2 (]: Using snowflake connection "model.dbt_olist_data_model.br_olist_order_items"
[0m10:23:50.696277 [debug] [Thread-2 (]: On model.dbt_olist_data_model.br_olist_order_items: -- back compat for old kwarg name
  
  begin
/* {"app": "dbt", "dbt_version": "1.12.0", "profile_name": "dbt_olist_data_model", "target_name": "dev", "node_id": "model.dbt_olist_data_model.br_olist_order_items"} */;
[0m10:23:51.038581 [debug] [Thread-2 (]: SQL status: SUCCESS 1 in 0.341 seconds
[0m10:23:51.041579 [debug] [Thread-2 (]: Using snowflake connection "model.dbt_olist_data_model.br_olist_order_items"
[0m10:23:51.045580 [debug] [Thread-2 (]: On model.dbt_olist_data_model.br_olist_order_items: merge into OLIST_DW.bronze.br_olist_order_items as DBT_INTERNAL_DEST
        using OLIST_DW.bronze.br_olist_order_items__dbt_tmp as DBT_INTERNAL_SOURCE
        on (
                    DBT_INTERNAL_SOURCE.order_id = DBT_INTERNAL_DEST.order_id
                ) and (
                    DBT_INTERNAL_SOURCE.order_item_id = DBT_INTERNAL_DEST.order_item_id
                )

    
    when matched then update set
        "ORDER_ID" = DBT_INTERNAL_SOURCE."ORDER_ID","ORDER_ITEM_ID" = DBT_INTERNAL_SOURCE."ORDER_ITEM_ID","PRODUCT_ID" = DBT_INTERNAL_SOURCE."PRODUCT_ID","SELLER_ID" = DBT_INTERNAL_SOURCE."SELLER_ID","SHIPPING_LIMIT_DATE" = DBT_INTERNAL_SOURCE."SHIPPING_LIMIT_DATE","PRICE" = DBT_INTERNAL_SOURCE."PRICE","FREIGHT_VALUE" = DBT_INTERNAL_SOURCE."FREIGHT_VALUE","INGESTED_AT" = DBT_INTERNAL_SOURCE."INGESTED_AT"
    

    when not matched then insert
        ("ORDER_ID", "ORDER_ITEM_ID", "PRODUCT_ID", "SELLER_ID", "SHIPPING_LIMIT_DATE", "PRICE", "FREIGHT_VALUE", "INGESTED_AT")
    values
        ("ORDER_ID", "ORDER_ITEM_ID", "PRODUCT_ID", "SELLER_ID", "SHIPPING_LIMIT_DATE", "PRICE", "FREIGHT_VALUE", "INGESTED_AT")


/* {"app": "dbt", "dbt_version": "1.12.0", "profile_name": "dbt_olist_data_model", "target_name": "dev", "node_id": "model.dbt_olist_data_model.br_olist_order_items"} */;
[0m10:23:51.903645 [debug] [Thread-2 (]: SQL status: SUCCESS 0 in 0.855 seconds
[0m10:23:51.907644 [debug] [Thread-2 (]: Using snowflake connection "model.dbt_olist_data_model.br_olist_order_items"
[0m10:23:51.912635 [debug] [Thread-2 (]: On model.dbt_olist_data_model.br_olist_order_items: COMMIT
/* {"app": "dbt", "dbt_version": "1.12.0", "profile_name": "dbt_olist_data_model", "target_name": "dev", "node_id": "model.dbt_olist_data_model.br_olist_order_items"} */
[0m10:23:52.260941 [debug] [Thread-2 (]: SQL status: SUCCESS 1 in 0.345 seconds
[0m10:23:52.270959 [debug] [Thread-2 (]: Applying DROP to: OLIST_DW.bronze.br_olist_order_items__dbt_tmp
[0m10:23:52.272957 [debug] [Thread-2 (]: Using snowflake connection "model.dbt_olist_data_model.br_olist_order_items"
[0m10:23:52.273917 [debug] [Thread-2 (]: On model.dbt_olist_data_model.br_olist_order_items: drop view if exists OLIST_DW.bronze.br_olist_order_items__dbt_tmp cascade
/* {"app": "dbt", "dbt_version": "1.12.0", "profile_name": "dbt_olist_data_model", "target_name": "dev", "node_id": "model.dbt_olist_data_model.br_olist_order_items"} */
[0m10:23:52.583410 [debug] [Thread-2 (]: SQL status: SUCCESS 1 in 0.307 seconds
[0m10:23:52.588227 [debug] [Thread-2 (]: Sending event: {'category': 'dbt', 'action': 'run_model', 'label': '4fe2c6c3-25d4-4a15-9422-861e4cac0d03', 'context': [<snowplow_tracker.self_describing_json.SelfDescribingJson object at 0x000001DC96763590>]}
[0m10:23:52.589941 [info ] [Thread-2 (]: 3 of 25 OK created sql incremental model bronze.br_olist_order_items ........... [[32mSUCCESS 0[0m in 3.36s]
[0m10:23:52.592780 [debug] [Thread-2 (]: Finished running node model.dbt_olist_data_model.br_olist_order_items
[0m10:23:52.595127 [debug] [Thread-2 (]: Began running node model.dbt_olist_data_model.br_olist_order_payments
[0m10:23:52.597856 [info ] [Thread-2 (]: 4 of 25 START sql incremental model bronze.br_olist_order_payments ............. [RUN]
[0m10:23:52.599648 [debug] [Thread-2 (]: Re-using an available connection from the pool (formerly model.dbt_olist_data_model.br_olist_order_items, now model.dbt_olist_data_model.br_olist_order_payments)
[0m10:23:52.603229 [debug] [Thread-2 (]: Began compiling node model.dbt_olist_data_model.br_olist_order_payments
[0m10:23:52.614091 [debug] [Thread-2 (]: Writing injected SQL for node "model.dbt_olist_data_model.br_olist_order_payments"
[0m10:23:52.623089 [debug] [Thread-2 (]: Began executing node model.dbt_olist_data_model.br_olist_order_payments
[0m10:23:52.636344 [debug] [Thread-2 (]: Using snowflake connection "model.dbt_olist_data_model.br_olist_order_payments"
[0m10:23:52.637978 [debug] [Thread-2 (]: On model.dbt_olist_data_model.br_olist_order_payments: create or replace  temporary view OLIST_DW.bronze.br_olist_order_payments__dbt_tmp
  
  
  
  
  as (
    
select
    payment_id::number as payment_id,
    order_id,
    payment_sequential::number as payment_sequential,
    payment_type,
    payment_installments::number as payment_installments,
    payment_value::number(10,2) as payment_value,
    _ingested_at::timestamp_ntz as ingested_at
from olist_dw.raw.raw_olist_order_payments


where _ingested_at::timestamp_ntz > (select max(ingested_at) from OLIST_DW.bronze.br_olist_order_payments)

  )
/* {"app": "dbt", "dbt_version": "1.12.0", "profile_name": "dbt_olist_data_model", "target_name": "dev", "node_id": "model.dbt_olist_data_model.br_olist_order_payments"} */;
[0m10:23:53.127327 [debug] [Thread-2 (]: SQL status: SUCCESS 1 in 0.487 seconds
[0m10:23:53.132324 [debug] [Thread-2 (]: Using snowflake connection "model.dbt_olist_data_model.br_olist_order_payments"
[0m10:23:53.134294 [debug] [Thread-2 (]: On model.dbt_olist_data_model.br_olist_order_payments: describe table OLIST_DW.bronze.br_olist_order_payments__dbt_tmp
/* {"app": "dbt", "dbt_version": "1.12.0", "profile_name": "dbt_olist_data_model", "target_name": "dev", "node_id": "model.dbt_olist_data_model.br_olist_order_payments"} */
[0m10:23:53.438161 [debug] [Thread-2 (]: SQL status: SUCCESS 7 in 0.302 seconds
[0m10:23:53.442195 [debug] [Thread-2 (]: Using snowflake connection "model.dbt_olist_data_model.br_olist_order_payments"
[0m10:23:53.443160 [debug] [Thread-2 (]: On model.dbt_olist_data_model.br_olist_order_payments: describe table OLIST_DW.bronze.br_olist_order_payments
/* {"app": "dbt", "dbt_version": "1.12.0", "profile_name": "dbt_olist_data_model", "target_name": "dev", "node_id": "model.dbt_olist_data_model.br_olist_order_payments"} */
[0m10:23:53.683792 [debug] [Thread-2 (]: SQL status: SUCCESS 7 in 0.240 seconds
[0m10:23:53.687780 [debug] [Thread-2 (]: Using snowflake connection "model.dbt_olist_data_model.br_olist_order_payments"
[0m10:23:53.688766 [debug] [Thread-2 (]: On model.dbt_olist_data_model.br_olist_order_payments: describe table "OLIST_DW"."BRONZE"."BR_OLIST_ORDER_PAYMENTS"
/* {"app": "dbt", "dbt_version": "1.12.0", "profile_name": "dbt_olist_data_model", "target_name": "dev", "node_id": "model.dbt_olist_data_model.br_olist_order_payments"} */
[0m10:23:53.982994 [debug] [Thread-2 (]: SQL status: SUCCESS 7 in 0.292 seconds
[0m10:23:54.000001 [debug] [Thread-2 (]: Writing runtime sql for node "model.dbt_olist_data_model.br_olist_order_payments"
[0m10:23:54.002975 [debug] [Thread-2 (]: Using snowflake connection "model.dbt_olist_data_model.br_olist_order_payments"
[0m10:23:54.004976 [debug] [Thread-2 (]: On model.dbt_olist_data_model.br_olist_order_payments: -- back compat for old kwarg name
  
  begin
/* {"app": "dbt", "dbt_version": "1.12.0", "profile_name": "dbt_olist_data_model", "target_name": "dev", "node_id": "model.dbt_olist_data_model.br_olist_order_payments"} */;
[0m10:23:54.437379 [debug] [Thread-2 (]: SQL status: SUCCESS 1 in 0.430 seconds
[0m10:23:54.442380 [debug] [Thread-2 (]: Using snowflake connection "model.dbt_olist_data_model.br_olist_order_payments"
[0m10:23:54.445151 [debug] [Thread-2 (]: On model.dbt_olist_data_model.br_olist_order_payments: merge into OLIST_DW.bronze.br_olist_order_payments as DBT_INTERNAL_DEST
        using OLIST_DW.bronze.br_olist_order_payments__dbt_tmp as DBT_INTERNAL_SOURCE
        on ((DBT_INTERNAL_SOURCE.payment_id = DBT_INTERNAL_DEST.payment_id))

    
    when matched then update set
        "PAYMENT_ID" = DBT_INTERNAL_SOURCE."PAYMENT_ID","ORDER_ID" = DBT_INTERNAL_SOURCE."ORDER_ID","PAYMENT_SEQUENTIAL" = DBT_INTERNAL_SOURCE."PAYMENT_SEQUENTIAL","PAYMENT_TYPE" = DBT_INTERNAL_SOURCE."PAYMENT_TYPE","PAYMENT_INSTALLMENTS" = DBT_INTERNAL_SOURCE."PAYMENT_INSTALLMENTS","PAYMENT_VALUE" = DBT_INTERNAL_SOURCE."PAYMENT_VALUE","INGESTED_AT" = DBT_INTERNAL_SOURCE."INGESTED_AT"
    

    when not matched then insert
        ("PAYMENT_ID", "ORDER_ID", "PAYMENT_SEQUENTIAL", "PAYMENT_TYPE", "PAYMENT_INSTALLMENTS", "PAYMENT_VALUE", "INGESTED_AT")
    values
        ("PAYMENT_ID", "ORDER_ID", "PAYMENT_SEQUENTIAL", "PAYMENT_TYPE", "PAYMENT_INSTALLMENTS", "PAYMENT_VALUE", "INGESTED_AT")


/* {"app": "dbt", "dbt_version": "1.12.0", "profile_name": "dbt_olist_data_model", "target_name": "dev", "node_id": "model.dbt_olist_data_model.br_olist_order_payments"} */;
[0m10:23:55.221130 [debug] [Thread-2 (]: SQL status: SUCCESS 0 in 0.773 seconds
[0m10:23:55.234015 [debug] [Thread-2 (]: Using snowflake connection "model.dbt_olist_data_model.br_olist_order_payments"
[0m10:23:55.251478 [debug] [Thread-2 (]: On model.dbt_olist_data_model.br_olist_order_payments: COMMIT
/* {"app": "dbt", "dbt_version": "1.12.0", "profile_name": "dbt_olist_data_model", "target_name": "dev", "node_id": "model.dbt_olist_data_model.br_olist_order_payments"} */
[0m10:23:55.576299 [debug] [Thread-2 (]: SQL status: SUCCESS 1 in 0.323 seconds
[0m10:23:55.590229 [debug] [Thread-2 (]: Applying DROP to: OLIST_DW.bronze.br_olist_order_payments__dbt_tmp
[0m10:23:55.600225 [debug] [Thread-2 (]: Using snowflake connection "model.dbt_olist_data_model.br_olist_order_payments"
[0m10:23:55.603217 [debug] [Thread-2 (]: On model.dbt_olist_data_model.br_olist_order_payments: drop view if exists OLIST_DW.bronze.br_olist_order_payments__dbt_tmp cascade
/* {"app": "dbt", "dbt_version": "1.12.0", "profile_name": "dbt_olist_data_model", "target_name": "dev", "node_id": "model.dbt_olist_data_model.br_olist_order_payments"} */
[0m10:23:55.962375 [debug] [Thread-2 (]: SQL status: SUCCESS 1 in 0.355 seconds
[0m10:23:55.973362 [debug] [Thread-2 (]: Sending event: {'category': 'dbt', 'action': 'run_model', 'label': '4fe2c6c3-25d4-4a15-9422-861e4cac0d03', 'context': [<snowplow_tracker.self_describing_json.SelfDescribingJson object at 0x000001DC952D13D0>]}
[0m10:23:55.977022 [info ] [Thread-2 (]: 4 of 25 OK created sql incremental model bronze.br_olist_order_payments ........ [[32mSUCCESS 0[0m in 3.37s]
[0m10:23:55.979980 [debug] [Thread-2 (]: Finished running node model.dbt_olist_data_model.br_olist_order_payments
[0m10:23:55.982140 [debug] [Thread-2 (]: Began running node model.dbt_olist_data_model.br_olist_order_reviews
[0m10:23:55.983646 [info ] [Thread-2 (]: 5 of 25 START sql incremental model bronze.br_olist_order_reviews .............. [RUN]
[0m10:23:55.987113 [debug] [Thread-2 (]: Re-using an available connection from the pool (formerly model.dbt_olist_data_model.br_olist_order_payments, now model.dbt_olist_data_model.br_olist_order_reviews)
[0m10:23:55.989674 [debug] [Thread-2 (]: Began compiling node model.dbt_olist_data_model.br_olist_order_reviews
[0m10:23:55.994665 [debug] [Thread-2 (]: Writing injected SQL for node "model.dbt_olist_data_model.br_olist_order_reviews"
[0m10:23:56.000664 [debug] [Thread-2 (]: Began executing node model.dbt_olist_data_model.br_olist_order_reviews
[0m10:23:56.012670 [debug] [Thread-2 (]: Using snowflake connection "model.dbt_olist_data_model.br_olist_order_reviews"
[0m10:23:56.014664 [debug] [Thread-2 (]: On model.dbt_olist_data_model.br_olist_order_reviews: create or replace  temporary view OLIST_DW.bronze.br_olist_order_reviews__dbt_tmp
  
  
  
  
  as (
    

select
    review_pk_id::number as review_pk_id,
    review_id,
    order_id,
    review_score::number as review_score,
    review_comment_title,
    review_comment_message,
    try_to_timestamp_ntz(review_creation_date) as review_creation_date,
    try_to_timestamp_ntz(review_answer_timestamp) as review_answer_timestamp,
    _ingested_at::timestamp_ntz as ingested_at
from olist_dw.raw.raw_olist_order_reviews


where _ingested_at::timestamp_ntz > (select max(ingested_at) from OLIST_DW.bronze.br_olist_order_reviews)

  )
/* {"app": "dbt", "dbt_version": "1.12.0", "profile_name": "dbt_olist_data_model", "target_name": "dev", "node_id": "model.dbt_olist_data_model.br_olist_order_reviews"} */;
[0m10:23:56.551181 [debug] [Thread-2 (]: SQL status: SUCCESS 1 in 0.534 seconds
[0m10:23:56.561169 [debug] [Thread-2 (]: Using snowflake connection "model.dbt_olist_data_model.br_olist_order_reviews"
[0m10:23:56.564132 [debug] [Thread-2 (]: On model.dbt_olist_data_model.br_olist_order_reviews: describe table OLIST_DW.bronze.br_olist_order_reviews__dbt_tmp
/* {"app": "dbt", "dbt_version": "1.12.0", "profile_name": "dbt_olist_data_model", "target_name": "dev", "node_id": "model.dbt_olist_data_model.br_olist_order_reviews"} */
[0m10:23:56.834646 [debug] [Thread-2 (]: SQL status: SUCCESS 9 in 0.268 seconds
[0m10:23:56.844592 [debug] [Thread-2 (]: Using snowflake connection "model.dbt_olist_data_model.br_olist_order_reviews"
[0m10:23:56.845602 [debug] [Thread-2 (]: On model.dbt_olist_data_model.br_olist_order_reviews: describe table OLIST_DW.bronze.br_olist_order_reviews
/* {"app": "dbt", "dbt_version": "1.12.0", "profile_name": "dbt_olist_data_model", "target_name": "dev", "node_id": "model.dbt_olist_data_model.br_olist_order_reviews"} */
[0m10:23:57.083558 [debug] [Thread-2 (]: SQL status: SUCCESS 9 in 0.236 seconds
[0m10:23:57.098545 [debug] [Thread-2 (]: Using snowflake connection "model.dbt_olist_data_model.br_olist_order_reviews"
[0m10:23:57.101553 [debug] [Thread-2 (]: On model.dbt_olist_data_model.br_olist_order_reviews: describe table "OLIST_DW"."BRONZE"."BR_OLIST_ORDER_REVIEWS"
/* {"app": "dbt", "dbt_version": "1.12.0", "profile_name": "dbt_olist_data_model", "target_name": "dev", "node_id": "model.dbt_olist_data_model.br_olist_order_reviews"} */
[0m10:23:57.344852 [debug] [Thread-2 (]: SQL status: SUCCESS 9 in 0.241 seconds
[0m10:23:57.351848 [debug] [Thread-2 (]: Writing runtime sql for node "model.dbt_olist_data_model.br_olist_order_reviews"
[0m10:23:57.355850 [debug] [Thread-2 (]: Using snowflake connection "model.dbt_olist_data_model.br_olist_order_reviews"
[0m10:23:57.356850 [debug] [Thread-2 (]: On model.dbt_olist_data_model.br_olist_order_reviews: -- back compat for old kwarg name
  
  begin
/* {"app": "dbt", "dbt_version": "1.12.0", "profile_name": "dbt_olist_data_model", "target_name": "dev", "node_id": "model.dbt_olist_data_model.br_olist_order_reviews"} */;
[0m10:23:57.660740 [debug] [Thread-2 (]: SQL status: SUCCESS 1 in 0.303 seconds
[0m10:23:57.661746 [debug] [Thread-2 (]: Using snowflake connection "model.dbt_olist_data_model.br_olist_order_reviews"
[0m10:23:57.663737 [debug] [Thread-2 (]: On model.dbt_olist_data_model.br_olist_order_reviews: merge into OLIST_DW.bronze.br_olist_order_reviews as DBT_INTERNAL_DEST
        using OLIST_DW.bronze.br_olist_order_reviews__dbt_tmp as DBT_INTERNAL_SOURCE
        on ((DBT_INTERNAL_SOURCE.review_pk_id = DBT_INTERNAL_DEST.review_pk_id))

    
    when matched then update set
        "REVIEW_PK_ID" = DBT_INTERNAL_SOURCE."REVIEW_PK_ID","REVIEW_ID" = DBT_INTERNAL_SOURCE."REVIEW_ID","ORDER_ID" = DBT_INTERNAL_SOURCE."ORDER_ID","REVIEW_SCORE" = DBT_INTERNAL_SOURCE."REVIEW_SCORE","REVIEW_COMMENT_TITLE" = DBT_INTERNAL_SOURCE."REVIEW_COMMENT_TITLE","REVIEW_COMMENT_MESSAGE" = DBT_INTERNAL_SOURCE."REVIEW_COMMENT_MESSAGE","REVIEW_CREATION_DATE" = DBT_INTERNAL_SOURCE."REVIEW_CREATION_DATE","REVIEW_ANSWER_TIMESTAMP" = DBT_INTERNAL_SOURCE."REVIEW_ANSWER_TIMESTAMP","INGESTED_AT" = DBT_INTERNAL_SOURCE."INGESTED_AT"
    

    when not matched then insert
        ("REVIEW_PK_ID", "REVIEW_ID", "ORDER_ID", "REVIEW_SCORE", "REVIEW_COMMENT_TITLE", "REVIEW_COMMENT_MESSAGE", "REVIEW_CREATION_DATE", "REVIEW_ANSWER_TIMESTAMP", "INGESTED_AT")
    values
        ("REVIEW_PK_ID", "REVIEW_ID", "ORDER_ID", "REVIEW_SCORE", "REVIEW_COMMENT_TITLE", "REVIEW_COMMENT_MESSAGE", "REVIEW_CREATION_DATE", "REVIEW_ANSWER_TIMESTAMP", "INGESTED_AT")


/* {"app": "dbt", "dbt_version": "1.12.0", "profile_name": "dbt_olist_data_model", "target_name": "dev", "node_id": "model.dbt_olist_data_model.br_olist_order_reviews"} */;
[0m10:23:58.457177 [debug] [Thread-2 (]: SQL status: SUCCESS 0 in 0.791 seconds
[0m10:23:58.458156 [debug] [Thread-2 (]: Using snowflake connection "model.dbt_olist_data_model.br_olist_order_reviews"
[0m10:23:58.459158 [debug] [Thread-2 (]: On model.dbt_olist_data_model.br_olist_order_reviews: COMMIT
/* {"app": "dbt", "dbt_version": "1.12.0", "profile_name": "dbt_olist_data_model", "target_name": "dev", "node_id": "model.dbt_olist_data_model.br_olist_order_reviews"} */
[0m10:23:58.763508 [debug] [Thread-2 (]: SQL status: SUCCESS 1 in 0.302 seconds
[0m10:23:58.767506 [debug] [Thread-2 (]: Applying DROP to: OLIST_DW.bronze.br_olist_order_reviews__dbt_tmp
[0m10:23:58.770503 [debug] [Thread-2 (]: Using snowflake connection "model.dbt_olist_data_model.br_olist_order_reviews"
[0m10:23:58.770503 [debug] [Thread-2 (]: On model.dbt_olist_data_model.br_olist_order_reviews: drop view if exists OLIST_DW.bronze.br_olist_order_reviews__dbt_tmp cascade
/* {"app": "dbt", "dbt_version": "1.12.0", "profile_name": "dbt_olist_data_model", "target_name": "dev", "node_id": "model.dbt_olist_data_model.br_olist_order_reviews"} */
[0m10:23:59.133940 [debug] [Thread-2 (]: SQL status: SUCCESS 1 in 0.362 seconds
[0m10:23:59.144861 [debug] [Thread-2 (]: Sending event: {'category': 'dbt', 'action': 'run_model', 'label': '4fe2c6c3-25d4-4a15-9422-861e4cac0d03', 'context': [<snowplow_tracker.self_describing_json.SelfDescribingJson object at 0x000001DC966ED890>]}
[0m10:23:59.146860 [info ] [Thread-2 (]: 5 of 25 OK created sql incremental model bronze.br_olist_order_reviews ......... [[32mSUCCESS 0[0m in 3.16s]
[0m10:23:59.148864 [debug] [Thread-2 (]: Finished running node model.dbt_olist_data_model.br_olist_order_reviews
[0m10:23:59.150860 [debug] [Thread-2 (]: Began running node model.dbt_olist_data_model.br_olist_orders
[0m10:23:59.152860 [info ] [Thread-2 (]: 6 of 25 START sql incremental model bronze.br_olist_orders ..................... [RUN]
[0m10:23:59.154861 [debug] [Thread-2 (]: Re-using an available connection from the pool (formerly model.dbt_olist_data_model.br_olist_order_reviews, now model.dbt_olist_data_model.br_olist_orders)
[0m10:23:59.157873 [debug] [Thread-2 (]: Began compiling node model.dbt_olist_data_model.br_olist_orders
[0m10:23:59.166869 [debug] [Thread-2 (]: Writing injected SQL for node "model.dbt_olist_data_model.br_olist_orders"
[0m10:23:59.168863 [debug] [Thread-2 (]: Began executing node model.dbt_olist_data_model.br_olist_orders
[0m10:23:59.179858 [debug] [Thread-2 (]: Using snowflake connection "model.dbt_olist_data_model.br_olist_orders"
[0m10:23:59.180860 [debug] [Thread-2 (]: On model.dbt_olist_data_model.br_olist_orders: create or replace  temporary view OLIST_DW.bronze.br_olist_orders__dbt_tmp
  
  
  
  
  as (
    

select
    order_id,
    customer_id,
    order_status,
    try_to_timestamp_ntz(order_purchase_timestamp) as order_purchase_timestamp,
    try_to_timestamp_ntz(order_approved_at) as order_approved_at,
    try_to_timestamp_ntz(order_delivered_carrier_date) as order_delivered_carrier_date,
    try_to_timestamp_ntz(order_delivered_customer_date) as order_delivered_customer_date,
    try_to_timestamp_ntz(order_estimated_delivery_date) as order_estimated_delivery_date,
    _ingested_at::timestamp_ntz as ingested_at
from olist_dw.raw.raw_olist_orders


where _ingested_at::timestamp_ntz > (select max(ingested_at) from OLIST_DW.bronze.br_olist_orders)

  )
/* {"app": "dbt", "dbt_version": "1.12.0", "profile_name": "dbt_olist_data_model", "target_name": "dev", "node_id": "model.dbt_olist_data_model.br_olist_orders"} */;
[0m10:23:59.684347 [debug] [Thread-2 (]: SQL status: SUCCESS 1 in 0.501 seconds
[0m10:23:59.687497 [debug] [Thread-2 (]: Using snowflake connection "model.dbt_olist_data_model.br_olist_orders"
[0m10:23:59.689127 [debug] [Thread-2 (]: On model.dbt_olist_data_model.br_olist_orders: describe table OLIST_DW.bronze.br_olist_orders__dbt_tmp
/* {"app": "dbt", "dbt_version": "1.12.0", "profile_name": "dbt_olist_data_model", "target_name": "dev", "node_id": "model.dbt_olist_data_model.br_olist_orders"} */
[0m10:24:00.090694 [debug] [Thread-2 (]: SQL status: SUCCESS 9 in 0.400 seconds
[0m10:24:00.094688 [debug] [Thread-2 (]: Using snowflake connection "model.dbt_olist_data_model.br_olist_orders"
[0m10:24:00.095653 [debug] [Thread-2 (]: On model.dbt_olist_data_model.br_olist_orders: describe table OLIST_DW.bronze.br_olist_orders
/* {"app": "dbt", "dbt_version": "1.12.0", "profile_name": "dbt_olist_data_model", "target_name": "dev", "node_id": "model.dbt_olist_data_model.br_olist_orders"} */
[0m10:24:00.644411 [debug] [Thread-2 (]: SQL status: SUCCESS 9 in 0.547 seconds
[0m10:24:00.651187 [debug] [Thread-2 (]: Using snowflake connection "model.dbt_olist_data_model.br_olist_orders"
[0m10:24:00.652187 [debug] [Thread-2 (]: On model.dbt_olist_data_model.br_olist_orders: describe table "OLIST_DW"."BRONZE"."BR_OLIST_ORDERS"
/* {"app": "dbt", "dbt_version": "1.12.0", "profile_name": "dbt_olist_data_model", "target_name": "dev", "node_id": "model.dbt_olist_data_model.br_olist_orders"} */
[0m10:24:01.207534 [debug] [Thread-2 (]: SQL status: SUCCESS 9 in 0.554 seconds
[0m10:24:01.214531 [debug] [Thread-2 (]: Writing runtime sql for node "model.dbt_olist_data_model.br_olist_orders"
[0m10:24:01.220567 [debug] [Thread-2 (]: Using snowflake connection "model.dbt_olist_data_model.br_olist_orders"
[0m10:24:01.222572 [debug] [Thread-2 (]: On model.dbt_olist_data_model.br_olist_orders: -- back compat for old kwarg name
  
  begin
/* {"app": "dbt", "dbt_version": "1.12.0", "profile_name": "dbt_olist_data_model", "target_name": "dev", "node_id": "model.dbt_olist_data_model.br_olist_orders"} */;
[0m10:24:01.834960 [debug] [Thread-2 (]: SQL status: SUCCESS 1 in 0.611 seconds
[0m10:24:01.835954 [debug] [Thread-2 (]: Using snowflake connection "model.dbt_olist_data_model.br_olist_orders"
[0m10:24:01.836957 [debug] [Thread-2 (]: On model.dbt_olist_data_model.br_olist_orders: merge into OLIST_DW.bronze.br_olist_orders as DBT_INTERNAL_DEST
        using OLIST_DW.bronze.br_olist_orders__dbt_tmp as DBT_INTERNAL_SOURCE
        on ((DBT_INTERNAL_SOURCE.order_id = DBT_INTERNAL_DEST.order_id))

    
    when matched then update set
        "ORDER_ID" = DBT_INTERNAL_SOURCE."ORDER_ID","CUSTOMER_ID" = DBT_INTERNAL_SOURCE."CUSTOMER_ID","ORDER_STATUS" = DBT_INTERNAL_SOURCE."ORDER_STATUS","ORDER_PURCHASE_TIMESTAMP" = DBT_INTERNAL_SOURCE."ORDER_PURCHASE_TIMESTAMP","ORDER_APPROVED_AT" = DBT_INTERNAL_SOURCE."ORDER_APPROVED_AT","ORDER_DELIVERED_CARRIER_DATE" = DBT_INTERNAL_SOURCE."ORDER_DELIVERED_CARRIER_DATE","ORDER_DELIVERED_CUSTOMER_DATE" = DBT_INTERNAL_SOURCE."ORDER_DELIVERED_CUSTOMER_DATE","ORDER_ESTIMATED_DELIVERY_DATE" = DBT_INTERNAL_SOURCE."ORDER_ESTIMATED_DELIVERY_DATE","INGESTED_AT" = DBT_INTERNAL_SOURCE."INGESTED_AT"
    

    when not matched then insert
        ("ORDER_ID", "CUSTOMER_ID", "ORDER_STATUS", "ORDER_PURCHASE_TIMESTAMP", "ORDER_APPROVED_AT", "ORDER_DELIVERED_CARRIER_DATE", "ORDER_DELIVERED_CUSTOMER_DATE", "ORDER_ESTIMATED_DELIVERY_DATE", "INGESTED_AT")
    values
        ("ORDER_ID", "CUSTOMER_ID", "ORDER_STATUS", "ORDER_PURCHASE_TIMESTAMP", "ORDER_APPROVED_AT", "ORDER_DELIVERED_CARRIER_DATE", "ORDER_DELIVERED_CUSTOMER_DATE", "ORDER_ESTIMATED_DELIVERY_DATE", "INGESTED_AT")


/* {"app": "dbt", "dbt_version": "1.12.0", "profile_name": "dbt_olist_data_model", "target_name": "dev", "node_id": "model.dbt_olist_data_model.br_olist_orders"} */;
[0m10:24:04.523671 [debug] [Thread-2 (]: SQL status: SUCCESS 0 in 2.684 seconds
[0m10:24:04.524629 [debug] [Thread-2 (]: Using snowflake connection "model.dbt_olist_data_model.br_olist_orders"
[0m10:24:04.525600 [debug] [Thread-2 (]: On model.dbt_olist_data_model.br_olist_orders: COMMIT
/* {"app": "dbt", "dbt_version": "1.12.0", "profile_name": "dbt_olist_data_model", "target_name": "dev", "node_id": "model.dbt_olist_data_model.br_olist_orders"} */
[0m10:24:05.155236 [debug] [Thread-2 (]: SQL status: SUCCESS 1 in 0.627 seconds
[0m10:24:05.167240 [debug] [Thread-2 (]: Applying DROP to: OLIST_DW.bronze.br_olist_orders__dbt_tmp
[0m10:24:05.173173 [debug] [Thread-2 (]: Using snowflake connection "model.dbt_olist_data_model.br_olist_orders"
[0m10:24:05.174398 [debug] [Thread-2 (]: On model.dbt_olist_data_model.br_olist_orders: drop view if exists OLIST_DW.bronze.br_olist_orders__dbt_tmp cascade
/* {"app": "dbt", "dbt_version": "1.12.0", "profile_name": "dbt_olist_data_model", "target_name": "dev", "node_id": "model.dbt_olist_data_model.br_olist_orders"} */
[0m10:24:10.670396 [debug] [Thread-2 (]: SQL status: SUCCESS 1 in 5.494 seconds
[0m10:24:10.673376 [debug] [Thread-2 (]: Sending event: {'category': 'dbt', 'action': 'run_model', 'label': '4fe2c6c3-25d4-4a15-9422-861e4cac0d03', 'context': [<snowplow_tracker.self_describing_json.SelfDescribingJson object at 0x000001DC9528E390>]}
[0m10:24:10.675593 [info ] [Thread-2 (]: 6 of 25 OK created sql incremental model bronze.br_olist_orders ................ [[32mSUCCESS 0[0m in 11.52s]
[0m10:24:10.677592 [debug] [Thread-2 (]: Finished running node model.dbt_olist_data_model.br_olist_orders
[0m10:24:10.678603 [debug] [Thread-2 (]: Began running node model.dbt_olist_data_model.br_olist_product_category_translation
[0m10:24:10.680589 [info ] [Thread-2 (]: 7 of 25 START sql incremental model bronze.br_olist_product_category_translation  [RUN]
[0m10:24:10.682592 [debug] [Thread-2 (]: Re-using an available connection from the pool (formerly model.dbt_olist_data_model.br_olist_orders, now model.dbt_olist_data_model.br_olist_product_category_translation)
[0m10:24:10.685597 [debug] [Thread-2 (]: Began compiling node model.dbt_olist_data_model.br_olist_product_category_translation
[0m10:24:10.690589 [debug] [Thread-2 (]: Writing injected SQL for node "model.dbt_olist_data_model.br_olist_product_category_translation"
[0m10:24:10.692585 [debug] [Thread-2 (]: Began executing node model.dbt_olist_data_model.br_olist_product_category_translation
[0m10:24:10.697616 [debug] [Thread-2 (]: Using snowflake connection "model.dbt_olist_data_model.br_olist_product_category_translation"
[0m10:24:10.700588 [debug] [Thread-2 (]: On model.dbt_olist_data_model.br_olist_product_category_translation: create or replace  temporary view OLIST_DW.bronze.br_olist_product_category_translation__dbt_tmp
  
  
  
  
  as (
    

select
    product_category_id::number as product_category_id,
    product_category_name,
    product_category_name_english,
    _ingested_at::timestamp_ntz as ingested_at
from olist_dw.raw.raw_olist_product_category_translation


where _ingested_at::timestamp_ntz > (select max(ingested_at) from OLIST_DW.bronze.br_olist_product_category_translation)

  )
/* {"app": "dbt", "dbt_version": "1.12.0", "profile_name": "dbt_olist_data_model", "target_name": "dev", "node_id": "model.dbt_olist_data_model.br_olist_product_category_translation"} */;
[0m10:24:11.473255 [debug] [Thread-2 (]: SQL status: SUCCESS 1 in 0.770 seconds
[0m10:24:11.477208 [debug] [Thread-2 (]: Using snowflake connection "model.dbt_olist_data_model.br_olist_product_category_translation"
[0m10:24:11.478207 [debug] [Thread-2 (]: On model.dbt_olist_data_model.br_olist_product_category_translation: describe table OLIST_DW.bronze.br_olist_product_category_translation__dbt_tmp
/* {"app": "dbt", "dbt_version": "1.12.0", "profile_name": "dbt_olist_data_model", "target_name": "dev", "node_id": "model.dbt_olist_data_model.br_olist_product_category_translation"} */
[0m10:24:11.983695 [debug] [Thread-2 (]: SQL status: SUCCESS 4 in 0.504 seconds
[0m10:24:11.987689 [debug] [Thread-2 (]: Using snowflake connection "model.dbt_olist_data_model.br_olist_product_category_translation"
[0m10:24:11.988692 [debug] [Thread-2 (]: On model.dbt_olist_data_model.br_olist_product_category_translation: describe table OLIST_DW.bronze.br_olist_product_category_translation
/* {"app": "dbt", "dbt_version": "1.12.0", "profile_name": "dbt_olist_data_model", "target_name": "dev", "node_id": "model.dbt_olist_data_model.br_olist_product_category_translation"} */
[0m10:24:12.305796 [debug] [Thread-2 (]: SQL status: SUCCESS 4 in 0.315 seconds
[0m10:24:12.311797 [debug] [Thread-2 (]: Using snowflake connection "model.dbt_olist_data_model.br_olist_product_category_translation"
[0m10:24:12.313796 [debug] [Thread-2 (]: On model.dbt_olist_data_model.br_olist_product_category_translation: describe table "OLIST_DW"."BRONZE"."BR_OLIST_PRODUCT_CATEGORY_TRANSLATION"
/* {"app": "dbt", "dbt_version": "1.12.0", "profile_name": "dbt_olist_data_model", "target_name": "dev", "node_id": "model.dbt_olist_data_model.br_olist_product_category_translation"} */
[0m10:24:14.705303 [debug] [Thread-2 (]: SQL status: SUCCESS 4 in 2.389 seconds
[0m10:24:14.713325 [debug] [Thread-2 (]: Writing runtime sql for node "model.dbt_olist_data_model.br_olist_product_category_translation"
[0m10:24:14.721319 [debug] [Thread-2 (]: Using snowflake connection "model.dbt_olist_data_model.br_olist_product_category_translation"
[0m10:24:14.723327 [debug] [Thread-2 (]: On model.dbt_olist_data_model.br_olist_product_category_translation: -- back compat for old kwarg name
  
  begin
/* {"app": "dbt", "dbt_version": "1.12.0", "profile_name": "dbt_olist_data_model", "target_name": "dev", "node_id": "model.dbt_olist_data_model.br_olist_product_category_translation"} */;
[0m10:24:15.048002 [debug] [Thread-2 (]: SQL status: SUCCESS 1 in 0.323 seconds
[0m10:24:15.049997 [debug] [Thread-2 (]: Using snowflake connection "model.dbt_olist_data_model.br_olist_product_category_translation"
[0m10:24:15.050958 [debug] [Thread-2 (]: On model.dbt_olist_data_model.br_olist_product_category_translation: merge into OLIST_DW.bronze.br_olist_product_category_translation as DBT_INTERNAL_DEST
        using OLIST_DW.bronze.br_olist_product_category_translation__dbt_tmp as DBT_INTERNAL_SOURCE
        on ((DBT_INTERNAL_SOURCE.product_category_id = DBT_INTERNAL_DEST.product_category_id))

    
    when matched then update set
        "PRODUCT_CATEGORY_ID" = DBT_INTERNAL_SOURCE."PRODUCT_CATEGORY_ID","PRODUCT_CATEGORY_NAME" = DBT_INTERNAL_SOURCE."PRODUCT_CATEGORY_NAME","PRODUCT_CATEGORY_NAME_ENGLISH" = DBT_INTERNAL_SOURCE."PRODUCT_CATEGORY_NAME_ENGLISH","INGESTED_AT" = DBT_INTERNAL_SOURCE."INGESTED_AT"
    

    when not matched then insert
        ("PRODUCT_CATEGORY_ID", "PRODUCT_CATEGORY_NAME", "PRODUCT_CATEGORY_NAME_ENGLISH", "INGESTED_AT")
    values
        ("PRODUCT_CATEGORY_ID", "PRODUCT_CATEGORY_NAME", "PRODUCT_CATEGORY_NAME_ENGLISH", "INGESTED_AT")


/* {"app": "dbt", "dbt_version": "1.12.0", "profile_name": "dbt_olist_data_model", "target_name": "dev", "node_id": "model.dbt_olist_data_model.br_olist_product_category_translation"} */;
[0m10:24:18.239930 [debug] [Thread-2 (]: SQL status: SUCCESS 0 in 3.187 seconds
[0m10:24:18.242929 [debug] [Thread-2 (]: Using snowflake connection "model.dbt_olist_data_model.br_olist_product_category_translation"
[0m10:24:18.245924 [debug] [Thread-2 (]: On model.dbt_olist_data_model.br_olist_product_category_translation: COMMIT
/* {"app": "dbt", "dbt_version": "1.12.0", "profile_name": "dbt_olist_data_model", "target_name": "dev", "node_id": "model.dbt_olist_data_model.br_olist_product_category_translation"} */
[0m10:24:18.886504 [debug] [Thread-2 (]: SQL status: SUCCESS 1 in 0.639 seconds
[0m10:24:18.889449 [debug] [Thread-2 (]: Applying DROP to: OLIST_DW.bronze.br_olist_product_category_translation__dbt_tmp
[0m10:24:18.892420 [debug] [Thread-2 (]: Using snowflake connection "model.dbt_olist_data_model.br_olist_product_category_translation"
[0m10:24:18.893413 [debug] [Thread-2 (]: On model.dbt_olist_data_model.br_olist_product_category_translation: drop view if exists OLIST_DW.bronze.br_olist_product_category_translation__dbt_tmp cascade
/* {"app": "dbt", "dbt_version": "1.12.0", "profile_name": "dbt_olist_data_model", "target_name": "dev", "node_id": "model.dbt_olist_data_model.br_olist_product_category_translation"} */
[0m10:24:19.543345 [debug] [Thread-2 (]: SQL status: SUCCESS 1 in 0.648 seconds
[0m10:24:19.550343 [debug] [Thread-2 (]: Sending event: {'category': 'dbt', 'action': 'run_model', 'label': '4fe2c6c3-25d4-4a15-9422-861e4cac0d03', 'context': [<snowplow_tracker.self_describing_json.SelfDescribingJson object at 0x000001DC96620D50>]}
[0m10:24:19.553339 [info ] [Thread-2 (]: 7 of 25 OK created sql incremental model bronze.br_olist_product_category_translation  [[32mSUCCESS 0[0m in 8.87s]
[0m10:24:19.559339 [debug] [Thread-2 (]: Finished running node model.dbt_olist_data_model.br_olist_product_category_translation
[0m10:24:19.562344 [debug] [Thread-2 (]: Began running node model.dbt_olist_data_model.br_olist_products
[0m10:24:19.565342 [info ] [Thread-2 (]: 8 of 25 START sql incremental model bronze.br_olist_products ................... [RUN]
[0m10:24:19.567343 [debug] [Thread-2 (]: Re-using an available connection from the pool (formerly model.dbt_olist_data_model.br_olist_product_category_translation, now model.dbt_olist_data_model.br_olist_products)
[0m10:24:19.570346 [debug] [Thread-2 (]: Began compiling node model.dbt_olist_data_model.br_olist_products
[0m10:24:19.583343 [debug] [Thread-2 (]: Writing injected SQL for node "model.dbt_olist_data_model.br_olist_products"
[0m10:24:19.587342 [debug] [Thread-2 (]: Began executing node model.dbt_olist_data_model.br_olist_products
[0m10:24:19.607339 [debug] [Thread-2 (]: Using snowflake connection "model.dbt_olist_data_model.br_olist_products"
[0m10:24:19.609338 [debug] [Thread-2 (]: On model.dbt_olist_data_model.br_olist_products: create or replace  temporary view OLIST_DW.bronze.br_olist_products__dbt_tmp
  
  
  
  
  as (
    

select
    product_id,
    product_category_name,
    try_to_number(product_name_lenght) as product_name_length,
    try_to_number(product_description_lenght) as product_description_length,
    try_to_number(product_photos_qty) as product_photos_qty,
    try_to_number(product_weight_g) as product_weight_g,
    try_to_number(product_length_cm) as product_length_cm,
    try_to_number(product_height_cm) as product_height_cm,
    try_to_number(product_width_cm) as product_width_cm,
    _ingested_at::timestamp_ntz as ingested_at
from olist_dw.raw.raw_olist_products


where _ingested_at::timestamp_ntz > (select max(ingested_at) from OLIST_DW.bronze.br_olist_products)

  )
/* {"app": "dbt", "dbt_version": "1.12.0", "profile_name": "dbt_olist_data_model", "target_name": "dev", "node_id": "model.dbt_olist_data_model.br_olist_products"} */;
[0m10:24:20.109348 [debug] [Thread-2 (]: SQL status: SUCCESS 1 in 0.499 seconds
[0m10:24:20.115346 [debug] [Thread-2 (]: Using snowflake connection "model.dbt_olist_data_model.br_olist_products"
[0m10:24:20.118340 [debug] [Thread-2 (]: On model.dbt_olist_data_model.br_olist_products: describe table OLIST_DW.bronze.br_olist_products__dbt_tmp
/* {"app": "dbt", "dbt_version": "1.12.0", "profile_name": "dbt_olist_data_model", "target_name": "dev", "node_id": "model.dbt_olist_data_model.br_olist_products"} */
[0m10:24:20.529958 [debug] [Thread-2 (]: SQL status: SUCCESS 10 in 0.410 seconds
[0m10:24:20.533959 [debug] [Thread-2 (]: Using snowflake connection "model.dbt_olist_data_model.br_olist_products"
[0m10:24:20.534953 [debug] [Thread-2 (]: On model.dbt_olist_data_model.br_olist_products: describe table OLIST_DW.bronze.br_olist_products
/* {"app": "dbt", "dbt_version": "1.12.0", "profile_name": "dbt_olist_data_model", "target_name": "dev", "node_id": "model.dbt_olist_data_model.br_olist_products"} */
[0m10:24:20.980385 [debug] [Thread-2 (]: SQL status: SUCCESS 10 in 0.443 seconds
[0m10:24:20.984378 [debug] [Thread-2 (]: Using snowflake connection "model.dbt_olist_data_model.br_olist_products"
[0m10:24:20.985386 [debug] [Thread-2 (]: On model.dbt_olist_data_model.br_olist_products: describe table "OLIST_DW"."BRONZE"."BR_OLIST_PRODUCTS"
/* {"app": "dbt", "dbt_version": "1.12.0", "profile_name": "dbt_olist_data_model", "target_name": "dev", "node_id": "model.dbt_olist_data_model.br_olist_products"} */
[0m10:24:21.290974 [debug] [Thread-2 (]: SQL status: SUCCESS 10 in 0.303 seconds
[0m10:24:21.310964 [debug] [Thread-2 (]: Writing runtime sql for node "model.dbt_olist_data_model.br_olist_products"
[0m10:24:21.318377 [debug] [Thread-2 (]: Using snowflake connection "model.dbt_olist_data_model.br_olist_products"
[0m10:24:21.320384 [debug] [Thread-2 (]: On model.dbt_olist_data_model.br_olist_products: -- back compat for old kwarg name
  
  begin
/* {"app": "dbt", "dbt_version": "1.12.0", "profile_name": "dbt_olist_data_model", "target_name": "dev", "node_id": "model.dbt_olist_data_model.br_olist_products"} */;
[0m10:24:21.922411 [debug] [Thread-2 (]: SQL status: SUCCESS 1 in 0.601 seconds
[0m10:24:21.923399 [debug] [Thread-2 (]: Using snowflake connection "model.dbt_olist_data_model.br_olist_products"
[0m10:24:21.925373 [debug] [Thread-2 (]: On model.dbt_olist_data_model.br_olist_products: merge into OLIST_DW.bronze.br_olist_products as DBT_INTERNAL_DEST
        using OLIST_DW.bronze.br_olist_products__dbt_tmp as DBT_INTERNAL_SOURCE
        on ((DBT_INTERNAL_SOURCE.product_id = DBT_INTERNAL_DEST.product_id))

    
    when matched then update set
        "PRODUCT_ID" = DBT_INTERNAL_SOURCE."PRODUCT_ID","PRODUCT_CATEGORY_NAME" = DBT_INTERNAL_SOURCE."PRODUCT_CATEGORY_NAME","PRODUCT_NAME_LENGTH" = DBT_INTERNAL_SOURCE."PRODUCT_NAME_LENGTH","PRODUCT_DESCRIPTION_LENGTH" = DBT_INTERNAL_SOURCE."PRODUCT_DESCRIPTION_LENGTH","PRODUCT_PHOTOS_QTY" = DBT_INTERNAL_SOURCE."PRODUCT_PHOTOS_QTY","PRODUCT_WEIGHT_G" = DBT_INTERNAL_SOURCE."PRODUCT_WEIGHT_G","PRODUCT_LENGTH_CM" = DBT_INTERNAL_SOURCE."PRODUCT_LENGTH_CM","PRODUCT_HEIGHT_CM" = DBT_INTERNAL_SOURCE."PRODUCT_HEIGHT_CM","PRODUCT_WIDTH_CM" = DBT_INTERNAL_SOURCE."PRODUCT_WIDTH_CM","INGESTED_AT" = DBT_INTERNAL_SOURCE."INGESTED_AT"
    

    when not matched then insert
        ("PRODUCT_ID", "PRODUCT_CATEGORY_NAME", "PRODUCT_NAME_LENGTH", "PRODUCT_DESCRIPTION_LENGTH", "PRODUCT_PHOTOS_QTY", "PRODUCT_WEIGHT_G", "PRODUCT_LENGTH_CM", "PRODUCT_HEIGHT_CM", "PRODUCT_WIDTH_CM", "INGESTED_AT")
    values
        ("PRODUCT_ID", "PRODUCT_CATEGORY_NAME", "PRODUCT_NAME_LENGTH", "PRODUCT_DESCRIPTION_LENGTH", "PRODUCT_PHOTOS_QTY", "PRODUCT_WEIGHT_G", "PRODUCT_LENGTH_CM", "PRODUCT_HEIGHT_CM", "PRODUCT_WIDTH_CM", "INGESTED_AT")


/* {"app": "dbt", "dbt_version": "1.12.0", "profile_name": "dbt_olist_data_model", "target_name": "dev", "node_id": "model.dbt_olist_data_model.br_olist_products"} */;
[0m10:24:23.282548 [debug] [Thread-2 (]: SQL status: SUCCESS 0 in 1.355 seconds
[0m10:24:23.285552 [debug] [Thread-2 (]: Using snowflake connection "model.dbt_olist_data_model.br_olist_products"
[0m10:24:23.291489 [debug] [Thread-2 (]: On model.dbt_olist_data_model.br_olist_products: COMMIT
/* {"app": "dbt", "dbt_version": "1.12.0", "profile_name": "dbt_olist_data_model", "target_name": "dev", "node_id": "model.dbt_olist_data_model.br_olist_products"} */
[0m10:24:23.863143 [debug] [Thread-2 (]: SQL status: SUCCESS 1 in 0.567 seconds
[0m10:24:23.867129 [debug] [Thread-2 (]: Applying DROP to: OLIST_DW.bronze.br_olist_products__dbt_tmp
[0m10:24:23.870095 [debug] [Thread-2 (]: Using snowflake connection "model.dbt_olist_data_model.br_olist_products"
[0m10:24:23.871093 [debug] [Thread-2 (]: On model.dbt_olist_data_model.br_olist_products: drop view if exists OLIST_DW.bronze.br_olist_products__dbt_tmp cascade
/* {"app": "dbt", "dbt_version": "1.12.0", "profile_name": "dbt_olist_data_model", "target_name": "dev", "node_id": "model.dbt_olist_data_model.br_olist_products"} */
[0m10:24:24.500866 [debug] [Thread-2 (]: SQL status: SUCCESS 1 in 0.628 seconds
[0m10:24:24.516806 [debug] [Thread-2 (]: Sending event: {'category': 'dbt', 'action': 'run_model', 'label': '4fe2c6c3-25d4-4a15-9422-861e4cac0d03', 'context': [<snowplow_tracker.self_describing_json.SelfDescribingJson object at 0x000001DC96803810>]}
[0m10:24:24.519785 [info ] [Thread-2 (]: 8 of 25 OK created sql incremental model bronze.br_olist_products .............. [[32mSUCCESS 0[0m in 4.95s]
[0m10:24:24.523784 [debug] [Thread-2 (]: Finished running node model.dbt_olist_data_model.br_olist_products
[0m10:24:24.526785 [debug] [Thread-2 (]: Began running node model.dbt_olist_data_model.br_olist_sellers
[0m10:24:24.529778 [info ] [Thread-2 (]: 9 of 25 START sql incremental model bronze.br_olist_sellers .................... [RUN]
[0m10:24:24.532780 [debug] [Thread-2 (]: Re-using an available connection from the pool (formerly model.dbt_olist_data_model.br_olist_products, now model.dbt_olist_data_model.br_olist_sellers)
[0m10:24:24.534778 [debug] [Thread-2 (]: Began compiling node model.dbt_olist_data_model.br_olist_sellers
[0m10:24:24.549777 [debug] [Thread-2 (]: Writing injected SQL for node "model.dbt_olist_data_model.br_olist_sellers"
[0m10:24:24.552774 [debug] [Thread-2 (]: Began executing node model.dbt_olist_data_model.br_olist_sellers
[0m10:24:24.564773 [debug] [Thread-2 (]: Using snowflake connection "model.dbt_olist_data_model.br_olist_sellers"
[0m10:24:24.566773 [debug] [Thread-2 (]: On model.dbt_olist_data_model.br_olist_sellers: create or replace  temporary view OLIST_DW.bronze.br_olist_sellers__dbt_tmp
  
  
  
  
  as (
    

select
    seller_id,
    seller_zip_code_prefix,
    seller_city,
    seller_state,
    _ingested_at::timestamp_ntz as ingested_at
from olist_dw.raw.raw_olist_sellers


where _ingested_at::timestamp_ntz > (select max(ingested_at) from OLIST_DW.bronze.br_olist_sellers)

  )
/* {"app": "dbt", "dbt_version": "1.12.0", "profile_name": "dbt_olist_data_model", "target_name": "dev", "node_id": "model.dbt_olist_data_model.br_olist_sellers"} */;
[0m10:24:25.029606 [debug] [Thread-2 (]: SQL status: SUCCESS 1 in 0.460 seconds
[0m10:24:25.037605 [debug] [Thread-2 (]: Using snowflake connection "model.dbt_olist_data_model.br_olist_sellers"
[0m10:24:25.043606 [debug] [Thread-2 (]: On model.dbt_olist_data_model.br_olist_sellers: describe table OLIST_DW.bronze.br_olist_sellers__dbt_tmp
/* {"app": "dbt", "dbt_version": "1.12.0", "profile_name": "dbt_olist_data_model", "target_name": "dev", "node_id": "model.dbt_olist_data_model.br_olist_sellers"} */
[0m10:24:25.309197 [debug] [Thread-2 (]: SQL status: SUCCESS 5 in 0.263 seconds
[0m10:24:25.332254 [debug] [Thread-2 (]: Using snowflake connection "model.dbt_olist_data_model.br_olist_sellers"
[0m10:24:25.338199 [debug] [Thread-2 (]: On model.dbt_olist_data_model.br_olist_sellers: describe table OLIST_DW.bronze.br_olist_sellers
/* {"app": "dbt", "dbt_version": "1.12.0", "profile_name": "dbt_olist_data_model", "target_name": "dev", "node_id": "model.dbt_olist_data_model.br_olist_sellers"} */
[0m10:24:25.683078 [debug] [Thread-2 (]: SQL status: SUCCESS 5 in 0.340 seconds
[0m10:24:25.687073 [debug] [Thread-2 (]: Using snowflake connection "model.dbt_olist_data_model.br_olist_sellers"
[0m10:24:25.688386 [debug] [Thread-2 (]: On model.dbt_olist_data_model.br_olist_sellers: describe table "OLIST_DW"."BRONZE"."BR_OLIST_SELLERS"
/* {"app": "dbt", "dbt_version": "1.12.0", "profile_name": "dbt_olist_data_model", "target_name": "dev", "node_id": "model.dbt_olist_data_model.br_olist_sellers"} */
[0m10:24:25.989502 [debug] [Thread-2 (]: SQL status: SUCCESS 5 in 0.300 seconds
[0m10:24:25.996494 [debug] [Thread-2 (]: Writing runtime sql for node "model.dbt_olist_data_model.br_olist_sellers"
[0m10:24:26.001531 [debug] [Thread-2 (]: Using snowflake connection "model.dbt_olist_data_model.br_olist_sellers"
[0m10:24:26.002498 [debug] [Thread-2 (]: On model.dbt_olist_data_model.br_olist_sellers: -- back compat for old kwarg name
  
  begin
/* {"app": "dbt", "dbt_version": "1.12.0", "profile_name": "dbt_olist_data_model", "target_name": "dev", "node_id": "model.dbt_olist_data_model.br_olist_sellers"} */;
[0m10:24:26.554213 [debug] [Thread-2 (]: SQL status: SUCCESS 1 in 0.550 seconds
[0m10:24:26.556208 [debug] [Thread-2 (]: Using snowflake connection "model.dbt_olist_data_model.br_olist_sellers"
[0m10:24:26.558217 [debug] [Thread-2 (]: On model.dbt_olist_data_model.br_olist_sellers: merge into OLIST_DW.bronze.br_olist_sellers as DBT_INTERNAL_DEST
        using OLIST_DW.bronze.br_olist_sellers__dbt_tmp as DBT_INTERNAL_SOURCE
        on ((DBT_INTERNAL_SOURCE.seller_id = DBT_INTERNAL_DEST.seller_id))

    
    when matched then update set
        "SELLER_ID" = DBT_INTERNAL_SOURCE."SELLER_ID","SELLER_ZIP_CODE_PREFIX" = DBT_INTERNAL_SOURCE."SELLER_ZIP_CODE_PREFIX","SELLER_CITY" = DBT_INTERNAL_SOURCE."SELLER_CITY","SELLER_STATE" = DBT_INTERNAL_SOURCE."SELLER_STATE","INGESTED_AT" = DBT_INTERNAL_SOURCE."INGESTED_AT"
    

    when not matched then insert
        ("SELLER_ID", "SELLER_ZIP_CODE_PREFIX", "SELLER_CITY", "SELLER_STATE", "INGESTED_AT")
    values
        ("SELLER_ID", "SELLER_ZIP_CODE_PREFIX", "SELLER_CITY", "SELLER_STATE", "INGESTED_AT")


/* {"app": "dbt", "dbt_version": "1.12.0", "profile_name": "dbt_olist_data_model", "target_name": "dev", "node_id": "model.dbt_olist_data_model.br_olist_sellers"} */;
[0m10:24:28.684596 [debug] [Thread-2 (]: SQL status: SUCCESS 0 in 2.125 seconds
[0m10:24:28.685589 [debug] [Thread-2 (]: Using snowflake connection "model.dbt_olist_data_model.br_olist_sellers"
[0m10:24:28.686548 [debug] [Thread-2 (]: On model.dbt_olist_data_model.br_olist_sellers: COMMIT
/* {"app": "dbt", "dbt_version": "1.12.0", "profile_name": "dbt_olist_data_model", "target_name": "dev", "node_id": "model.dbt_olist_data_model.br_olist_sellers"} */
[0m10:24:29.550330 [debug] [Thread-2 (]: SQL status: SUCCESS 1 in 0.861 seconds
[0m10:24:29.562317 [debug] [Thread-2 (]: Applying DROP to: OLIST_DW.bronze.br_olist_sellers__dbt_tmp
[0m10:24:29.567313 [debug] [Thread-2 (]: Using snowflake connection "model.dbt_olist_data_model.br_olist_sellers"
[0m10:24:29.569312 [debug] [Thread-2 (]: On model.dbt_olist_data_model.br_olist_sellers: drop view if exists OLIST_DW.bronze.br_olist_sellers__dbt_tmp cascade
/* {"app": "dbt", "dbt_version": "1.12.0", "profile_name": "dbt_olist_data_model", "target_name": "dev", "node_id": "model.dbt_olist_data_model.br_olist_sellers"} */
[0m10:24:30.037564 [debug] [Thread-2 (]: SQL status: SUCCESS 1 in 0.466 seconds
[0m10:24:30.051569 [debug] [Thread-2 (]: Sending event: {'category': 'dbt', 'action': 'run_model', 'label': '4fe2c6c3-25d4-4a15-9422-861e4cac0d03', 'context': [<snowplow_tracker.self_describing_json.SelfDescribingJson object at 0x000001DC8E28D450>]}
[0m10:24:30.058438 [info ] [Thread-2 (]: 9 of 25 OK created sql incremental model bronze.br_olist_sellers ............... [[32mSUCCESS 0[0m in 5.52s]
[0m10:24:30.066259 [debug] [Thread-2 (]: Finished running node model.dbt_olist_data_model.br_olist_sellers
[0m10:24:30.072288 [debug] [Thread-2 (]: Began running node model.dbt_olist_data_model.slv_customers
[0m10:24:30.077265 [info ] [Thread-2 (]: 10 of 25 START sql incremental model silver.slv_customers ...................... [RUN]
[0m10:24:30.084261 [debug] [Thread-2 (]: Re-using an available connection from the pool (formerly model.dbt_olist_data_model.br_olist_sellers, now model.dbt_olist_data_model.slv_customers)
[0m10:24:30.090254 [debug] [Thread-2 (]: Began compiling node model.dbt_olist_data_model.slv_customers
[0m10:24:30.105253 [debug] [Thread-2 (]: Writing injected SQL for node "model.dbt_olist_data_model.slv_customers"
[0m10:24:30.113280 [debug] [Thread-2 (]: Began executing node model.dbt_olist_data_model.slv_customers
[0m10:24:30.128278 [debug] [Thread-2 (]: Using snowflake connection "model.dbt_olist_data_model.slv_customers"
[0m10:24:30.130248 [debug] [Thread-2 (]: On model.dbt_olist_data_model.slv_customers: create or replace  temporary view OLIST_DW.silver.slv_customers__dbt_tmp
  
  
  
  
  as (
    

select
    customer_id,
    customer_unique_id,

    case
        when customer_zip_code_prefix is null then 'Unknown'
        else customer_zip_code_prefix
    end as customer_zip_code_prefix,

    case
        when customer_city is null then 'Unknown'
        when customer_city regexp '^[0-9].*' then 'Unknown'
        else initcap(trim(customer_city))
    end as customer_city,

    case
        when customer_state is null then 'Unknown'
        when customer_state regexp '^[0-9].*' then 'Unknown'
        else upper(trim(customer_state))
    end as customer_state,

    ingested_at
from OLIST_DW.bronze.br_olist_customers


where ingested_at > (select max(ingested_at) from OLIST_DW.silver.slv_customers)

  )
/* {"app": "dbt", "dbt_version": "1.12.0", "profile_name": "dbt_olist_data_model", "target_name": "dev", "node_id": "model.dbt_olist_data_model.slv_customers"} */;
[0m10:24:30.835518 [debug] [Thread-2 (]: SQL status: SUCCESS 1 in 0.703 seconds
[0m10:24:30.849502 [debug] [Thread-2 (]: Using snowflake connection "model.dbt_olist_data_model.slv_customers"
[0m10:24:30.855504 [debug] [Thread-2 (]: On model.dbt_olist_data_model.slv_customers: describe table OLIST_DW.silver.slv_customers__dbt_tmp
/* {"app": "dbt", "dbt_version": "1.12.0", "profile_name": "dbt_olist_data_model", "target_name": "dev", "node_id": "model.dbt_olist_data_model.slv_customers"} */
[0m10:24:31.233523 [debug] [Thread-2 (]: SQL status: SUCCESS 6 in 0.375 seconds
[0m10:24:31.237513 [debug] [Thread-2 (]: Using snowflake connection "model.dbt_olist_data_model.slv_customers"
[0m10:24:31.238483 [debug] [Thread-2 (]: On model.dbt_olist_data_model.slv_customers: describe table OLIST_DW.silver.slv_customers
/* {"app": "dbt", "dbt_version": "1.12.0", "profile_name": "dbt_olist_data_model", "target_name": "dev", "node_id": "model.dbt_olist_data_model.slv_customers"} */
[0m10:24:31.519311 [debug] [Thread-2 (]: SQL status: SUCCESS 6 in 0.279 seconds
[0m10:24:31.532300 [debug] [Thread-2 (]: Using snowflake connection "model.dbt_olist_data_model.slv_customers"
[0m10:24:31.534299 [debug] [Thread-2 (]: On model.dbt_olist_data_model.slv_customers: describe table "OLIST_DW"."SILVER"."SLV_CUSTOMERS"
/* {"app": "dbt", "dbt_version": "1.12.0", "profile_name": "dbt_olist_data_model", "target_name": "dev", "node_id": "model.dbt_olist_data_model.slv_customers"} */
[0m10:24:31.810937 [debug] [Thread-2 (]: SQL status: SUCCESS 6 in 0.275 seconds
[0m10:24:31.822981 [debug] [Thread-2 (]: Writing runtime sql for node "model.dbt_olist_data_model.slv_customers"
[0m10:24:31.829476 [debug] [Thread-2 (]: Using snowflake connection "model.dbt_olist_data_model.slv_customers"
[0m10:24:31.831452 [debug] [Thread-2 (]: On model.dbt_olist_data_model.slv_customers: -- back compat for old kwarg name
  
  begin
/* {"app": "dbt", "dbt_version": "1.12.0", "profile_name": "dbt_olist_data_model", "target_name": "dev", "node_id": "model.dbt_olist_data_model.slv_customers"} */;
[0m10:24:32.157410 [debug] [Thread-2 (]: SQL status: SUCCESS 1 in 0.324 seconds
[0m10:24:32.159413 [debug] [Thread-2 (]: Using snowflake connection "model.dbt_olist_data_model.slv_customers"
[0m10:24:32.161376 [debug] [Thread-2 (]: On model.dbt_olist_data_model.slv_customers: merge into OLIST_DW.silver.slv_customers as DBT_INTERNAL_DEST
        using OLIST_DW.silver.slv_customers__dbt_tmp as DBT_INTERNAL_SOURCE
        on ((DBT_INTERNAL_SOURCE.customer_id = DBT_INTERNAL_DEST.customer_id))

    
    when matched then update set
        "CUSTOMER_ID" = DBT_INTERNAL_SOURCE."CUSTOMER_ID","CUSTOMER_UNIQUE_ID" = DBT_INTERNAL_SOURCE."CUSTOMER_UNIQUE_ID","CUSTOMER_ZIP_CODE_PREFIX" = DBT_INTERNAL_SOURCE."CUSTOMER_ZIP_CODE_PREFIX","CUSTOMER_CITY" = DBT_INTERNAL_SOURCE."CUSTOMER_CITY","CUSTOMER_STATE" = DBT_INTERNAL_SOURCE."CUSTOMER_STATE","INGESTED_AT" = DBT_INTERNAL_SOURCE."INGESTED_AT"
    

    when not matched then insert
        ("CUSTOMER_ID", "CUSTOMER_UNIQUE_ID", "CUSTOMER_ZIP_CODE_PREFIX", "CUSTOMER_CITY", "CUSTOMER_STATE", "INGESTED_AT")
    values
        ("CUSTOMER_ID", "CUSTOMER_UNIQUE_ID", "CUSTOMER_ZIP_CODE_PREFIX", "CUSTOMER_CITY", "CUSTOMER_STATE", "INGESTED_AT")


/* {"app": "dbt", "dbt_version": "1.12.0", "profile_name": "dbt_olist_data_model", "target_name": "dev", "node_id": "model.dbt_olist_data_model.slv_customers"} */;
[0m10:24:33.768785 [debug] [Thread-2 (]: SQL status: SUCCESS 0 in 1.605 seconds
[0m10:24:33.769779 [debug] [Thread-2 (]: Using snowflake connection "model.dbt_olist_data_model.slv_customers"
[0m10:24:33.770743 [debug] [Thread-2 (]: On model.dbt_olist_data_model.slv_customers: COMMIT
/* {"app": "dbt", "dbt_version": "1.12.0", "profile_name": "dbt_olist_data_model", "target_name": "dev", "node_id": "model.dbt_olist_data_model.slv_customers"} */
[0m10:24:34.774100 [debug] [Thread-2 (]: SQL status: SUCCESS 1 in 1.001 seconds
[0m10:24:34.778097 [debug] [Thread-2 (]: Applying DROP to: OLIST_DW.silver.slv_customers__dbt_tmp
[0m10:24:34.781097 [debug] [Thread-2 (]: Using snowflake connection "model.dbt_olist_data_model.slv_customers"
[0m10:24:34.782062 [debug] [Thread-2 (]: On model.dbt_olist_data_model.slv_customers: drop view if exists OLIST_DW.silver.slv_customers__dbt_tmp cascade
/* {"app": "dbt", "dbt_version": "1.12.0", "profile_name": "dbt_olist_data_model", "target_name": "dev", "node_id": "model.dbt_olist_data_model.slv_customers"} */
[0m10:24:35.109756 [debug] [Thread-2 (]: SQL status: SUCCESS 1 in 0.325 seconds
[0m10:24:35.124746 [debug] [Thread-2 (]: Sending event: {'category': 'dbt', 'action': 'run_model', 'label': '4fe2c6c3-25d4-4a15-9422-861e4cac0d03', 'context': [<snowplow_tracker.self_describing_json.SelfDescribingJson object at 0x000001DC952D2F50>]}
[0m10:24:35.128749 [info ] [Thread-2 (]: 10 of 25 OK created sql incremental model silver.slv_customers ................. [[32mSUCCESS 0[0m in 5.04s]
[0m10:24:35.132734 [debug] [Thread-2 (]: Finished running node model.dbt_olist_data_model.slv_customers
[0m10:24:35.135732 [debug] [Thread-2 (]: Began running node model.dbt_olist_data_model.slv_geolocation
[0m10:24:35.138734 [info ] [Thread-2 (]: 11 of 25 START sql incremental model silver.slv_geolocation .................... [RUN]
[0m10:24:35.141733 [debug] [Thread-2 (]: Re-using an available connection from the pool (formerly model.dbt_olist_data_model.slv_customers, now model.dbt_olist_data_model.slv_geolocation)
[0m10:24:35.143730 [debug] [Thread-2 (]: Began compiling node model.dbt_olist_data_model.slv_geolocation
[0m10:24:35.149731 [debug] [Thread-2 (]: Writing injected SQL for node "model.dbt_olist_data_model.slv_geolocation"
[0m10:24:35.151731 [debug] [Thread-2 (]: Began executing node model.dbt_olist_data_model.slv_geolocation
[0m10:24:35.161764 [debug] [Thread-2 (]: Using snowflake connection "model.dbt_olist_data_model.slv_geolocation"
[0m10:24:35.163735 [debug] [Thread-2 (]: On model.dbt_olist_data_model.slv_geolocation: create or replace  temporary view OLIST_DW.silver.slv_geolocation__dbt_tmp
  
  
  
  
  as (
    

select
    geolocation_id,

    case
        when geolocation_zip_code_prefix is null then 'Unknown'
        else geolocation_zip_code_prefix
    end as geolocation_zip_code_prefix,

    geolocation_lat,
    geolocation_lng,

    case
        when geolocation_city is null then 'Unknown'
        when geolocation_city regexp '^[0-9].*' then 'Unknown'
        else initcap(trim(geolocation_city))
    end as geolocation_city,

    case
        when geolocation_state is null then 'Unknown'
        when geolocation_state regexp '^[0-9].*' then 'Unknown'
        else upper(trim(geolocation_state))
    end as geolocation_state,

    ingested_at
from OLIST_DW.bronze.br_olist_geolocation


where ingested_at > (select max(ingested_at) from OLIST_DW.silver.slv_geolocation)

  )
/* {"app": "dbt", "dbt_version": "1.12.0", "profile_name": "dbt_olist_data_model", "target_name": "dev", "node_id": "model.dbt_olist_data_model.slv_geolocation"} */;
[0m10:24:35.698193 [debug] [Thread-2 (]: SQL status: SUCCESS 1 in 0.533 seconds
[0m10:24:35.704190 [debug] [Thread-2 (]: Using snowflake connection "model.dbt_olist_data_model.slv_geolocation"
[0m10:24:35.709191 [debug] [Thread-2 (]: On model.dbt_olist_data_model.slv_geolocation: describe table OLIST_DW.silver.slv_geolocation__dbt_tmp
/* {"app": "dbt", "dbt_version": "1.12.0", "profile_name": "dbt_olist_data_model", "target_name": "dev", "node_id": "model.dbt_olist_data_model.slv_geolocation"} */
[0m10:24:36.026580 [debug] [Thread-2 (]: SQL status: SUCCESS 7 in 0.316 seconds
[0m10:24:36.035362 [debug] [Thread-2 (]: Using snowflake connection "model.dbt_olist_data_model.slv_geolocation"
[0m10:24:36.070844 [debug] [Thread-2 (]: On model.dbt_olist_data_model.slv_geolocation: describe table OLIST_DW.silver.slv_geolocation
/* {"app": "dbt", "dbt_version": "1.12.0", "profile_name": "dbt_olist_data_model", "target_name": "dev", "node_id": "model.dbt_olist_data_model.slv_geolocation"} */
[0m10:24:38.700072 [debug] [Thread-2 (]: SQL status: SUCCESS 7 in 2.590 seconds
[0m10:24:38.723057 [debug] [Thread-2 (]: Using snowflake connection "model.dbt_olist_data_model.slv_geolocation"
[0m10:24:38.726064 [debug] [Thread-2 (]: On model.dbt_olist_data_model.slv_geolocation: describe table "OLIST_DW"."SILVER"."SLV_GEOLOCATION"
/* {"app": "dbt", "dbt_version": "1.12.0", "profile_name": "dbt_olist_data_model", "target_name": "dev", "node_id": "model.dbt_olist_data_model.slv_geolocation"} */
[0m10:24:39.059056 [debug] [Thread-2 (]: SQL status: SUCCESS 7 in 0.331 seconds
[0m10:24:39.066059 [debug] [Thread-2 (]: Writing runtime sql for node "model.dbt_olist_data_model.slv_geolocation"
[0m10:24:39.079203 [debug] [Thread-2 (]: Using snowflake connection "model.dbt_olist_data_model.slv_geolocation"
[0m10:24:39.080205 [debug] [Thread-2 (]: On model.dbt_olist_data_model.slv_geolocation: -- back compat for old kwarg name
  
  begin
/* {"app": "dbt", "dbt_version": "1.12.0", "profile_name": "dbt_olist_data_model", "target_name": "dev", "node_id": "model.dbt_olist_data_model.slv_geolocation"} */;
[0m10:24:39.495203 [debug] [Thread-2 (]: SQL status: SUCCESS 1 in 0.413 seconds
[0m10:24:39.498206 [debug] [Thread-2 (]: Using snowflake connection "model.dbt_olist_data_model.slv_geolocation"
[0m10:24:39.502166 [debug] [Thread-2 (]: On model.dbt_olist_data_model.slv_geolocation: merge into OLIST_DW.silver.slv_geolocation as DBT_INTERNAL_DEST
        using OLIST_DW.silver.slv_geolocation__dbt_tmp as DBT_INTERNAL_SOURCE
        on ((DBT_INTERNAL_SOURCE.geolocation_id = DBT_INTERNAL_DEST.geolocation_id))

    
    when matched then update set
        "GEOLOCATION_ID" = DBT_INTERNAL_SOURCE."GEOLOCATION_ID","GEOLOCATION_ZIP_CODE_PREFIX" = DBT_INTERNAL_SOURCE."GEOLOCATION_ZIP_CODE_PREFIX","GEOLOCATION_LAT" = DBT_INTERNAL_SOURCE."GEOLOCATION_LAT","GEOLOCATION_LNG" = DBT_INTERNAL_SOURCE."GEOLOCATION_LNG","GEOLOCATION_CITY" = DBT_INTERNAL_SOURCE."GEOLOCATION_CITY","GEOLOCATION_STATE" = DBT_INTERNAL_SOURCE."GEOLOCATION_STATE","INGESTED_AT" = DBT_INTERNAL_SOURCE."INGESTED_AT"
    

    when not matched then insert
        ("GEOLOCATION_ID", "GEOLOCATION_ZIP_CODE_PREFIX", "GEOLOCATION_LAT", "GEOLOCATION_LNG", "GEOLOCATION_CITY", "GEOLOCATION_STATE", "INGESTED_AT")
    values
        ("GEOLOCATION_ID", "GEOLOCATION_ZIP_CODE_PREFIX", "GEOLOCATION_LAT", "GEOLOCATION_LNG", "GEOLOCATION_CITY", "GEOLOCATION_STATE", "INGESTED_AT")


/* {"app": "dbt", "dbt_version": "1.12.0", "profile_name": "dbt_olist_data_model", "target_name": "dev", "node_id": "model.dbt_olist_data_model.slv_geolocation"} */;
[0m10:24:48.264654 [debug] [Thread-2 (]: SQL status: SUCCESS 0 in 8.757 seconds
[0m10:24:48.266644 [debug] [Thread-2 (]: Using snowflake connection "model.dbt_olist_data_model.slv_geolocation"
[0m10:24:48.267643 [debug] [Thread-2 (]: On model.dbt_olist_data_model.slv_geolocation: COMMIT
/* {"app": "dbt", "dbt_version": "1.12.0", "profile_name": "dbt_olist_data_model", "target_name": "dev", "node_id": "model.dbt_olist_data_model.slv_geolocation"} */
[0m10:24:48.618248 [debug] [Thread-2 (]: SQL status: SUCCESS 1 in 0.349 seconds
[0m10:24:48.621247 [debug] [Thread-2 (]: Applying DROP to: OLIST_DW.silver.slv_geolocation__dbt_tmp
[0m10:24:48.623250 [debug] [Thread-2 (]: Using snowflake connection "model.dbt_olist_data_model.slv_geolocation"
[0m10:24:48.625249 [debug] [Thread-2 (]: On model.dbt_olist_data_model.slv_geolocation: drop view if exists OLIST_DW.silver.slv_geolocation__dbt_tmp cascade
/* {"app": "dbt", "dbt_version": "1.12.0", "profile_name": "dbt_olist_data_model", "target_name": "dev", "node_id": "model.dbt_olist_data_model.slv_geolocation"} */
[0m10:24:49.866784 [debug] [Thread-2 (]: SQL status: SUCCESS 1 in 1.241 seconds
[0m10:24:49.875807 [debug] [Thread-2 (]: Sending event: {'category': 'dbt', 'action': 'run_model', 'label': '4fe2c6c3-25d4-4a15-9422-861e4cac0d03', 'context': [<snowplow_tracker.self_describing_json.SelfDescribingJson object at 0x000001DC968925D0>]}
[0m10:24:49.877772 [info ] [Thread-2 (]: 11 of 25 OK created sql incremental model silver.slv_geolocation ............... [[32mSUCCESS 0[0m in 14.73s]
[0m10:24:49.880778 [debug] [Thread-2 (]: Finished running node model.dbt_olist_data_model.slv_geolocation
[0m10:24:49.881770 [debug] [Thread-2 (]: Began running node model.dbt_olist_data_model.slv_order_items
[0m10:24:49.884809 [info ] [Thread-2 (]: 12 of 25 START sql incremental model silver.slv_order_items .................... [RUN]
[0m10:24:49.887771 [debug] [Thread-2 (]: Re-using an available connection from the pool (formerly model.dbt_olist_data_model.slv_geolocation, now model.dbt_olist_data_model.slv_order_items)
[0m10:24:49.889776 [debug] [Thread-2 (]: Began compiling node model.dbt_olist_data_model.slv_order_items
[0m10:24:49.903808 [debug] [Thread-2 (]: Writing injected SQL for node "model.dbt_olist_data_model.slv_order_items"
[0m10:24:49.906775 [debug] [Thread-2 (]: Began executing node model.dbt_olist_data_model.slv_order_items
[0m10:24:49.919804 [debug] [Thread-2 (]: Using snowflake connection "model.dbt_olist_data_model.slv_order_items"
[0m10:24:49.921773 [debug] [Thread-2 (]: On model.dbt_olist_data_model.slv_order_items: create or replace  temporary view OLIST_DW.silver.slv_order_items__dbt_tmp
  
  
  
  
  as (
    

select
    order_id,
    order_item_id,

    case
        when product_id is null then 'Unknown'
        else product_id
    end as product_id,

    case
        when seller_id is null then 'Unknown'
        else seller_id
    end as seller_id,

    shipping_limit_date,
    price,
    freight_value,
    ingested_at
from OLIST_DW.bronze.br_olist_order_items


where ingested_at > (select max(ingested_at) from OLIST_DW.silver.slv_order_items)

  )
/* {"app": "dbt", "dbt_version": "1.12.0", "profile_name": "dbt_olist_data_model", "target_name": "dev", "node_id": "model.dbt_olist_data_model.slv_order_items"} */;
[0m10:24:50.487780 [debug] [Thread-2 (]: SQL status: SUCCESS 1 in 0.563 seconds
[0m10:24:50.491805 [debug] [Thread-2 (]: Using snowflake connection "model.dbt_olist_data_model.slv_order_items"
[0m10:24:50.493771 [debug] [Thread-2 (]: On model.dbt_olist_data_model.slv_order_items: describe table OLIST_DW.silver.slv_order_items__dbt_tmp
/* {"app": "dbt", "dbt_version": "1.12.0", "profile_name": "dbt_olist_data_model", "target_name": "dev", "node_id": "model.dbt_olist_data_model.slv_order_items"} */
[0m10:24:50.785965 [debug] [Thread-2 (]: SQL status: SUCCESS 8 in 0.290 seconds
[0m10:24:50.789965 [debug] [Thread-2 (]: Using snowflake connection "model.dbt_olist_data_model.slv_order_items"
[0m10:24:50.791966 [debug] [Thread-2 (]: On model.dbt_olist_data_model.slv_order_items: describe table OLIST_DW.silver.slv_order_items
/* {"app": "dbt", "dbt_version": "1.12.0", "profile_name": "dbt_olist_data_model", "target_name": "dev", "node_id": "model.dbt_olist_data_model.slv_order_items"} */
[0m10:24:51.060820 [debug] [Thread-2 (]: SQL status: SUCCESS 8 in 0.267 seconds
[0m10:24:51.067779 [debug] [Thread-2 (]: Using snowflake connection "model.dbt_olist_data_model.slv_order_items"
[0m10:24:51.070530 [debug] [Thread-2 (]: On model.dbt_olist_data_model.slv_order_items: describe table "OLIST_DW"."SILVER"."SLV_ORDER_ITEMS"
/* {"app": "dbt", "dbt_version": "1.12.0", "profile_name": "dbt_olist_data_model", "target_name": "dev", "node_id": "model.dbt_olist_data_model.slv_order_items"} */
[0m10:24:52.112353 [debug] [Thread-2 (]: SQL status: SUCCESS 8 in 1.039 seconds
[0m10:24:52.128340 [debug] [Thread-2 (]: Writing runtime sql for node "model.dbt_olist_data_model.slv_order_items"
[0m10:24:52.136731 [debug] [Thread-2 (]: Using snowflake connection "model.dbt_olist_data_model.slv_order_items"
[0m10:24:52.138731 [debug] [Thread-2 (]: On model.dbt_olist_data_model.slv_order_items: -- back compat for old kwarg name
  
  begin
/* {"app": "dbt", "dbt_version": "1.12.0", "profile_name": "dbt_olist_data_model", "target_name": "dev", "node_id": "model.dbt_olist_data_model.slv_order_items"} */;
[0m10:24:52.452603 [debug] [Thread-2 (]: SQL status: SUCCESS 1 in 0.312 seconds
[0m10:24:52.453602 [debug] [Thread-2 (]: Using snowflake connection "model.dbt_olist_data_model.slv_order_items"
[0m10:24:52.455606 [debug] [Thread-2 (]: On model.dbt_olist_data_model.slv_order_items: merge into OLIST_DW.silver.slv_order_items as DBT_INTERNAL_DEST
        using OLIST_DW.silver.slv_order_items__dbt_tmp as DBT_INTERNAL_SOURCE
        on (
                    DBT_INTERNAL_SOURCE.order_id = DBT_INTERNAL_DEST.order_id
                ) and (
                    DBT_INTERNAL_SOURCE.order_item_id = DBT_INTERNAL_DEST.order_item_id
                )

    
    when matched then update set
        "ORDER_ID" = DBT_INTERNAL_SOURCE."ORDER_ID","ORDER_ITEM_ID" = DBT_INTERNAL_SOURCE."ORDER_ITEM_ID","PRODUCT_ID" = DBT_INTERNAL_SOURCE."PRODUCT_ID","SELLER_ID" = DBT_INTERNAL_SOURCE."SELLER_ID","SHIPPING_LIMIT_DATE" = DBT_INTERNAL_SOURCE."SHIPPING_LIMIT_DATE","PRICE" = DBT_INTERNAL_SOURCE."PRICE","FREIGHT_VALUE" = DBT_INTERNAL_SOURCE."FREIGHT_VALUE","INGESTED_AT" = DBT_INTERNAL_SOURCE."INGESTED_AT"
    

    when not matched then insert
        ("ORDER_ID", "ORDER_ITEM_ID", "PRODUCT_ID", "SELLER_ID", "SHIPPING_LIMIT_DATE", "PRICE", "FREIGHT_VALUE", "INGESTED_AT")
    values
        ("ORDER_ID", "ORDER_ITEM_ID", "PRODUCT_ID", "SELLER_ID", "SHIPPING_LIMIT_DATE", "PRICE", "FREIGHT_VALUE", "INGESTED_AT")


/* {"app": "dbt", "dbt_version": "1.12.0", "profile_name": "dbt_olist_data_model", "target_name": "dev", "node_id": "model.dbt_olist_data_model.slv_order_items"} */;
[0m10:24:53.078094 [debug] [Thread-2 (]: SQL status: SUCCESS 0 in 0.621 seconds
[0m10:24:53.079095 [debug] [Thread-2 (]: Using snowflake connection "model.dbt_olist_data_model.slv_order_items"
[0m10:24:53.081089 [debug] [Thread-2 (]: On model.dbt_olist_data_model.slv_order_items: COMMIT
/* {"app": "dbt", "dbt_version": "1.12.0", "profile_name": "dbt_olist_data_model", "target_name": "dev", "node_id": "model.dbt_olist_data_model.slv_order_items"} */
[0m10:24:53.416384 [debug] [Thread-2 (]: SQL status: SUCCESS 1 in 0.333 seconds
[0m10:24:53.422383 [debug] [Thread-2 (]: Applying DROP to: OLIST_DW.silver.slv_order_items__dbt_tmp
[0m10:24:53.425349 [debug] [Thread-2 (]: Using snowflake connection "model.dbt_olist_data_model.slv_order_items"
[0m10:24:53.427348 [debug] [Thread-2 (]: On model.dbt_olist_data_model.slv_order_items: drop view if exists OLIST_DW.silver.slv_order_items__dbt_tmp cascade
/* {"app": "dbt", "dbt_version": "1.12.0", "profile_name": "dbt_olist_data_model", "target_name": "dev", "node_id": "model.dbt_olist_data_model.slv_order_items"} */
[0m10:24:53.748412 [debug] [Thread-2 (]: SQL status: SUCCESS 1 in 0.319 seconds
[0m10:24:53.760378 [debug] [Thread-2 (]: Sending event: {'category': 'dbt', 'action': 'run_model', 'label': '4fe2c6c3-25d4-4a15-9422-861e4cac0d03', 'context': [<snowplow_tracker.self_describing_json.SelfDescribingJson object at 0x000001DC9528E250>]}
[0m10:24:53.763224 [info ] [Thread-2 (]: 12 of 25 OK created sql incremental model silver.slv_order_items ............... [[32mSUCCESS 0[0m in 3.87s]
[0m10:24:53.766604 [debug] [Thread-2 (]: Finished running node model.dbt_olist_data_model.slv_order_items
[0m10:24:53.768797 [debug] [Thread-2 (]: Began running node model.dbt_olist_data_model.slv_order_payments
[0m10:24:53.770800 [info ] [Thread-2 (]: 13 of 25 START sql incremental model silver.slv_order_payments ................. [RUN]
[0m10:24:53.772797 [debug] [Thread-2 (]: Re-using an available connection from the pool (formerly model.dbt_olist_data_model.slv_order_items, now model.dbt_olist_data_model.slv_order_payments)
[0m10:24:53.775800 [debug] [Thread-2 (]: Began compiling node model.dbt_olist_data_model.slv_order_payments
[0m10:24:53.785798 [debug] [Thread-2 (]: Writing injected SQL for node "model.dbt_olist_data_model.slv_order_payments"
[0m10:24:53.788792 [debug] [Thread-2 (]: Began executing node model.dbt_olist_data_model.slv_order_payments
[0m10:24:53.796802 [debug] [Thread-2 (]: Using snowflake connection "model.dbt_olist_data_model.slv_order_payments"
[0m10:24:53.801832 [debug] [Thread-2 (]: On model.dbt_olist_data_model.slv_order_payments: create or replace  temporary view OLIST_DW.silver.slv_order_payments__dbt_tmp
  
  
  
  
  as (
    

select
    payment_id,

    case
        when order_id is null then 'Unknown'
        else order_id
    end as order_id,

    payment_sequential,

    case
        when payment_type is null then 'Unknown'
        when payment_type regexp '^[0-9].*' then 'Unknown'
        else payment_type
    end as payment_type,

    payment_installments,
    payment_value,
    ingested_at
from OLIST_DW.bronze.br_olist_order_payments


where ingested_at > (select max(ingested_at) from OLIST_DW.silver.slv_order_payments)

  )
/* {"app": "dbt", "dbt_version": "1.12.0", "profile_name": "dbt_olist_data_model", "target_name": "dev", "node_id": "model.dbt_olist_data_model.slv_order_payments"} */;
[0m10:24:54.301586 [debug] [Thread-2 (]: SQL status: SUCCESS 1 in 0.497 seconds
[0m10:24:54.306631 [debug] [Thread-2 (]: Using snowflake connection "model.dbt_olist_data_model.slv_order_payments"
[0m10:24:54.308349 [debug] [Thread-2 (]: On model.dbt_olist_data_model.slv_order_payments: describe table OLIST_DW.silver.slv_order_payments__dbt_tmp
/* {"app": "dbt", "dbt_version": "1.12.0", "profile_name": "dbt_olist_data_model", "target_name": "dev", "node_id": "model.dbt_olist_data_model.slv_order_payments"} */
[0m10:24:54.560775 [debug] [Thread-2 (]: SQL status: SUCCESS 7 in 0.250 seconds
[0m10:24:54.567771 [debug] [Thread-2 (]: Using snowflake connection "model.dbt_olist_data_model.slv_order_payments"
[0m10:24:54.569731 [debug] [Thread-2 (]: On model.dbt_olist_data_model.slv_order_payments: describe table OLIST_DW.silver.slv_order_payments
/* {"app": "dbt", "dbt_version": "1.12.0", "profile_name": "dbt_olist_data_model", "target_name": "dev", "node_id": "model.dbt_olist_data_model.slv_order_payments"} */
[0m10:24:54.827191 [debug] [Thread-2 (]: SQL status: SUCCESS 7 in 0.255 seconds
[0m10:24:54.842160 [debug] [Thread-2 (]: Using snowflake connection "model.dbt_olist_data_model.slv_order_payments"
[0m10:24:54.844952 [debug] [Thread-2 (]: On model.dbt_olist_data_model.slv_order_payments: describe table "OLIST_DW"."SILVER"."SLV_ORDER_PAYMENTS"
/* {"app": "dbt", "dbt_version": "1.12.0", "profile_name": "dbt_olist_data_model", "target_name": "dev", "node_id": "model.dbt_olist_data_model.slv_order_payments"} */
[0m10:24:56.899531 [debug] [Thread-2 (]: SQL status: SUCCESS 7 in 2.051 seconds
[0m10:24:56.913501 [debug] [Thread-2 (]: Writing runtime sql for node "model.dbt_olist_data_model.slv_order_payments"
[0m10:24:56.922829 [debug] [Thread-2 (]: Using snowflake connection "model.dbt_olist_data_model.slv_order_payments"
[0m10:24:56.924799 [debug] [Thread-2 (]: On model.dbt_olist_data_model.slv_order_payments: -- back compat for old kwarg name
  
  begin
/* {"app": "dbt", "dbt_version": "1.12.0", "profile_name": "dbt_olist_data_model", "target_name": "dev", "node_id": "model.dbt_olist_data_model.slv_order_payments"} */;
[0m10:24:57.818638 [debug] [Thread-2 (]: SQL status: SUCCESS 1 in 0.893 seconds
[0m10:24:57.820619 [debug] [Thread-2 (]: Using snowflake connection "model.dbt_olist_data_model.slv_order_payments"
[0m10:24:57.821583 [debug] [Thread-2 (]: On model.dbt_olist_data_model.slv_order_payments: merge into OLIST_DW.silver.slv_order_payments as DBT_INTERNAL_DEST
        using OLIST_DW.silver.slv_order_payments__dbt_tmp as DBT_INTERNAL_SOURCE
        on ((DBT_INTERNAL_SOURCE.payment_id = DBT_INTERNAL_DEST.payment_id))

    
    when matched then update set
        "PAYMENT_ID" = DBT_INTERNAL_SOURCE."PAYMENT_ID","ORDER_ID" = DBT_INTERNAL_SOURCE."ORDER_ID","PAYMENT_SEQUENTIAL" = DBT_INTERNAL_SOURCE."PAYMENT_SEQUENTIAL","PAYMENT_TYPE" = DBT_INTERNAL_SOURCE."PAYMENT_TYPE","PAYMENT_INSTALLMENTS" = DBT_INTERNAL_SOURCE."PAYMENT_INSTALLMENTS","PAYMENT_VALUE" = DBT_INTERNAL_SOURCE."PAYMENT_VALUE","INGESTED_AT" = DBT_INTERNAL_SOURCE."INGESTED_AT"
    

    when not matched then insert
        ("PAYMENT_ID", "ORDER_ID", "PAYMENT_SEQUENTIAL", "PAYMENT_TYPE", "PAYMENT_INSTALLMENTS", "PAYMENT_VALUE", "INGESTED_AT")
    values
        ("PAYMENT_ID", "ORDER_ID", "PAYMENT_SEQUENTIAL", "PAYMENT_TYPE", "PAYMENT_INSTALLMENTS", "PAYMENT_VALUE", "INGESTED_AT")


/* {"app": "dbt", "dbt_version": "1.12.0", "profile_name": "dbt_olist_data_model", "target_name": "dev", "node_id": "model.dbt_olist_data_model.slv_order_payments"} */;
[0m10:24:58.302471 [debug] [Thread-2 (]: SQL status: SUCCESS 0 in 0.479 seconds
[0m10:24:58.303474 [debug] [Thread-2 (]: Using snowflake connection "model.dbt_olist_data_model.slv_order_payments"
[0m10:24:58.304272 [debug] [Thread-2 (]: On model.dbt_olist_data_model.slv_order_payments: COMMIT
/* {"app": "dbt", "dbt_version": "1.12.0", "profile_name": "dbt_olist_data_model", "target_name": "dev", "node_id": "model.dbt_olist_data_model.slv_order_payments"} */
[0m10:24:58.654224 [debug] [Thread-2 (]: SQL status: SUCCESS 1 in 0.348 seconds
[0m10:24:58.660094 [debug] [Thread-2 (]: Applying DROP to: OLIST_DW.silver.slv_order_payments__dbt_tmp
[0m10:24:58.663145 [debug] [Thread-2 (]: Using snowflake connection "model.dbt_olist_data_model.slv_order_payments"
[0m10:24:58.665724 [debug] [Thread-2 (]: On model.dbt_olist_data_model.slv_order_payments: drop view if exists OLIST_DW.silver.slv_order_payments__dbt_tmp cascade
/* {"app": "dbt", "dbt_version": "1.12.0", "profile_name": "dbt_olist_data_model", "target_name": "dev", "node_id": "model.dbt_olist_data_model.slv_order_payments"} */
[0m10:24:58.994388 [debug] [Thread-2 (]: SQL status: SUCCESS 1 in 0.327 seconds
[0m10:24:58.999384 [debug] [Thread-2 (]: Sending event: {'category': 'dbt', 'action': 'run_model', 'label': '4fe2c6c3-25d4-4a15-9422-861e4cac0d03', 'context': [<snowplow_tracker.self_describing_json.SelfDescribingJson object at 0x000001DC966FE090>]}
[0m10:24:59.002356 [info ] [Thread-2 (]: 13 of 25 OK created sql incremental model silver.slv_order_payments ............ [[32mSUCCESS 0[0m in 5.23s]
[0m10:24:59.005353 [debug] [Thread-2 (]: Finished running node model.dbt_olist_data_model.slv_order_payments
[0m10:24:59.007350 [debug] [Thread-2 (]: Began running node model.dbt_olist_data_model.slv_order_reviews
[0m10:24:59.009354 [info ] [Thread-2 (]: 14 of 25 START sql incremental model silver.slv_order_reviews .................. [RUN]
[0m10:24:59.011357 [debug] [Thread-2 (]: Re-using an available connection from the pool (formerly model.dbt_olist_data_model.slv_order_payments, now model.dbt_olist_data_model.slv_order_reviews)
[0m10:24:59.013350 [debug] [Thread-2 (]: Began compiling node model.dbt_olist_data_model.slv_order_reviews
[0m10:24:59.018349 [debug] [Thread-2 (]: Writing injected SQL for node "model.dbt_olist_data_model.slv_order_reviews"
[0m10:24:59.020356 [debug] [Thread-2 (]: Began executing node model.dbt_olist_data_model.slv_order_reviews
[0m10:24:59.032350 [debug] [Thread-2 (]: Using snowflake connection "model.dbt_olist_data_model.slv_order_reviews"
[0m10:24:59.034350 [debug] [Thread-2 (]: On model.dbt_olist_data_model.slv_order_reviews: create or replace  temporary view OLIST_DW.silver.slv_order_reviews__dbt_tmp
  
  
  
  
  as (
    

select
    review_pk_id,

    case
        when review_id is null then 'Unknown'
        else review_id
    end as review_id,

    case
        when order_id is null then 'Unknown'
        else order_id
    end as order_id,

    review_score,

    case
        when review_comment_title is null then 'Unknown'
        else review_comment_title
    end as review_comment_title,

    review_comment_message,

    case
        when review_comment_message is null then false
        when trim(review_comment_message) = '' then false
        else true
    end as has_comment,

    review_creation_date,
    review_answer_timestamp,
    ingested_at
from OLIST_DW.bronze.br_olist_order_reviews


where ingested_at > (select max(ingested_at) from OLIST_DW.silver.slv_order_reviews)

  )
/* {"app": "dbt", "dbt_version": "1.12.0", "profile_name": "dbt_olist_data_model", "target_name": "dev", "node_id": "model.dbt_olist_data_model.slv_order_reviews"} */;
[0m10:24:59.568658 [debug] [Thread-2 (]: SQL status: SUCCESS 1 in 0.533 seconds
[0m10:24:59.571647 [debug] [Thread-2 (]: Using snowflake connection "model.dbt_olist_data_model.slv_order_reviews"
[0m10:24:59.572613 [debug] [Thread-2 (]: On model.dbt_olist_data_model.slv_order_reviews: describe table OLIST_DW.silver.slv_order_reviews__dbt_tmp
/* {"app": "dbt", "dbt_version": "1.12.0", "profile_name": "dbt_olist_data_model", "target_name": "dev", "node_id": "model.dbt_olist_data_model.slv_order_reviews"} */
[0m10:24:59.862637 [debug] [Thread-2 (]: SQL status: SUCCESS 10 in 0.289 seconds
[0m10:24:59.870621 [debug] [Thread-2 (]: Using snowflake connection "model.dbt_olist_data_model.slv_order_reviews"
[0m10:24:59.871623 [debug] [Thread-2 (]: On model.dbt_olist_data_model.slv_order_reviews: describe table OLIST_DW.silver.slv_order_reviews
/* {"app": "dbt", "dbt_version": "1.12.0", "profile_name": "dbt_olist_data_model", "target_name": "dev", "node_id": "model.dbt_olist_data_model.slv_order_reviews"} */
[0m10:25:00.154084 [debug] [Thread-2 (]: SQL status: SUCCESS 10 in 0.279 seconds
[0m10:25:00.170121 [debug] [Thread-2 (]: Using snowflake connection "model.dbt_olist_data_model.slv_order_reviews"
[0m10:25:00.172123 [debug] [Thread-2 (]: On model.dbt_olist_data_model.slv_order_reviews: describe table "OLIST_DW"."SILVER"."SLV_ORDER_REVIEWS"
/* {"app": "dbt", "dbt_version": "1.12.0", "profile_name": "dbt_olist_data_model", "target_name": "dev", "node_id": "model.dbt_olist_data_model.slv_order_reviews"} */
[0m10:25:00.469022 [debug] [Thread-2 (]: SQL status: SUCCESS 10 in 0.294 seconds
[0m10:25:00.491977 [debug] [Thread-2 (]: Writing runtime sql for node "model.dbt_olist_data_model.slv_order_reviews"
[0m10:25:00.496975 [debug] [Thread-2 (]: Using snowflake connection "model.dbt_olist_data_model.slv_order_reviews"
[0m10:25:00.498976 [debug] [Thread-2 (]: On model.dbt_olist_data_model.slv_order_reviews: -- back compat for old kwarg name
  
  begin
/* {"app": "dbt", "dbt_version": "1.12.0", "profile_name": "dbt_olist_data_model", "target_name": "dev", "node_id": "model.dbt_olist_data_model.slv_order_reviews"} */;
[0m10:25:00.948082 [debug] [Thread-2 (]: SQL status: SUCCESS 1 in 0.448 seconds
[0m10:25:00.950096 [debug] [Thread-2 (]: Using snowflake connection "model.dbt_olist_data_model.slv_order_reviews"
[0m10:25:00.951931 [debug] [Thread-2 (]: On model.dbt_olist_data_model.slv_order_reviews: merge into OLIST_DW.silver.slv_order_reviews as DBT_INTERNAL_DEST
        using OLIST_DW.silver.slv_order_reviews__dbt_tmp as DBT_INTERNAL_SOURCE
        on ((DBT_INTERNAL_SOURCE.review_pk_id = DBT_INTERNAL_DEST.review_pk_id))

    
    when matched then update set
        "REVIEW_PK_ID" = DBT_INTERNAL_SOURCE."REVIEW_PK_ID","REVIEW_ID" = DBT_INTERNAL_SOURCE."REVIEW_ID","ORDER_ID" = DBT_INTERNAL_SOURCE."ORDER_ID","REVIEW_SCORE" = DBT_INTERNAL_SOURCE."REVIEW_SCORE","REVIEW_COMMENT_TITLE" = DBT_INTERNAL_SOURCE."REVIEW_COMMENT_TITLE","REVIEW_COMMENT_MESSAGE" = DBT_INTERNAL_SOURCE."REVIEW_COMMENT_MESSAGE","HAS_COMMENT" = DBT_INTERNAL_SOURCE."HAS_COMMENT","REVIEW_CREATION_DATE" = DBT_INTERNAL_SOURCE."REVIEW_CREATION_DATE","REVIEW_ANSWER_TIMESTAMP" = DBT_INTERNAL_SOURCE."REVIEW_ANSWER_TIMESTAMP","INGESTED_AT" = DBT_INTERNAL_SOURCE."INGESTED_AT"
    

    when not matched then insert
        ("REVIEW_PK_ID", "REVIEW_ID", "ORDER_ID", "REVIEW_SCORE", "REVIEW_COMMENT_TITLE", "REVIEW_COMMENT_MESSAGE", "HAS_COMMENT", "REVIEW_CREATION_DATE", "REVIEW_ANSWER_TIMESTAMP", "INGESTED_AT")
    values
        ("REVIEW_PK_ID", "REVIEW_ID", "ORDER_ID", "REVIEW_SCORE", "REVIEW_COMMENT_TITLE", "REVIEW_COMMENT_MESSAGE", "HAS_COMMENT", "REVIEW_CREATION_DATE", "REVIEW_ANSWER_TIMESTAMP", "INGESTED_AT")


/* {"app": "dbt", "dbt_version": "1.12.0", "profile_name": "dbt_olist_data_model", "target_name": "dev", "node_id": "model.dbt_olist_data_model.slv_order_reviews"} */;
[0m10:25:01.437292 [debug] [Thread-2 (]: SQL status: SUCCESS 0 in 0.483 seconds
[0m10:25:01.445288 [debug] [Thread-2 (]: Using snowflake connection "model.dbt_olist_data_model.slv_order_reviews"
[0m10:25:01.450228 [debug] [Thread-2 (]: On model.dbt_olist_data_model.slv_order_reviews: COMMIT
/* {"app": "dbt", "dbt_version": "1.12.0", "profile_name": "dbt_olist_data_model", "target_name": "dev", "node_id": "model.dbt_olist_data_model.slv_order_reviews"} */
[0m10:25:01.777942 [debug] [Thread-2 (]: SQL status: SUCCESS 1 in 0.324 seconds
[0m10:25:01.792923 [debug] [Thread-2 (]: Applying DROP to: OLIST_DW.silver.slv_order_reviews__dbt_tmp
[0m10:25:01.796981 [debug] [Thread-2 (]: Using snowflake connection "model.dbt_olist_data_model.slv_order_reviews"
[0m10:25:01.798982 [debug] [Thread-2 (]: On model.dbt_olist_data_model.slv_order_reviews: drop view if exists OLIST_DW.silver.slv_order_reviews__dbt_tmp cascade
/* {"app": "dbt", "dbt_version": "1.12.0", "profile_name": "dbt_olist_data_model", "target_name": "dev", "node_id": "model.dbt_olist_data_model.slv_order_reviews"} */
[0m10:25:02.248678 [debug] [Thread-2 (]: SQL status: SUCCESS 1 in 0.448 seconds
[0m10:25:02.251620 [debug] [Thread-2 (]: Sending event: {'category': 'dbt', 'action': 'run_model', 'label': '4fe2c6c3-25d4-4a15-9422-861e4cac0d03', 'context': [<snowplow_tracker.self_describing_json.SelfDescribingJson object at 0x000001DC966E8350>]}
[0m10:25:02.253584 [info ] [Thread-2 (]: 14 of 25 OK created sql incremental model silver.slv_order_reviews ............. [[32mSUCCESS 0[0m in 3.24s]
[0m10:25:02.255290 [debug] [Thread-2 (]: Finished running node model.dbt_olist_data_model.slv_order_reviews
[0m10:25:02.256880 [debug] [Thread-2 (]: Began running node model.dbt_olist_data_model.slv_orders
[0m10:25:02.257895 [info ] [Thread-2 (]: 15 of 25 START sql incremental model silver.slv_orders ......................... [RUN]
[0m10:25:02.260258 [debug] [Thread-2 (]: Re-using an available connection from the pool (formerly model.dbt_olist_data_model.slv_order_reviews, now model.dbt_olist_data_model.slv_orders)
[0m10:25:02.261558 [debug] [Thread-2 (]: Began compiling node model.dbt_olist_data_model.slv_orders
[0m10:25:02.270581 [debug] [Thread-2 (]: Writing injected SQL for node "model.dbt_olist_data_model.slv_orders"
[0m10:25:02.272569 [debug] [Thread-2 (]: Began executing node model.dbt_olist_data_model.slv_orders
[0m10:25:02.285567 [debug] [Thread-2 (]: Using snowflake connection "model.dbt_olist_data_model.slv_orders"
[0m10:25:02.286846 [debug] [Thread-2 (]: On model.dbt_olist_data_model.slv_orders: create or replace  temporary view OLIST_DW.silver.slv_orders__dbt_tmp
  
  
  
  
  as (
    

select
    order_id,
    customer_id,

    case
        when order_status is null then 'Unknown'
        when order_status regexp '^[0-9].*' then 'Unknown'
        else initcap(trim(order_status))
    end as order_status,

    order_purchase_timestamp,
    order_approved_at,
    order_delivered_carrier_date,
    order_delivered_customer_date,
    order_estimated_delivery_date,

    case
        when order_delivered_customer_date is not null then true
        else false
    end as is_delivered,

    case
        when order_delivered_customer_date is not null
             and order_delivered_customer_date > order_estimated_delivery_date
        then true
        else false
    end as is_late,

    datediff('day', order_purchase_timestamp, order_delivered_customer_date) as delivery_days,
    
    ingested_at
from OLIST_DW.bronze.br_olist_orders


where ingested_at > (select max(ingested_at) from OLIST_DW.silver.slv_orders)

  )
/* {"app": "dbt", "dbt_version": "1.12.0", "profile_name": "dbt_olist_data_model", "target_name": "dev", "node_id": "model.dbt_olist_data_model.slv_orders"} */;
[0m10:25:02.808257 [debug] [Thread-2 (]: SQL status: SUCCESS 1 in 0.519 seconds
[0m10:25:02.811209 [debug] [Thread-2 (]: Using snowflake connection "model.dbt_olist_data_model.slv_orders"
[0m10:25:02.812214 [debug] [Thread-2 (]: On model.dbt_olist_data_model.slv_orders: describe table OLIST_DW.silver.slv_orders__dbt_tmp
/* {"app": "dbt", "dbt_version": "1.12.0", "profile_name": "dbt_olist_data_model", "target_name": "dev", "node_id": "model.dbt_olist_data_model.slv_orders"} */
[0m10:25:03.146440 [debug] [Thread-2 (]: SQL status: SUCCESS 12 in 0.332 seconds
[0m10:25:03.153472 [debug] [Thread-2 (]: Using snowflake connection "model.dbt_olist_data_model.slv_orders"
[0m10:25:03.154439 [debug] [Thread-2 (]: On model.dbt_olist_data_model.slv_orders: describe table OLIST_DW.silver.slv_orders
/* {"app": "dbt", "dbt_version": "1.12.0", "profile_name": "dbt_olist_data_model", "target_name": "dev", "node_id": "model.dbt_olist_data_model.slv_orders"} */
[0m10:25:03.425924 [debug] [Thread-2 (]: SQL status: SUCCESS 12 in 0.269 seconds
[0m10:25:03.440913 [debug] [Thread-2 (]: Using snowflake connection "model.dbt_olist_data_model.slv_orders"
[0m10:25:03.443917 [debug] [Thread-2 (]: On model.dbt_olist_data_model.slv_orders: describe table "OLIST_DW"."SILVER"."SLV_ORDERS"
/* {"app": "dbt", "dbt_version": "1.12.0", "profile_name": "dbt_olist_data_model", "target_name": "dev", "node_id": "model.dbt_olist_data_model.slv_orders"} */
[0m10:25:03.873220 [debug] [Thread-2 (]: SQL status: SUCCESS 12 in 0.427 seconds
[0m10:25:03.893224 [debug] [Thread-2 (]: Writing runtime sql for node "model.dbt_olist_data_model.slv_orders"
[0m10:25:03.901156 [debug] [Thread-2 (]: Using snowflake connection "model.dbt_olist_data_model.slv_orders"
[0m10:25:03.902166 [debug] [Thread-2 (]: On model.dbt_olist_data_model.slv_orders: -- back compat for old kwarg name
  
  begin
/* {"app": "dbt", "dbt_version": "1.12.0", "profile_name": "dbt_olist_data_model", "target_name": "dev", "node_id": "model.dbt_olist_data_model.slv_orders"} */;
[0m10:25:04.408425 [debug] [Thread-2 (]: SQL status: SUCCESS 1 in 0.504 seconds
[0m10:25:04.409426 [debug] [Thread-2 (]: Using snowflake connection "model.dbt_olist_data_model.slv_orders"
[0m10:25:04.413425 [debug] [Thread-2 (]: On model.dbt_olist_data_model.slv_orders: merge into OLIST_DW.silver.slv_orders as DBT_INTERNAL_DEST
        using OLIST_DW.silver.slv_orders__dbt_tmp as DBT_INTERNAL_SOURCE
        on ((DBT_INTERNAL_SOURCE.order_id = DBT_INTERNAL_DEST.order_id))

    
    when matched then update set
        "ORDER_ID" = DBT_INTERNAL_SOURCE."ORDER_ID","CUSTOMER_ID" = DBT_INTERNAL_SOURCE."CUSTOMER_ID","ORDER_STATUS" = DBT_INTERNAL_SOURCE."ORDER_STATUS","ORDER_PURCHASE_TIMESTAMP" = DBT_INTERNAL_SOURCE."ORDER_PURCHASE_TIMESTAMP","ORDER_APPROVED_AT" = DBT_INTERNAL_SOURCE."ORDER_APPROVED_AT","ORDER_DELIVERED_CARRIER_DATE" = DBT_INTERNAL_SOURCE."ORDER_DELIVERED_CARRIER_DATE","ORDER_DELIVERED_CUSTOMER_DATE" = DBT_INTERNAL_SOURCE."ORDER_DELIVERED_CUSTOMER_DATE","ORDER_ESTIMATED_DELIVERY_DATE" = DBT_INTERNAL_SOURCE."ORDER_ESTIMATED_DELIVERY_DATE","IS_DELIVERED" = DBT_INTERNAL_SOURCE."IS_DELIVERED","IS_LATE" = DBT_INTERNAL_SOURCE."IS_LATE","DELIVERY_DAYS" = DBT_INTERNAL_SOURCE."DELIVERY_DAYS","INGESTED_AT" = DBT_INTERNAL_SOURCE."INGESTED_AT"
    

    when not matched then insert
        ("ORDER_ID", "CUSTOMER_ID", "ORDER_STATUS", "ORDER_PURCHASE_TIMESTAMP", "ORDER_APPROVED_AT", "ORDER_DELIVERED_CARRIER_DATE", "ORDER_DELIVERED_CUSTOMER_DATE", "ORDER_ESTIMATED_DELIVERY_DATE", "IS_DELIVERED", "IS_LATE", "DELIVERY_DAYS", "INGESTED_AT")
    values
        ("ORDER_ID", "CUSTOMER_ID", "ORDER_STATUS", "ORDER_PURCHASE_TIMESTAMP", "ORDER_APPROVED_AT", "ORDER_DELIVERED_CARRIER_DATE", "ORDER_DELIVERED_CUSTOMER_DATE", "ORDER_ESTIMATED_DELIVERY_DATE", "IS_DELIVERED", "IS_LATE", "DELIVERY_DAYS", "INGESTED_AT")


/* {"app": "dbt", "dbt_version": "1.12.0", "profile_name": "dbt_olist_data_model", "target_name": "dev", "node_id": "model.dbt_olist_data_model.slv_orders"} */;
[0m10:25:05.023021 [debug] [Thread-2 (]: SQL status: SUCCESS 0 in 0.608 seconds
[0m10:25:05.024030 [debug] [Thread-2 (]: Using snowflake connection "model.dbt_olist_data_model.slv_orders"
[0m10:25:05.026017 [debug] [Thread-2 (]: On model.dbt_olist_data_model.slv_orders: COMMIT
/* {"app": "dbt", "dbt_version": "1.12.0", "profile_name": "dbt_olist_data_model", "target_name": "dev", "node_id": "model.dbt_olist_data_model.slv_orders"} */
[0m10:25:05.371853 [debug] [Thread-2 (]: SQL status: SUCCESS 1 in 0.345 seconds
[0m10:25:05.378884 [debug] [Thread-2 (]: Applying DROP to: OLIST_DW.silver.slv_orders__dbt_tmp
[0m10:25:05.380848 [debug] [Thread-2 (]: Using snowflake connection "model.dbt_olist_data_model.slv_orders"
[0m10:25:05.382850 [debug] [Thread-2 (]: On model.dbt_olist_data_model.slv_orders: drop view if exists OLIST_DW.silver.slv_orders__dbt_tmp cascade
/* {"app": "dbt", "dbt_version": "1.12.0", "profile_name": "dbt_olist_data_model", "target_name": "dev", "node_id": "model.dbt_olist_data_model.slv_orders"} */
[0m10:25:05.727589 [debug] [Thread-2 (]: SQL status: SUCCESS 1 in 0.341 seconds
[0m10:25:05.736590 [debug] [Thread-2 (]: Sending event: {'category': 'dbt', 'action': 'run_model', 'label': '4fe2c6c3-25d4-4a15-9422-861e4cac0d03', 'context': [<snowplow_tracker.self_describing_json.SelfDescribingJson object at 0x000001DC951C9110>]}
[0m10:25:05.741147 [info ] [Thread-2 (]: 15 of 25 OK created sql incremental model silver.slv_orders .................... [[32mSUCCESS 0[0m in 3.48s]
[0m10:25:05.745507 [debug] [Thread-2 (]: Finished running node model.dbt_olist_data_model.slv_orders
[0m10:25:05.748502 [debug] [Thread-2 (]: Began running node model.dbt_olist_data_model.slv_products
[0m10:25:05.751504 [info ] [Thread-2 (]: 16 of 25 START sql incremental model silver.slv_products ....................... [RUN]
[0m10:25:05.754502 [debug] [Thread-2 (]: Re-using an available connection from the pool (formerly model.dbt_olist_data_model.slv_orders, now model.dbt_olist_data_model.slv_products)
[0m10:25:05.757500 [debug] [Thread-2 (]: Began compiling node model.dbt_olist_data_model.slv_products
[0m10:25:05.766500 [debug] [Thread-2 (]: Writing injected SQL for node "model.dbt_olist_data_model.slv_products"
[0m10:25:05.768495 [debug] [Thread-2 (]: Began executing node model.dbt_olist_data_model.slv_products
[0m10:25:05.776523 [debug] [Thread-2 (]: Using snowflake connection "model.dbt_olist_data_model.slv_products"
[0m10:25:05.778497 [debug] [Thread-2 (]: On model.dbt_olist_data_model.slv_products: create or replace  temporary view OLIST_DW.silver.slv_products__dbt_tmp
  
  
  
  
  as (
    

with products as (
    select * from OLIST_DW.bronze.br_olist_products
    
    where ingested_at > (select max(ingested_at) from OLIST_DW.silver.slv_products)
    
),

category_translation as (
    select * from OLIST_DW.bronze.br_olist_product_category_translation
)

select
    p.product_id,

    case
        when p.product_category_name is null then 'Unknown'
        when p.product_category_name regexp '^[0-9].*' then 'Unknown'
        else initcap(p.product_category_name)
    end as product_category_name,

    case
        when c.product_category_name_english is null then 'Unknown'
        when c.product_category_name_english regexp '^[0-9].*' then 'Unknown'
        else initcap(c.product_category_name_english)
    end as product_category_name_english,

    p.product_name_length,
    p.product_description_length,
    p.product_photos_qty,
    p.product_weight_g,
    p.product_length_cm,
    p.product_height_cm,
    p.product_width_cm,
    p.ingested_at
from products p
left join category_translation c
    on p.product_category_name = c.product_category_name
  )
/* {"app": "dbt", "dbt_version": "1.12.0", "profile_name": "dbt_olist_data_model", "target_name": "dev", "node_id": "model.dbt_olist_data_model.slv_products"} */;
[0m10:25:06.324817 [debug] [Thread-2 (]: SQL status: SUCCESS 1 in 0.545 seconds
[0m10:25:06.327817 [debug] [Thread-2 (]: Using snowflake connection "model.dbt_olist_data_model.slv_products"
[0m10:25:06.328818 [debug] [Thread-2 (]: On model.dbt_olist_data_model.slv_products: describe table OLIST_DW.silver.slv_products__dbt_tmp
/* {"app": "dbt", "dbt_version": "1.12.0", "profile_name": "dbt_olist_data_model", "target_name": "dev", "node_id": "model.dbt_olist_data_model.slv_products"} */
[0m10:25:06.590232 [debug] [Thread-2 (]: SQL status: SUCCESS 11 in 0.259 seconds
[0m10:25:06.594227 [debug] [Thread-2 (]: Using snowflake connection "model.dbt_olist_data_model.slv_products"
[0m10:25:06.595229 [debug] [Thread-2 (]: On model.dbt_olist_data_model.slv_products: describe table OLIST_DW.silver.slv_products
/* {"app": "dbt", "dbt_version": "1.12.0", "profile_name": "dbt_olist_data_model", "target_name": "dev", "node_id": "model.dbt_olist_data_model.slv_products"} */
[0m10:25:06.888778 [debug] [Thread-2 (]: SQL status: SUCCESS 11 in 0.291 seconds
[0m10:25:06.899767 [debug] [Thread-2 (]: Using snowflake connection "model.dbt_olist_data_model.slv_products"
[0m10:25:06.901985 [debug] [Thread-2 (]: On model.dbt_olist_data_model.slv_products: describe table "OLIST_DW"."SILVER"."SLV_PRODUCTS"
/* {"app": "dbt", "dbt_version": "1.12.0", "profile_name": "dbt_olist_data_model", "target_name": "dev", "node_id": "model.dbt_olist_data_model.slv_products"} */
[0m10:25:07.226055 [debug] [Thread-2 (]: SQL status: SUCCESS 11 in 0.321 seconds
[0m10:25:07.246059 [debug] [Thread-2 (]: Writing runtime sql for node "model.dbt_olist_data_model.slv_products"
[0m10:25:07.252612 [debug] [Thread-2 (]: Using snowflake connection "model.dbt_olist_data_model.slv_products"
[0m10:25:07.254617 [debug] [Thread-2 (]: On model.dbt_olist_data_model.slv_products: -- back compat for old kwarg name
  
  begin
/* {"app": "dbt", "dbt_version": "1.12.0", "profile_name": "dbt_olist_data_model", "target_name": "dev", "node_id": "model.dbt_olist_data_model.slv_products"} */;
[0m10:25:07.545609 [debug] [Thread-2 (]: SQL status: SUCCESS 1 in 0.290 seconds
[0m10:25:07.546604 [debug] [Thread-2 (]: Using snowflake connection "model.dbt_olist_data_model.slv_products"
[0m10:25:07.548603 [debug] [Thread-2 (]: On model.dbt_olist_data_model.slv_products: merge into OLIST_DW.silver.slv_products as DBT_INTERNAL_DEST
        using OLIST_DW.silver.slv_products__dbt_tmp as DBT_INTERNAL_SOURCE
        on ((DBT_INTERNAL_SOURCE.product_id = DBT_INTERNAL_DEST.product_id))

    
    when matched then update set
        "PRODUCT_ID" = DBT_INTERNAL_SOURCE."PRODUCT_ID","PRODUCT_CATEGORY_NAME" = DBT_INTERNAL_SOURCE."PRODUCT_CATEGORY_NAME","PRODUCT_CATEGORY_NAME_ENGLISH" = DBT_INTERNAL_SOURCE."PRODUCT_CATEGORY_NAME_ENGLISH","PRODUCT_NAME_LENGTH" = DBT_INTERNAL_SOURCE."PRODUCT_NAME_LENGTH","PRODUCT_DESCRIPTION_LENGTH" = DBT_INTERNAL_SOURCE."PRODUCT_DESCRIPTION_LENGTH","PRODUCT_PHOTOS_QTY" = DBT_INTERNAL_SOURCE."PRODUCT_PHOTOS_QTY","PRODUCT_WEIGHT_G" = DBT_INTERNAL_SOURCE."PRODUCT_WEIGHT_G","PRODUCT_LENGTH_CM" = DBT_INTERNAL_SOURCE."PRODUCT_LENGTH_CM","PRODUCT_HEIGHT_CM" = DBT_INTERNAL_SOURCE."PRODUCT_HEIGHT_CM","PRODUCT_WIDTH_CM" = DBT_INTERNAL_SOURCE."PRODUCT_WIDTH_CM","INGESTED_AT" = DBT_INTERNAL_SOURCE."INGESTED_AT"
    

    when not matched then insert
        ("PRODUCT_ID", "PRODUCT_CATEGORY_NAME", "PRODUCT_CATEGORY_NAME_ENGLISH", "PRODUCT_NAME_LENGTH", "PRODUCT_DESCRIPTION_LENGTH", "PRODUCT_PHOTOS_QTY", "PRODUCT_WEIGHT_G", "PRODUCT_LENGTH_CM", "PRODUCT_HEIGHT_CM", "PRODUCT_WIDTH_CM", "INGESTED_AT")
    values
        ("PRODUCT_ID", "PRODUCT_CATEGORY_NAME", "PRODUCT_CATEGORY_NAME_ENGLISH", "PRODUCT_NAME_LENGTH", "PRODUCT_DESCRIPTION_LENGTH", "PRODUCT_PHOTOS_QTY", "PRODUCT_WEIGHT_G", "PRODUCT_LENGTH_CM", "PRODUCT_HEIGHT_CM", "PRODUCT_WIDTH_CM", "INGESTED_AT")


/* {"app": "dbt", "dbt_version": "1.12.0", "profile_name": "dbt_olist_data_model", "target_name": "dev", "node_id": "model.dbt_olist_data_model.slv_products"} */;
[0m10:25:08.645734 [debug] [Thread-2 (]: SQL status: SUCCESS 0 in 1.095 seconds
[0m10:25:08.647696 [debug] [Thread-2 (]: Using snowflake connection "model.dbt_olist_data_model.slv_products"
[0m10:25:08.649697 [debug] [Thread-2 (]: On model.dbt_olist_data_model.slv_products: COMMIT
/* {"app": "dbt", "dbt_version": "1.12.0", "profile_name": "dbt_olist_data_model", "target_name": "dev", "node_id": "model.dbt_olist_data_model.slv_products"} */
[0m10:25:09.328788 [debug] [Thread-2 (]: SQL status: SUCCESS 1 in 0.676 seconds
[0m10:25:09.341733 [debug] [Thread-2 (]: Applying DROP to: OLIST_DW.silver.slv_products__dbt_tmp
[0m10:25:09.347736 [debug] [Thread-2 (]: Using snowflake connection "model.dbt_olist_data_model.slv_products"
[0m10:25:09.348733 [debug] [Thread-2 (]: On model.dbt_olist_data_model.slv_products: drop view if exists OLIST_DW.silver.slv_products__dbt_tmp cascade
/* {"app": "dbt", "dbt_version": "1.12.0", "profile_name": "dbt_olist_data_model", "target_name": "dev", "node_id": "model.dbt_olist_data_model.slv_products"} */
[0m10:25:09.759567 [debug] [Thread-2 (]: SQL status: SUCCESS 1 in 0.409 seconds
[0m10:25:09.762563 [debug] [Thread-2 (]: Sending event: {'category': 'dbt', 'action': 'run_model', 'label': '4fe2c6c3-25d4-4a15-9422-861e4cac0d03', 'context': [<snowplow_tracker.self_describing_json.SelfDescribingJson object at 0x000001DC96892E10>]}
[0m10:25:09.764442 [info ] [Thread-2 (]: 16 of 25 OK created sql incremental model silver.slv_products .................. [[32mSUCCESS 0[0m in 4.01s]
[0m10:25:09.766741 [debug] [Thread-2 (]: Finished running node model.dbt_olist_data_model.slv_products
[0m10:25:09.767791 [debug] [Thread-2 (]: Began running node model.dbt_olist_data_model.slv_sellers
[0m10:25:09.769807 [info ] [Thread-2 (]: 17 of 25 START sql incremental model silver.slv_sellers ........................ [RUN]
[0m10:25:09.772809 [debug] [Thread-2 (]: Re-using an available connection from the pool (formerly model.dbt_olist_data_model.slv_products, now model.dbt_olist_data_model.slv_sellers)
[0m10:25:09.773812 [debug] [Thread-2 (]: Began compiling node model.dbt_olist_data_model.slv_sellers
[0m10:25:09.780812 [debug] [Thread-2 (]: Writing injected SQL for node "model.dbt_olist_data_model.slv_sellers"
[0m10:25:09.783810 [debug] [Thread-2 (]: Began executing node model.dbt_olist_data_model.slv_sellers
[0m10:25:09.792809 [debug] [Thread-2 (]: Using snowflake connection "model.dbt_olist_data_model.slv_sellers"
[0m10:25:09.794290 [debug] [Thread-2 (]: On model.dbt_olist_data_model.slv_sellers: create or replace  temporary view OLIST_DW.silver.slv_sellers__dbt_tmp
  
  
  
  
  as (
    

select
    seller_id,

    case
        when seller_zip_code_prefix is null then 'Unknown'
        else seller_zip_code_prefix
    end as seller_zip_code_prefix,

    case
        when seller_city is null then 'Unknown'
        when seller_city regexp '^[0-9].*' then 'Unknown'
        else initcap(trim(seller_city))
    end as seller_city,

    case
        when seller_state is null then 'Unknown'
        when seller_state regexp '^[0-9].*' then 'Unknown'
        else upper(trim(seller_state))
    end as seller_state,

    ingested_at
from OLIST_DW.bronze.br_olist_sellers


where ingested_at > (select max(ingested_at) from OLIST_DW.silver.slv_sellers)

  )
/* {"app": "dbt", "dbt_version": "1.12.0", "profile_name": "dbt_olist_data_model", "target_name": "dev", "node_id": "model.dbt_olist_data_model.slv_sellers"} */;
[0m10:25:10.223048 [debug] [Thread-2 (]: SQL status: SUCCESS 1 in 0.427 seconds
[0m10:25:10.226041 [debug] [Thread-2 (]: Using snowflake connection "model.dbt_olist_data_model.slv_sellers"
[0m10:25:10.227862 [debug] [Thread-2 (]: On model.dbt_olist_data_model.slv_sellers: describe table OLIST_DW.silver.slv_sellers__dbt_tmp
/* {"app": "dbt", "dbt_version": "1.12.0", "profile_name": "dbt_olist_data_model", "target_name": "dev", "node_id": "model.dbt_olist_data_model.slv_sellers"} */
[0m10:25:10.522595 [debug] [Thread-2 (]: SQL status: SUCCESS 5 in 0.292 seconds
[0m10:25:10.533588 [debug] [Thread-2 (]: Using snowflake connection "model.dbt_olist_data_model.slv_sellers"
[0m10:25:10.536544 [debug] [Thread-2 (]: On model.dbt_olist_data_model.slv_sellers: describe table OLIST_DW.silver.slv_sellers
/* {"app": "dbt", "dbt_version": "1.12.0", "profile_name": "dbt_olist_data_model", "target_name": "dev", "node_id": "model.dbt_olist_data_model.slv_sellers"} */
[0m10:25:10.828426 [debug] [Thread-2 (]: SQL status: SUCCESS 5 in 0.290 seconds
[0m10:25:10.835423 [debug] [Thread-2 (]: Using snowflake connection "model.dbt_olist_data_model.slv_sellers"
[0m10:25:10.837421 [debug] [Thread-2 (]: On model.dbt_olist_data_model.slv_sellers: describe table "OLIST_DW"."SILVER"."SLV_SELLERS"
/* {"app": "dbt", "dbt_version": "1.12.0", "profile_name": "dbt_olist_data_model", "target_name": "dev", "node_id": "model.dbt_olist_data_model.slv_sellers"} */
[0m10:25:11.145282 [debug] [Thread-2 (]: SQL status: SUCCESS 5 in 0.305 seconds
[0m10:25:11.153284 [debug] [Thread-2 (]: Writing runtime sql for node "model.dbt_olist_data_model.slv_sellers"
[0m10:25:11.159279 [debug] [Thread-2 (]: Using snowflake connection "model.dbt_olist_data_model.slv_sellers"
[0m10:25:11.161285 [debug] [Thread-2 (]: On model.dbt_olist_data_model.slv_sellers: -- back compat for old kwarg name
  
  begin
/* {"app": "dbt", "dbt_version": "1.12.0", "profile_name": "dbt_olist_data_model", "target_name": "dev", "node_id": "model.dbt_olist_data_model.slv_sellers"} */;
[0m10:25:11.532952 [debug] [Thread-2 (]: SQL status: SUCCESS 1 in 0.369 seconds
[0m10:25:11.536922 [debug] [Thread-2 (]: Using snowflake connection "model.dbt_olist_data_model.slv_sellers"
[0m10:25:11.542985 [debug] [Thread-2 (]: On model.dbt_olist_data_model.slv_sellers: merge into OLIST_DW.silver.slv_sellers as DBT_INTERNAL_DEST
        using OLIST_DW.silver.slv_sellers__dbt_tmp as DBT_INTERNAL_SOURCE
        on ((DBT_INTERNAL_SOURCE.seller_id = DBT_INTERNAL_DEST.seller_id))

    
    when matched then update set
        "SELLER_ID" = DBT_INTERNAL_SOURCE."SELLER_ID","SELLER_ZIP_CODE_PREFIX" = DBT_INTERNAL_SOURCE."SELLER_ZIP_CODE_PREFIX","SELLER_CITY" = DBT_INTERNAL_SOURCE."SELLER_CITY","SELLER_STATE" = DBT_INTERNAL_SOURCE."SELLER_STATE","INGESTED_AT" = DBT_INTERNAL_SOURCE."INGESTED_AT"
    

    when not matched then insert
        ("SELLER_ID", "SELLER_ZIP_CODE_PREFIX", "SELLER_CITY", "SELLER_STATE", "INGESTED_AT")
    values
        ("SELLER_ID", "SELLER_ZIP_CODE_PREFIX", "SELLER_CITY", "SELLER_STATE", "INGESTED_AT")


/* {"app": "dbt", "dbt_version": "1.12.0", "profile_name": "dbt_olist_data_model", "target_name": "dev", "node_id": "model.dbt_olist_data_model.slv_sellers"} */;
[0m10:25:12.539464 [debug] [Thread-2 (]: SQL status: SUCCESS 0 in 0.993 seconds
[0m10:25:12.542468 [debug] [Thread-2 (]: Using snowflake connection "model.dbt_olist_data_model.slv_sellers"
[0m10:25:12.548162 [debug] [Thread-2 (]: On model.dbt_olist_data_model.slv_sellers: COMMIT
/* {"app": "dbt", "dbt_version": "1.12.0", "profile_name": "dbt_olist_data_model", "target_name": "dev", "node_id": "model.dbt_olist_data_model.slv_sellers"} */
[0m10:25:13.185722 [debug] [Thread-2 (]: SQL status: SUCCESS 1 in 0.633 seconds
[0m10:25:13.191721 [debug] [Thread-2 (]: Applying DROP to: OLIST_DW.silver.slv_sellers__dbt_tmp
[0m10:25:13.193725 [debug] [Thread-2 (]: Using snowflake connection "model.dbt_olist_data_model.slv_sellers"
[0m10:25:13.194722 [debug] [Thread-2 (]: On model.dbt_olist_data_model.slv_sellers: drop view if exists OLIST_DW.silver.slv_sellers__dbt_tmp cascade
/* {"app": "dbt", "dbt_version": "1.12.0", "profile_name": "dbt_olist_data_model", "target_name": "dev", "node_id": "model.dbt_olist_data_model.slv_sellers"} */
[0m10:25:13.622989 [debug] [Thread-2 (]: SQL status: SUCCESS 1 in 0.427 seconds
[0m10:25:13.626961 [debug] [Thread-2 (]: Sending event: {'category': 'dbt', 'action': 'run_model', 'label': '4fe2c6c3-25d4-4a15-9422-861e4cac0d03', 'context': [<snowplow_tracker.self_describing_json.SelfDescribingJson object at 0x000001DC96890B10>]}
[0m10:25:13.628256 [info ] [Thread-2 (]: 17 of 25 OK created sql incremental model silver.slv_sellers ................... [[32mSUCCESS 0[0m in 3.86s]
[0m10:25:13.630180 [debug] [Thread-2 (]: Finished running node model.dbt_olist_data_model.slv_sellers
[0m10:25:13.632195 [debug] [Thread-2 (]: Began running node model.dbt_olist_data_model.dim_customers
[0m10:25:13.633192 [info ] [Thread-2 (]: 18 of 25 START sql incremental model gold.dim_customers ........................ [RUN]
[0m10:25:13.635198 [debug] [Thread-2 (]: Re-using an available connection from the pool (formerly model.dbt_olist_data_model.slv_sellers, now model.dbt_olist_data_model.dim_customers)
[0m10:25:13.638214 [debug] [Thread-2 (]: Began compiling node model.dbt_olist_data_model.dim_customers
[0m10:25:13.649230 [debug] [Thread-2 (]: Writing injected SQL for node "model.dbt_olist_data_model.dim_customers"
[0m10:25:13.652233 [debug] [Thread-2 (]: Began executing node model.dbt_olist_data_model.dim_customers
[0m10:25:13.662193 [debug] [Thread-2 (]: Using snowflake connection "model.dbt_olist_data_model.dim_customers"
[0m10:25:13.663197 [debug] [Thread-2 (]: On model.dbt_olist_data_model.dim_customers: create or replace  temporary view OLIST_DW.gold.dim_customers__dbt_tmp
  
  
  
  
  as (
    

select
    md5(customer_id) as customer_sk,
    customer_id,
    customer_unique_id,
    customer_city,
    customer_state,
    customer_zip_code_prefix,
    ingested_at
from OLIST_DW.silver.slv_customers


where ingested_at > (select max(ingested_at) from OLIST_DW.gold.dim_customers)

  )
/* {"app": "dbt", "dbt_version": "1.12.0", "profile_name": "dbt_olist_data_model", "target_name": "dev", "node_id": "model.dbt_olist_data_model.dim_customers"} */;
[0m10:25:14.478729 [debug] [Thread-2 (]: SQL status: SUCCESS 1 in 0.814 seconds
[0m10:25:14.480722 [debug] [Thread-2 (]: Using snowflake connection "model.dbt_olist_data_model.dim_customers"
[0m10:25:14.482686 [debug] [Thread-2 (]: On model.dbt_olist_data_model.dim_customers: describe table OLIST_DW.gold.dim_customers__dbt_tmp
/* {"app": "dbt", "dbt_version": "1.12.0", "profile_name": "dbt_olist_data_model", "target_name": "dev", "node_id": "model.dbt_olist_data_model.dim_customers"} */
[0m10:25:14.824590 [debug] [Thread-2 (]: SQL status: SUCCESS 7 in 0.341 seconds
[0m10:25:14.828589 [debug] [Thread-2 (]: Using snowflake connection "model.dbt_olist_data_model.dim_customers"
[0m10:25:14.829586 [debug] [Thread-2 (]: On model.dbt_olist_data_model.dim_customers: describe table OLIST_DW.gold.dim_customers
/* {"app": "dbt", "dbt_version": "1.12.0", "profile_name": "dbt_olist_data_model", "target_name": "dev", "node_id": "model.dbt_olist_data_model.dim_customers"} */
[0m10:25:15.176995 [debug] [Thread-2 (]: SQL status: SUCCESS 7 in 0.345 seconds
[0m10:25:15.191939 [debug] [Thread-2 (]: Using snowflake connection "model.dbt_olist_data_model.dim_customers"
[0m10:25:15.193934 [debug] [Thread-2 (]: On model.dbt_olist_data_model.dim_customers: describe table "OLIST_DW"."GOLD"."DIM_CUSTOMERS"
/* {"app": "dbt", "dbt_version": "1.12.0", "profile_name": "dbt_olist_data_model", "target_name": "dev", "node_id": "model.dbt_olist_data_model.dim_customers"} */
[0m10:25:15.495256 [debug] [Thread-2 (]: SQL status: SUCCESS 7 in 0.299 seconds
[0m10:25:15.507239 [debug] [Thread-2 (]: Writing runtime sql for node "model.dbt_olist_data_model.dim_customers"
[0m10:25:15.513373 [debug] [Thread-2 (]: Using snowflake connection "model.dbt_olist_data_model.dim_customers"
[0m10:25:15.515056 [debug] [Thread-2 (]: On model.dbt_olist_data_model.dim_customers: -- back compat for old kwarg name
  
  begin
/* {"app": "dbt", "dbt_version": "1.12.0", "profile_name": "dbt_olist_data_model", "target_name": "dev", "node_id": "model.dbt_olist_data_model.dim_customers"} */;
[0m10:25:16.053755 [debug] [Thread-2 (]: SQL status: SUCCESS 1 in 0.537 seconds
[0m10:25:16.056752 [debug] [Thread-2 (]: Using snowflake connection "model.dbt_olist_data_model.dim_customers"
[0m10:25:16.061752 [debug] [Thread-2 (]: On model.dbt_olist_data_model.dim_customers: merge into OLIST_DW.gold.dim_customers as DBT_INTERNAL_DEST
        using OLIST_DW.gold.dim_customers__dbt_tmp as DBT_INTERNAL_SOURCE
        on ((DBT_INTERNAL_SOURCE.customer_id = DBT_INTERNAL_DEST.customer_id))

    
    when matched then update set
        "CUSTOMER_SK" = DBT_INTERNAL_SOURCE."CUSTOMER_SK","CUSTOMER_ID" = DBT_INTERNAL_SOURCE."CUSTOMER_ID","CUSTOMER_UNIQUE_ID" = DBT_INTERNAL_SOURCE."CUSTOMER_UNIQUE_ID","CUSTOMER_CITY" = DBT_INTERNAL_SOURCE."CUSTOMER_CITY","CUSTOMER_STATE" = DBT_INTERNAL_SOURCE."CUSTOMER_STATE","CUSTOMER_ZIP_CODE_PREFIX" = DBT_INTERNAL_SOURCE."CUSTOMER_ZIP_CODE_PREFIX","INGESTED_AT" = DBT_INTERNAL_SOURCE."INGESTED_AT"
    

    when not matched then insert
        ("CUSTOMER_SK", "CUSTOMER_ID", "CUSTOMER_UNIQUE_ID", "CUSTOMER_CITY", "CUSTOMER_STATE", "CUSTOMER_ZIP_CODE_PREFIX", "INGESTED_AT")
    values
        ("CUSTOMER_SK", "CUSTOMER_ID", "CUSTOMER_UNIQUE_ID", "CUSTOMER_CITY", "CUSTOMER_STATE", "CUSTOMER_ZIP_CODE_PREFIX", "INGESTED_AT")


/* {"app": "dbt", "dbt_version": "1.12.0", "profile_name": "dbt_olist_data_model", "target_name": "dev", "node_id": "model.dbt_olist_data_model.dim_customers"} */;
[0m10:25:17.111805 [debug] [Thread-2 (]: SQL status: SUCCESS 0 in 1.046 seconds
[0m10:25:17.115846 [debug] [Thread-2 (]: Using snowflake connection "model.dbt_olist_data_model.dim_customers"
[0m10:25:17.119098 [debug] [Thread-2 (]: On model.dbt_olist_data_model.dim_customers: COMMIT
/* {"app": "dbt", "dbt_version": "1.12.0", "profile_name": "dbt_olist_data_model", "target_name": "dev", "node_id": "model.dbt_olist_data_model.dim_customers"} */
[0m10:25:17.498823 [debug] [Thread-2 (]: SQL status: SUCCESS 1 in 0.377 seconds
[0m10:25:17.505831 [debug] [Thread-2 (]: Applying DROP to: OLIST_DW.gold.dim_customers__dbt_tmp
[0m10:25:17.510825 [debug] [Thread-2 (]: Using snowflake connection "model.dbt_olist_data_model.dim_customers"
[0m10:25:17.512822 [debug] [Thread-2 (]: On model.dbt_olist_data_model.dim_customers: drop view if exists OLIST_DW.gold.dim_customers__dbt_tmp cascade
/* {"app": "dbt", "dbt_version": "1.12.0", "profile_name": "dbt_olist_data_model", "target_name": "dev", "node_id": "model.dbt_olist_data_model.dim_customers"} */
[0m10:25:17.853828 [debug] [Thread-2 (]: SQL status: SUCCESS 1 in 0.339 seconds
[0m10:25:17.856821 [debug] [Thread-2 (]: Sending event: {'category': 'dbt', 'action': 'run_model', 'label': '4fe2c6c3-25d4-4a15-9422-861e4cac0d03', 'context': [<snowplow_tracker.self_describing_json.SelfDescribingJson object at 0x000001DC967FB890>]}
[0m10:25:17.858823 [info ] [Thread-2 (]: 18 of 25 OK created sql incremental model gold.dim_customers ................... [[32mSUCCESS 0[0m in 4.22s]
[0m10:25:17.860823 [debug] [Thread-2 (]: Finished running node model.dbt_olist_data_model.dim_customers
[0m10:25:17.861820 [debug] [Thread-2 (]: Began running node model.dbt_olist_data_model.dim_geolocation
[0m10:25:17.862820 [info ] [Thread-2 (]: 19 of 25 START sql incremental model gold.dim_geolocation ...................... [RUN]
[0m10:25:17.864824 [debug] [Thread-2 (]: Re-using an available connection from the pool (formerly model.dbt_olist_data_model.dim_customers, now model.dbt_olist_data_model.dim_geolocation)
[0m10:25:17.866821 [debug] [Thread-2 (]: Began compiling node model.dbt_olist_data_model.dim_geolocation
[0m10:25:17.873830 [debug] [Thread-2 (]: Writing injected SQL for node "model.dbt_olist_data_model.dim_geolocation"
[0m10:25:17.876822 [debug] [Thread-2 (]: Began executing node model.dbt_olist_data_model.dim_geolocation
[0m10:25:17.882821 [debug] [Thread-2 (]: Using snowflake connection "model.dbt_olist_data_model.dim_geolocation"
[0m10:25:17.884822 [debug] [Thread-2 (]: On model.dbt_olist_data_model.dim_geolocation: create or replace  temporary view OLIST_DW.gold.dim_geolocation__dbt_tmp
  
  
  
  
  as (
    

select
    md5(geolocation_id::string) as geolocation_sk,
    geolocation_id,
    geolocation_zip_code_prefix,
    geolocation_lat,
    geolocation_lng,
    geolocation_city,
    geolocation_state,
    ingested_at
from OLIST_DW.silver.slv_geolocation


where ingested_at > (select max(ingested_at) from OLIST_DW.gold.dim_geolocation)

  )
/* {"app": "dbt", "dbt_version": "1.12.0", "profile_name": "dbt_olist_data_model", "target_name": "dev", "node_id": "model.dbt_olist_data_model.dim_geolocation"} */;
[0m10:25:18.406784 [debug] [Thread-2 (]: SQL status: SUCCESS 1 in 0.521 seconds
[0m10:25:18.412789 [debug] [Thread-2 (]: Using snowflake connection "model.dbt_olist_data_model.dim_geolocation"
[0m10:25:18.422785 [debug] [Thread-2 (]: On model.dbt_olist_data_model.dim_geolocation: describe table OLIST_DW.gold.dim_geolocation__dbt_tmp
/* {"app": "dbt", "dbt_version": "1.12.0", "profile_name": "dbt_olist_data_model", "target_name": "dev", "node_id": "model.dbt_olist_data_model.dim_geolocation"} */
[0m10:25:18.751460 [debug] [Thread-2 (]: SQL status: SUCCESS 8 in 0.324 seconds
[0m10:25:18.766454 [debug] [Thread-2 (]: Using snowflake connection "model.dbt_olist_data_model.dim_geolocation"
[0m10:25:18.768456 [debug] [Thread-2 (]: On model.dbt_olist_data_model.dim_geolocation: describe table OLIST_DW.gold.dim_geolocation
/* {"app": "dbt", "dbt_version": "1.12.0", "profile_name": "dbt_olist_data_model", "target_name": "dev", "node_id": "model.dbt_olist_data_model.dim_geolocation"} */
[0m10:25:19.019093 [debug] [Thread-2 (]: SQL status: SUCCESS 8 in 0.248 seconds
[0m10:25:19.023092 [debug] [Thread-2 (]: Using snowflake connection "model.dbt_olist_data_model.dim_geolocation"
[0m10:25:19.026094 [debug] [Thread-2 (]: On model.dbt_olist_data_model.dim_geolocation: describe table "OLIST_DW"."GOLD"."DIM_GEOLOCATION"
/* {"app": "dbt", "dbt_version": "1.12.0", "profile_name": "dbt_olist_data_model", "target_name": "dev", "node_id": "model.dbt_olist_data_model.dim_geolocation"} */
[0m10:25:19.267144 [debug] [Thread-2 (]: SQL status: SUCCESS 8 in 0.239 seconds
[0m10:25:19.271141 [debug] [Thread-2 (]: Writing runtime sql for node "model.dbt_olist_data_model.dim_geolocation"
[0m10:25:19.275145 [debug] [Thread-2 (]: Using snowflake connection "model.dbt_olist_data_model.dim_geolocation"
[0m10:25:19.277145 [debug] [Thread-2 (]: On model.dbt_olist_data_model.dim_geolocation: -- back compat for old kwarg name
  
  begin
/* {"app": "dbt", "dbt_version": "1.12.0", "profile_name": "dbt_olist_data_model", "target_name": "dev", "node_id": "model.dbt_olist_data_model.dim_geolocation"} */;
[0m10:25:19.573159 [debug] [Thread-2 (]: SQL status: SUCCESS 1 in 0.294 seconds
[0m10:25:19.577162 [debug] [Thread-2 (]: Using snowflake connection "model.dbt_olist_data_model.dim_geolocation"
[0m10:25:19.581261 [debug] [Thread-2 (]: On model.dbt_olist_data_model.dim_geolocation: merge into OLIST_DW.gold.dim_geolocation as DBT_INTERNAL_DEST
        using OLIST_DW.gold.dim_geolocation__dbt_tmp as DBT_INTERNAL_SOURCE
        on ((DBT_INTERNAL_SOURCE.geolocation_id = DBT_INTERNAL_DEST.geolocation_id))

    
    when matched then update set
        "GEOLOCATION_SK" = DBT_INTERNAL_SOURCE."GEOLOCATION_SK","GEOLOCATION_ID" = DBT_INTERNAL_SOURCE."GEOLOCATION_ID","GEOLOCATION_ZIP_CODE_PREFIX" = DBT_INTERNAL_SOURCE."GEOLOCATION_ZIP_CODE_PREFIX","GEOLOCATION_LAT" = DBT_INTERNAL_SOURCE."GEOLOCATION_LAT","GEOLOCATION_LNG" = DBT_INTERNAL_SOURCE."GEOLOCATION_LNG","GEOLOCATION_CITY" = DBT_INTERNAL_SOURCE."GEOLOCATION_CITY","GEOLOCATION_STATE" = DBT_INTERNAL_SOURCE."GEOLOCATION_STATE","INGESTED_AT" = DBT_INTERNAL_SOURCE."INGESTED_AT"
    

    when not matched then insert
        ("GEOLOCATION_SK", "GEOLOCATION_ID", "GEOLOCATION_ZIP_CODE_PREFIX", "GEOLOCATION_LAT", "GEOLOCATION_LNG", "GEOLOCATION_CITY", "GEOLOCATION_STATE", "INGESTED_AT")
    values
        ("GEOLOCATION_SK", "GEOLOCATION_ID", "GEOLOCATION_ZIP_CODE_PREFIX", "GEOLOCATION_LAT", "GEOLOCATION_LNG", "GEOLOCATION_CITY", "GEOLOCATION_STATE", "INGESTED_AT")


/* {"app": "dbt", "dbt_version": "1.12.0", "profile_name": "dbt_olist_data_model", "target_name": "dev", "node_id": "model.dbt_olist_data_model.dim_geolocation"} */;
[0m10:25:20.085116 [debug] [Thread-2 (]: SQL status: SUCCESS 0 in 0.499 seconds
[0m10:25:20.086116 [debug] [Thread-2 (]: Using snowflake connection "model.dbt_olist_data_model.dim_geolocation"
[0m10:25:20.088110 [debug] [Thread-2 (]: On model.dbt_olist_data_model.dim_geolocation: COMMIT
/* {"app": "dbt", "dbt_version": "1.12.0", "profile_name": "dbt_olist_data_model", "target_name": "dev", "node_id": "model.dbt_olist_data_model.dim_geolocation"} */
[0m10:25:20.570929 [debug] [Thread-2 (]: SQL status: SUCCESS 1 in 0.480 seconds
[0m10:25:20.579922 [debug] [Thread-2 (]: Applying DROP to: OLIST_DW.gold.dim_geolocation__dbt_tmp
[0m10:25:20.584488 [debug] [Thread-2 (]: Using snowflake connection "model.dbt_olist_data_model.dim_geolocation"
[0m10:25:20.586493 [debug] [Thread-2 (]: On model.dbt_olist_data_model.dim_geolocation: drop view if exists OLIST_DW.gold.dim_geolocation__dbt_tmp cascade
/* {"app": "dbt", "dbt_version": "1.12.0", "profile_name": "dbt_olist_data_model", "target_name": "dev", "node_id": "model.dbt_olist_data_model.dim_geolocation"} */
[0m10:25:20.949639 [debug] [Thread-2 (]: SQL status: SUCCESS 1 in 0.362 seconds
[0m10:25:20.953634 [debug] [Thread-2 (]: Sending event: {'category': 'dbt', 'action': 'run_model', 'label': '4fe2c6c3-25d4-4a15-9422-861e4cac0d03', 'context': [<snowplow_tracker.self_describing_json.SelfDescribingJson object at 0x000001DC95400110>]}
[0m10:25:20.954566 [info ] [Thread-2 (]: 19 of 25 OK created sql incremental model gold.dim_geolocation ................. [[32mSUCCESS 0[0m in 3.09s]
[0m10:25:20.956729 [debug] [Thread-2 (]: Finished running node model.dbt_olist_data_model.dim_geolocation
[0m10:25:20.957729 [debug] [Thread-2 (]: Began running node model.dbt_olist_data_model.dim_payments
[0m10:25:20.959729 [info ] [Thread-2 (]: 20 of 25 START sql incremental model gold.dim_payments ......................... [RUN]
[0m10:25:20.961733 [debug] [Thread-2 (]: Re-using an available connection from the pool (formerly model.dbt_olist_data_model.dim_geolocation, now model.dbt_olist_data_model.dim_payments)
[0m10:25:20.963732 [debug] [Thread-2 (]: Began compiling node model.dbt_olist_data_model.dim_payments
[0m10:25:20.973763 [debug] [Thread-2 (]: Writing injected SQL for node "model.dbt_olist_data_model.dim_payments"
[0m10:25:20.976019 [debug] [Thread-2 (]: Began executing node model.dbt_olist_data_model.dim_payments
[0m10:25:20.981247 [debug] [Thread-2 (]: Using snowflake connection "model.dbt_olist_data_model.dim_payments"
[0m10:25:20.982247 [debug] [Thread-2 (]: On model.dbt_olist_data_model.dim_payments: create or replace  temporary view OLIST_DW.gold.dim_payments__dbt_tmp
  
  
  
  
  as (
    

select
    md5(payment_id::string) as payment_sk,
    payment_id,
    order_id,
    payment_sequential,
    payment_type,
    payment_installments,
    ingested_at
from OLIST_DW.silver.slv_order_payments


where ingested_at > (select max(ingested_at) from OLIST_DW.gold.dim_payments)

  )
/* {"app": "dbt", "dbt_version": "1.12.0", "profile_name": "dbt_olist_data_model", "target_name": "dev", "node_id": "model.dbt_olist_data_model.dim_payments"} */;
[0m10:25:21.400141 [debug] [Thread-2 (]: SQL status: SUCCESS 1 in 0.416 seconds
[0m10:25:21.405209 [debug] [Thread-2 (]: Using snowflake connection "model.dbt_olist_data_model.dim_payments"
[0m10:25:21.406154 [debug] [Thread-2 (]: On model.dbt_olist_data_model.dim_payments: describe table OLIST_DW.gold.dim_payments__dbt_tmp
/* {"app": "dbt", "dbt_version": "1.12.0", "profile_name": "dbt_olist_data_model", "target_name": "dev", "node_id": "model.dbt_olist_data_model.dim_payments"} */
[0m10:25:21.693730 [debug] [Thread-2 (]: SQL status: SUCCESS 7 in 0.286 seconds
[0m10:25:21.707718 [debug] [Thread-2 (]: Using snowflake connection "model.dbt_olist_data_model.dim_payments"
[0m10:25:21.709674 [debug] [Thread-2 (]: On model.dbt_olist_data_model.dim_payments: describe table OLIST_DW.gold.dim_payments
/* {"app": "dbt", "dbt_version": "1.12.0", "profile_name": "dbt_olist_data_model", "target_name": "dev", "node_id": "model.dbt_olist_data_model.dim_payments"} */
[0m10:25:22.030657 [debug] [Thread-2 (]: SQL status: SUCCESS 7 in 0.319 seconds
[0m10:25:22.037644 [debug] [Thread-2 (]: Using snowflake connection "model.dbt_olist_data_model.dim_payments"
[0m10:25:22.038648 [debug] [Thread-2 (]: On model.dbt_olist_data_model.dim_payments: describe table "OLIST_DW"."GOLD"."DIM_PAYMENTS"
/* {"app": "dbt", "dbt_version": "1.12.0", "profile_name": "dbt_olist_data_model", "target_name": "dev", "node_id": "model.dbt_olist_data_model.dim_payments"} */
[0m10:25:22.303141 [debug] [Thread-2 (]: SQL status: SUCCESS 7 in 0.262 seconds
[0m10:25:22.323121 [debug] [Thread-2 (]: Writing runtime sql for node "model.dbt_olist_data_model.dim_payments"
[0m10:25:22.328154 [debug] [Thread-2 (]: Using snowflake connection "model.dbt_olist_data_model.dim_payments"
[0m10:25:22.331146 [debug] [Thread-2 (]: On model.dbt_olist_data_model.dim_payments: -- back compat for old kwarg name
  
  begin
/* {"app": "dbt", "dbt_version": "1.12.0", "profile_name": "dbt_olist_data_model", "target_name": "dev", "node_id": "model.dbt_olist_data_model.dim_payments"} */;
[0m10:25:22.697489 [debug] [Thread-2 (]: SQL status: SUCCESS 1 in 0.365 seconds
[0m10:25:22.698493 [debug] [Thread-2 (]: Using snowflake connection "model.dbt_olist_data_model.dim_payments"
[0m10:25:22.701498 [debug] [Thread-2 (]: On model.dbt_olist_data_model.dim_payments: merge into OLIST_DW.gold.dim_payments as DBT_INTERNAL_DEST
        using OLIST_DW.gold.dim_payments__dbt_tmp as DBT_INTERNAL_SOURCE
        on ((DBT_INTERNAL_SOURCE.payment_id = DBT_INTERNAL_DEST.payment_id))

    
    when matched then update set
        "PAYMENT_SK" = DBT_INTERNAL_SOURCE."PAYMENT_SK","PAYMENT_ID" = DBT_INTERNAL_SOURCE."PAYMENT_ID","ORDER_ID" = DBT_INTERNAL_SOURCE."ORDER_ID","PAYMENT_SEQUENTIAL" = DBT_INTERNAL_SOURCE."PAYMENT_SEQUENTIAL","PAYMENT_TYPE" = DBT_INTERNAL_SOURCE."PAYMENT_TYPE","PAYMENT_INSTALLMENTS" = DBT_INTERNAL_SOURCE."PAYMENT_INSTALLMENTS","INGESTED_AT" = DBT_INTERNAL_SOURCE."INGESTED_AT"
    

    when not matched then insert
        ("PAYMENT_SK", "PAYMENT_ID", "ORDER_ID", "PAYMENT_SEQUENTIAL", "PAYMENT_TYPE", "PAYMENT_INSTALLMENTS", "INGESTED_AT")
    values
        ("PAYMENT_SK", "PAYMENT_ID", "ORDER_ID", "PAYMENT_SEQUENTIAL", "PAYMENT_TYPE", "PAYMENT_INSTALLMENTS", "INGESTED_AT")


/* {"app": "dbt", "dbt_version": "1.12.0", "profile_name": "dbt_olist_data_model", "target_name": "dev", "node_id": "model.dbt_olist_data_model.dim_payments"} */;
[0m10:25:23.314307 [debug] [Thread-2 (]: SQL status: SUCCESS 0 in 0.611 seconds
[0m10:25:23.315309 [debug] [Thread-2 (]: Using snowflake connection "model.dbt_olist_data_model.dim_payments"
[0m10:25:23.318304 [debug] [Thread-2 (]: On model.dbt_olist_data_model.dim_payments: COMMIT
/* {"app": "dbt", "dbt_version": "1.12.0", "profile_name": "dbt_olist_data_model", "target_name": "dev", "node_id": "model.dbt_olist_data_model.dim_payments"} */
[0m10:25:23.635851 [debug] [Thread-2 (]: SQL status: SUCCESS 1 in 0.315 seconds
[0m10:25:23.640848 [debug] [Thread-2 (]: Applying DROP to: OLIST_DW.gold.dim_payments__dbt_tmp
[0m10:25:23.643634 [debug] [Thread-2 (]: Using snowflake connection "model.dbt_olist_data_model.dim_payments"
[0m10:25:23.645412 [debug] [Thread-2 (]: On model.dbt_olist_data_model.dim_payments: drop view if exists OLIST_DW.gold.dim_payments__dbt_tmp cascade
/* {"app": "dbt", "dbt_version": "1.12.0", "profile_name": "dbt_olist_data_model", "target_name": "dev", "node_id": "model.dbt_olist_data_model.dim_payments"} */
[0m10:25:24.010794 [debug] [Thread-2 (]: SQL status: SUCCESS 1 in 0.362 seconds
[0m10:25:24.018794 [debug] [Thread-2 (]: Sending event: {'category': 'dbt', 'action': 'run_model', 'label': '4fe2c6c3-25d4-4a15-9422-861e4cac0d03', 'context': [<snowplow_tracker.self_describing_json.SelfDescribingJson object at 0x000001DC966E7A50>]}
[0m10:25:24.021826 [info ] [Thread-2 (]: 20 of 25 OK created sql incremental model gold.dim_payments .................... [[32mSUCCESS 0[0m in 3.06s]
[0m10:25:24.024569 [debug] [Thread-2 (]: Finished running node model.dbt_olist_data_model.dim_payments
[0m10:25:24.026569 [debug] [Thread-2 (]: Began running node model.dbt_olist_data_model.dim_reviews
[0m10:25:24.027611 [info ] [Thread-2 (]: 21 of 25 START sql incremental model gold.dim_reviews .......................... [RUN]
[0m10:25:24.029838 [debug] [Thread-2 (]: Re-using an available connection from the pool (formerly model.dbt_olist_data_model.dim_payments, now model.dbt_olist_data_model.dim_reviews)
[0m10:25:24.031833 [debug] [Thread-2 (]: Began compiling node model.dbt_olist_data_model.dim_reviews
[0m10:25:24.036837 [debug] [Thread-2 (]: Writing injected SQL for node "model.dbt_olist_data_model.dim_reviews"
[0m10:25:24.038851 [debug] [Thread-2 (]: Began executing node model.dbt_olist_data_model.dim_reviews
[0m10:25:24.045932 [debug] [Thread-2 (]: Using snowflake connection "model.dbt_olist_data_model.dim_reviews"
[0m10:25:24.047691 [debug] [Thread-2 (]: On model.dbt_olist_data_model.dim_reviews: create or replace  temporary view OLIST_DW.gold.dim_reviews__dbt_tmp
  
  
  
  
  as (
    

select
    md5(review_pk_id::string) as review_sk,
    review_pk_id,
    review_id,
    order_id,
    has_comment,
    review_comment_title,
    review_comment_message,
    review_creation_date,
    review_answer_timestamp,
    ingested_at
from OLIST_DW.silver.slv_order_reviews


where ingested_at > (select max(ingested_at) from OLIST_DW.gold.dim_reviews)

  )
/* {"app": "dbt", "dbt_version": "1.12.0", "profile_name": "dbt_olist_data_model", "target_name": "dev", "node_id": "model.dbt_olist_data_model.dim_reviews"} */;
[0m10:25:24.522523 [debug] [Thread-2 (]: SQL status: SUCCESS 1 in 0.473 seconds
[0m10:25:24.528563 [debug] [Thread-2 (]: Using snowflake connection "model.dbt_olist_data_model.dim_reviews"
[0m10:25:24.531603 [debug] [Thread-2 (]: On model.dbt_olist_data_model.dim_reviews: describe table OLIST_DW.gold.dim_reviews__dbt_tmp
/* {"app": "dbt", "dbt_version": "1.12.0", "profile_name": "dbt_olist_data_model", "target_name": "dev", "node_id": "model.dbt_olist_data_model.dim_reviews"} */
[0m10:25:24.821749 [debug] [Thread-2 (]: SQL status: SUCCESS 10 in 0.286 seconds
[0m10:25:24.834742 [debug] [Thread-2 (]: Using snowflake connection "model.dbt_olist_data_model.dim_reviews"
[0m10:25:24.837739 [debug] [Thread-2 (]: On model.dbt_olist_data_model.dim_reviews: describe table OLIST_DW.gold.dim_reviews
/* {"app": "dbt", "dbt_version": "1.12.0", "profile_name": "dbt_olist_data_model", "target_name": "dev", "node_id": "model.dbt_olist_data_model.dim_reviews"} */
[0m10:25:25.086832 [debug] [Thread-2 (]: SQL status: SUCCESS 10 in 0.247 seconds
[0m10:25:25.096821 [debug] [Thread-2 (]: Using snowflake connection "model.dbt_olist_data_model.dim_reviews"
[0m10:25:25.100204 [debug] [Thread-2 (]: On model.dbt_olist_data_model.dim_reviews: describe table "OLIST_DW"."GOLD"."DIM_REVIEWS"
/* {"app": "dbt", "dbt_version": "1.12.0", "profile_name": "dbt_olist_data_model", "target_name": "dev", "node_id": "model.dbt_olist_data_model.dim_reviews"} */
[0m10:25:25.365332 [debug] [Thread-2 (]: SQL status: SUCCESS 10 in 0.264 seconds
[0m10:25:25.370329 [debug] [Thread-2 (]: Writing runtime sql for node "model.dbt_olist_data_model.dim_reviews"
[0m10:25:25.375334 [debug] [Thread-2 (]: Using snowflake connection "model.dbt_olist_data_model.dim_reviews"
[0m10:25:25.377341 [debug] [Thread-2 (]: On model.dbt_olist_data_model.dim_reviews: -- back compat for old kwarg name
  
  begin
/* {"app": "dbt", "dbt_version": "1.12.0", "profile_name": "dbt_olist_data_model", "target_name": "dev", "node_id": "model.dbt_olist_data_model.dim_reviews"} */;
[0m10:25:25.720336 [debug] [Thread-2 (]: SQL status: SUCCESS 1 in 0.342 seconds
[0m10:25:25.721332 [debug] [Thread-2 (]: Using snowflake connection "model.dbt_olist_data_model.dim_reviews"
[0m10:25:25.723333 [debug] [Thread-2 (]: On model.dbt_olist_data_model.dim_reviews: merge into OLIST_DW.gold.dim_reviews as DBT_INTERNAL_DEST
        using OLIST_DW.gold.dim_reviews__dbt_tmp as DBT_INTERNAL_SOURCE
        on ((DBT_INTERNAL_SOURCE.review_pk_id = DBT_INTERNAL_DEST.review_pk_id))

    
    when matched then update set
        "REVIEW_SK" = DBT_INTERNAL_SOURCE."REVIEW_SK","REVIEW_PK_ID" = DBT_INTERNAL_SOURCE."REVIEW_PK_ID","REVIEW_ID" = DBT_INTERNAL_SOURCE."REVIEW_ID","ORDER_ID" = DBT_INTERNAL_SOURCE."ORDER_ID","HAS_COMMENT" = DBT_INTERNAL_SOURCE."HAS_COMMENT","REVIEW_COMMENT_TITLE" = DBT_INTERNAL_SOURCE."REVIEW_COMMENT_TITLE","REVIEW_COMMENT_MESSAGE" = DBT_INTERNAL_SOURCE."REVIEW_COMMENT_MESSAGE","REVIEW_CREATION_DATE" = DBT_INTERNAL_SOURCE."REVIEW_CREATION_DATE","REVIEW_ANSWER_TIMESTAMP" = DBT_INTERNAL_SOURCE."REVIEW_ANSWER_TIMESTAMP","INGESTED_AT" = DBT_INTERNAL_SOURCE."INGESTED_AT"
    

    when not matched then insert
        ("REVIEW_SK", "REVIEW_PK_ID", "REVIEW_ID", "ORDER_ID", "HAS_COMMENT", "REVIEW_COMMENT_TITLE", "REVIEW_COMMENT_MESSAGE", "REVIEW_CREATION_DATE", "REVIEW_ANSWER_TIMESTAMP", "INGESTED_AT")
    values
        ("REVIEW_SK", "REVIEW_PK_ID", "REVIEW_ID", "ORDER_ID", "HAS_COMMENT", "REVIEW_COMMENT_TITLE", "REVIEW_COMMENT_MESSAGE", "REVIEW_CREATION_DATE", "REVIEW_ANSWER_TIMESTAMP", "INGESTED_AT")


/* {"app": "dbt", "dbt_version": "1.12.0", "profile_name": "dbt_olist_data_model", "target_name": "dev", "node_id": "model.dbt_olist_data_model.dim_reviews"} */;
[0m10:25:26.224770 [debug] [Thread-2 (]: SQL status: SUCCESS 0 in 0.499 seconds
[0m10:25:26.225770 [debug] [Thread-2 (]: Using snowflake connection "model.dbt_olist_data_model.dim_reviews"
[0m10:25:26.229772 [debug] [Thread-2 (]: On model.dbt_olist_data_model.dim_reviews: COMMIT
/* {"app": "dbt", "dbt_version": "1.12.0", "profile_name": "dbt_olist_data_model", "target_name": "dev", "node_id": "model.dbt_olist_data_model.dim_reviews"} */
[0m10:25:26.551226 [debug] [Thread-2 (]: SQL status: SUCCESS 1 in 0.316 seconds
[0m10:25:26.560226 [debug] [Thread-2 (]: Applying DROP to: OLIST_DW.gold.dim_reviews__dbt_tmp
[0m10:25:26.564524 [debug] [Thread-2 (]: Using snowflake connection "model.dbt_olist_data_model.dim_reviews"
[0m10:25:26.566425 [debug] [Thread-2 (]: On model.dbt_olist_data_model.dim_reviews: drop view if exists OLIST_DW.gold.dim_reviews__dbt_tmp cascade
/* {"app": "dbt", "dbt_version": "1.12.0", "profile_name": "dbt_olist_data_model", "target_name": "dev", "node_id": "model.dbt_olist_data_model.dim_reviews"} */
[0m10:25:26.928695 [debug] [Thread-2 (]: SQL status: SUCCESS 1 in 0.360 seconds
[0m10:25:26.935710 [debug] [Thread-2 (]: Sending event: {'category': 'dbt', 'action': 'run_model', 'label': '4fe2c6c3-25d4-4a15-9422-861e4cac0d03', 'context': [<snowplow_tracker.self_describing_json.SelfDescribingJson object at 0x000001DC952CC550>]}
[0m10:25:26.937697 [info ] [Thread-2 (]: 21 of 25 OK created sql incremental model gold.dim_reviews ..................... [[32mSUCCESS 0[0m in 2.91s]
[0m10:25:26.939694 [debug] [Thread-2 (]: Finished running node model.dbt_olist_data_model.dim_reviews
[0m10:25:26.940697 [debug] [Thread-2 (]: Began running node model.dbt_olist_data_model.fct_order_items
[0m10:25:26.942694 [info ] [Thread-2 (]: 22 of 25 START sql incremental model gold.fct_order_items ...................... [RUN]
[0m10:25:26.945701 [debug] [Thread-2 (]: Re-using an available connection from the pool (formerly model.dbt_olist_data_model.dim_reviews, now model.dbt_olist_data_model.fct_order_items)
[0m10:25:26.947690 [debug] [Thread-2 (]: Began compiling node model.dbt_olist_data_model.fct_order_items
[0m10:25:26.957689 [debug] [Thread-2 (]: Writing injected SQL for node "model.dbt_olist_data_model.fct_order_items"
[0m10:25:26.960691 [debug] [Thread-2 (]: Began executing node model.dbt_olist_data_model.fct_order_items
[0m10:25:26.967697 [debug] [Thread-2 (]: Using snowflake connection "model.dbt_olist_data_model.fct_order_items"
[0m10:25:26.969696 [debug] [Thread-2 (]: On model.dbt_olist_data_model.fct_order_items: create or replace  temporary view OLIST_DW.gold.fct_order_items__dbt_tmp
  
  
  
  
  as (
    

select
    oi.order_id,
    oi.order_item_id,
    md5(o.customer_id) as customer_sk,
    md5(oi.product_id) as product_sk,
    md5(oi.seller_id) as seller_sk,
    oi.price,
    oi.freight_value,
    oi.ingested_at
from OLIST_DW.silver.slv_order_items oi
left join OLIST_DW.silver.slv_orders o on oi.order_id = o.order_id


where oi.ingested_at > (select max(ingested_at) from OLIST_DW.gold.fct_order_items)

  )
/* {"app": "dbt", "dbt_version": "1.12.0", "profile_name": "dbt_olist_data_model", "target_name": "dev", "node_id": "model.dbt_olist_data_model.fct_order_items"} */;
[0m10:25:27.479818 [debug] [Thread-2 (]: SQL status: SUCCESS 1 in 0.508 seconds
[0m10:25:27.481811 [debug] [Thread-2 (]: Using snowflake connection "model.dbt_olist_data_model.fct_order_items"
[0m10:25:27.482810 [debug] [Thread-2 (]: On model.dbt_olist_data_model.fct_order_items: describe table OLIST_DW.gold.fct_order_items__dbt_tmp
/* {"app": "dbt", "dbt_version": "1.12.0", "profile_name": "dbt_olist_data_model", "target_name": "dev", "node_id": "model.dbt_olist_data_model.fct_order_items"} */
[0m10:25:27.759891 [debug] [Thread-2 (]: SQL status: SUCCESS 8 in 0.276 seconds
[0m10:25:27.767892 [debug] [Thread-2 (]: Using snowflake connection "model.dbt_olist_data_model.fct_order_items"
[0m10:25:27.768890 [debug] [Thread-2 (]: On model.dbt_olist_data_model.fct_order_items: describe table OLIST_DW.gold.fct_order_items
/* {"app": "dbt", "dbt_version": "1.12.0", "profile_name": "dbt_olist_data_model", "target_name": "dev", "node_id": "model.dbt_olist_data_model.fct_order_items"} */
[0m10:25:28.015602 [debug] [Thread-2 (]: SQL status: SUCCESS 8 in 0.245 seconds
[0m10:25:28.023541 [debug] [Thread-2 (]: Using snowflake connection "model.dbt_olist_data_model.fct_order_items"
[0m10:25:28.025536 [debug] [Thread-2 (]: On model.dbt_olist_data_model.fct_order_items: describe table "OLIST_DW"."GOLD"."FCT_ORDER_ITEMS"
/* {"app": "dbt", "dbt_version": "1.12.0", "profile_name": "dbt_olist_data_model", "target_name": "dev", "node_id": "model.dbt_olist_data_model.fct_order_items"} */
[0m10:25:28.387307 [debug] [Thread-2 (]: SQL status: SUCCESS 8 in 0.360 seconds
[0m10:25:28.394297 [debug] [Thread-2 (]: Writing runtime sql for node "model.dbt_olist_data_model.fct_order_items"
[0m10:25:28.398291 [debug] [Thread-2 (]: Using snowflake connection "model.dbt_olist_data_model.fct_order_items"
[0m10:25:28.398291 [debug] [Thread-2 (]: On model.dbt_olist_data_model.fct_order_items: -- back compat for old kwarg name
  
  begin
/* {"app": "dbt", "dbt_version": "1.12.0", "profile_name": "dbt_olist_data_model", "target_name": "dev", "node_id": "model.dbt_olist_data_model.fct_order_items"} */;
[0m10:25:28.710467 [debug] [Thread-2 (]: SQL status: SUCCESS 1 in 0.310 seconds
[0m10:25:28.711471 [debug] [Thread-2 (]: Using snowflake connection "model.dbt_olist_data_model.fct_order_items"
[0m10:25:28.712460 [debug] [Thread-2 (]: On model.dbt_olist_data_model.fct_order_items: merge into OLIST_DW.gold.fct_order_items as DBT_INTERNAL_DEST
        using OLIST_DW.gold.fct_order_items__dbt_tmp as DBT_INTERNAL_SOURCE
        on (
                    DBT_INTERNAL_SOURCE.order_id = DBT_INTERNAL_DEST.order_id
                ) and (
                    DBT_INTERNAL_SOURCE.order_item_id = DBT_INTERNAL_DEST.order_item_id
                )

    
    when matched then update set
        "ORDER_ID" = DBT_INTERNAL_SOURCE."ORDER_ID","ORDER_ITEM_ID" = DBT_INTERNAL_SOURCE."ORDER_ITEM_ID","CUSTOMER_SK" = DBT_INTERNAL_SOURCE."CUSTOMER_SK","PRODUCT_SK" = DBT_INTERNAL_SOURCE."PRODUCT_SK","SELLER_SK" = DBT_INTERNAL_SOURCE."SELLER_SK","PRICE" = DBT_INTERNAL_SOURCE."PRICE","FREIGHT_VALUE" = DBT_INTERNAL_SOURCE."FREIGHT_VALUE","INGESTED_AT" = DBT_INTERNAL_SOURCE."INGESTED_AT"
    

    when not matched then insert
        ("ORDER_ID", "ORDER_ITEM_ID", "CUSTOMER_SK", "PRODUCT_SK", "SELLER_SK", "PRICE", "FREIGHT_VALUE", "INGESTED_AT")
    values
        ("ORDER_ID", "ORDER_ITEM_ID", "CUSTOMER_SK", "PRODUCT_SK", "SELLER_SK", "PRICE", "FREIGHT_VALUE", "INGESTED_AT")


/* {"app": "dbt", "dbt_version": "1.12.0", "profile_name": "dbt_olist_data_model", "target_name": "dev", "node_id": "model.dbt_olist_data_model.fct_order_items"} */;
[0m10:25:29.387616 [debug] [Thread-2 (]: SQL status: SUCCESS 0 in 0.673 seconds
[0m10:25:29.388615 [debug] [Thread-2 (]: Using snowflake connection "model.dbt_olist_data_model.fct_order_items"
[0m10:25:29.390617 [debug] [Thread-2 (]: On model.dbt_olist_data_model.fct_order_items: COMMIT
/* {"app": "dbt", "dbt_version": "1.12.0", "profile_name": "dbt_olist_data_model", "target_name": "dev", "node_id": "model.dbt_olist_data_model.fct_order_items"} */
[0m10:25:30.220914 [debug] [Thread-2 (]: SQL status: SUCCESS 1 in 0.829 seconds
[0m10:25:30.225914 [debug] [Thread-2 (]: Applying DROP to: OLIST_DW.gold.fct_order_items__dbt_tmp
[0m10:25:30.229912 [debug] [Thread-2 (]: Using snowflake connection "model.dbt_olist_data_model.fct_order_items"
[0m10:25:30.231908 [debug] [Thread-2 (]: On model.dbt_olist_data_model.fct_order_items: drop view if exists OLIST_DW.gold.fct_order_items__dbt_tmp cascade
/* {"app": "dbt", "dbt_version": "1.12.0", "profile_name": "dbt_olist_data_model", "target_name": "dev", "node_id": "model.dbt_olist_data_model.fct_order_items"} */
[0m10:25:30.630463 [debug] [Thread-2 (]: SQL status: SUCCESS 1 in 0.395 seconds
[0m10:25:30.641462 [debug] [Thread-2 (]: Sending event: {'category': 'dbt', 'action': 'run_model', 'label': '4fe2c6c3-25d4-4a15-9422-861e4cac0d03', 'context': [<snowplow_tracker.self_describing_json.SelfDescribingJson object at 0x000001DC96760FD0>]}
[0m10:25:30.645459 [info ] [Thread-2 (]: 22 of 25 OK created sql incremental model gold.fct_order_items ................. [[32mSUCCESS 0[0m in 3.69s]
[0m10:25:30.649513 [debug] [Thread-2 (]: Finished running node model.dbt_olist_data_model.fct_order_items
[0m10:25:30.651896 [debug] [Thread-2 (]: Began running node model.dbt_olist_data_model.fct_orders
[0m10:25:30.653891 [info ] [Thread-2 (]: 23 of 25 START sql incremental model gold.fct_orders ........................... [RUN]
[0m10:25:30.656899 [debug] [Thread-2 (]: Re-using an available connection from the pool (formerly model.dbt_olist_data_model.fct_order_items, now model.dbt_olist_data_model.fct_orders)
[0m10:25:30.658902 [debug] [Thread-2 (]: Began compiling node model.dbt_olist_data_model.fct_orders
[0m10:25:30.666891 [debug] [Thread-2 (]: Writing injected SQL for node "model.dbt_olist_data_model.fct_orders"
[0m10:25:30.670896 [debug] [Thread-2 (]: Began executing node model.dbt_olist_data_model.fct_orders
[0m10:25:30.678668 [debug] [Thread-2 (]: Using snowflake connection "model.dbt_olist_data_model.fct_orders"
[0m10:25:30.680672 [debug] [Thread-2 (]: On model.dbt_olist_data_model.fct_orders: create or replace  temporary view OLIST_DW.gold.fct_orders__dbt_tmp
  
  
  
  
  as (
    

with items_agg as (
    select
        order_id,
        count(*) as item_count,
        sum(price) as total_price,
        sum(freight_value) as total_freight
    from OLIST_DW.silver.slv_order_items
    group by order_id
),

payments_agg as (
    select
        order_id,
        sum(payment_value) as total_payment_value,
        count(*) as installment_count
    from OLIST_DW.silver.slv_order_payments
    group by order_id
),

reviews_agg as (
    select
        order_id,
        avg(review_score) as avg_review_score,
        max(has_comment::int)::boolean as has_any_comment
    from OLIST_DW.silver.slv_order_reviews
    group by order_id
)

select
    o.order_id,
    md5(o.customer_id) as customer_sk,

    o.is_delivered,
    o.is_late,
    o.delivery_days,

    ia.item_count,
    ia.total_price,
    ia.total_freight,

    pa.total_payment_value,
    pa.installment_count,

    ra.avg_review_score,
    ra.has_any_comment,

    o.ingested_at
from OLIST_DW.silver.slv_orders o
left join items_agg ia on o.order_id = ia.order_id
left join payments_agg pa on o.order_id = pa.order_id
left join reviews_agg ra on o.order_id = ra.order_id


where o.ingested_at > (select max(ingested_at) from OLIST_DW.gold.fct_orders)

  )
/* {"app": "dbt", "dbt_version": "1.12.0", "profile_name": "dbt_olist_data_model", "target_name": "dev", "node_id": "model.dbt_olist_data_model.fct_orders"} */;
[0m10:25:31.243584 [debug] [Thread-2 (]: SQL status: SUCCESS 1 in 0.560 seconds
[0m10:25:31.246556 [debug] [Thread-2 (]: Using snowflake connection "model.dbt_olist_data_model.fct_orders"
[0m10:25:31.248525 [debug] [Thread-2 (]: On model.dbt_olist_data_model.fct_orders: describe table OLIST_DW.gold.fct_orders__dbt_tmp
/* {"app": "dbt", "dbt_version": "1.12.0", "profile_name": "dbt_olist_data_model", "target_name": "dev", "node_id": "model.dbt_olist_data_model.fct_orders"} */
[0m10:25:31.564987 [debug] [Thread-2 (]: SQL status: SUCCESS 13 in 0.315 seconds
[0m10:25:31.568986 [debug] [Thread-2 (]: Using snowflake connection "model.dbt_olist_data_model.fct_orders"
[0m10:25:31.570050 [debug] [Thread-2 (]: On model.dbt_olist_data_model.fct_orders: describe table OLIST_DW.gold.fct_orders
/* {"app": "dbt", "dbt_version": "1.12.0", "profile_name": "dbt_olist_data_model", "target_name": "dev", "node_id": "model.dbt_olist_data_model.fct_orders"} */
[0m10:25:31.830640 [debug] [Thread-2 (]: SQL status: SUCCESS 13 in 0.259 seconds
[0m10:25:31.850619 [debug] [Thread-2 (]: Using snowflake connection "model.dbt_olist_data_model.fct_orders"
[0m10:25:31.851621 [debug] [Thread-2 (]: On model.dbt_olist_data_model.fct_orders: describe table "OLIST_DW"."GOLD"."FCT_ORDERS"
/* {"app": "dbt", "dbt_version": "1.12.0", "profile_name": "dbt_olist_data_model", "target_name": "dev", "node_id": "model.dbt_olist_data_model.fct_orders"} */
[0m10:25:32.151792 [debug] [Thread-2 (]: SQL status: SUCCESS 13 in 0.298 seconds
[0m10:25:32.163787 [debug] [Thread-2 (]: Writing runtime sql for node "model.dbt_olist_data_model.fct_orders"
[0m10:25:32.176789 [debug] [Thread-2 (]: Using snowflake connection "model.dbt_olist_data_model.fct_orders"
[0m10:25:32.178791 [debug] [Thread-2 (]: On model.dbt_olist_data_model.fct_orders: -- back compat for old kwarg name
  
  begin
/* {"app": "dbt", "dbt_version": "1.12.0", "profile_name": "dbt_olist_data_model", "target_name": "dev", "node_id": "model.dbt_olist_data_model.fct_orders"} */;
[0m10:25:32.486791 [debug] [Thread-2 (]: SQL status: SUCCESS 1 in 0.306 seconds
[0m10:25:32.487795 [debug] [Thread-2 (]: Using snowflake connection "model.dbt_olist_data_model.fct_orders"
[0m10:25:32.489790 [debug] [Thread-2 (]: On model.dbt_olist_data_model.fct_orders: merge into OLIST_DW.gold.fct_orders as DBT_INTERNAL_DEST
        using OLIST_DW.gold.fct_orders__dbt_tmp as DBT_INTERNAL_SOURCE
        on ((DBT_INTERNAL_SOURCE.order_id = DBT_INTERNAL_DEST.order_id))

    
    when matched then update set
        "ORDER_ID" = DBT_INTERNAL_SOURCE."ORDER_ID","CUSTOMER_SK" = DBT_INTERNAL_SOURCE."CUSTOMER_SK","IS_DELIVERED" = DBT_INTERNAL_SOURCE."IS_DELIVERED","IS_LATE" = DBT_INTERNAL_SOURCE."IS_LATE","DELIVERY_DAYS" = DBT_INTERNAL_SOURCE."DELIVERY_DAYS","ITEM_COUNT" = DBT_INTERNAL_SOURCE."ITEM_COUNT","TOTAL_PRICE" = DBT_INTERNAL_SOURCE."TOTAL_PRICE","TOTAL_FREIGHT" = DBT_INTERNAL_SOURCE."TOTAL_FREIGHT","TOTAL_PAYMENT_VALUE" = DBT_INTERNAL_SOURCE."TOTAL_PAYMENT_VALUE","INSTALLMENT_COUNT" = DBT_INTERNAL_SOURCE."INSTALLMENT_COUNT","AVG_REVIEW_SCORE" = DBT_INTERNAL_SOURCE."AVG_REVIEW_SCORE","HAS_ANY_COMMENT" = DBT_INTERNAL_SOURCE."HAS_ANY_COMMENT","INGESTED_AT" = DBT_INTERNAL_SOURCE."INGESTED_AT"
    

    when not matched then insert
        ("ORDER_ID", "CUSTOMER_SK", "IS_DELIVERED", "IS_LATE", "DELIVERY_DAYS", "ITEM_COUNT", "TOTAL_PRICE", "TOTAL_FREIGHT", "TOTAL_PAYMENT_VALUE", "INSTALLMENT_COUNT", "AVG_REVIEW_SCORE", "HAS_ANY_COMMENT", "INGESTED_AT")
    values
        ("ORDER_ID", "CUSTOMER_SK", "IS_DELIVERED", "IS_LATE", "DELIVERY_DAYS", "ITEM_COUNT", "TOTAL_PRICE", "TOTAL_FREIGHT", "TOTAL_PAYMENT_VALUE", "INSTALLMENT_COUNT", "AVG_REVIEW_SCORE", "HAS_ANY_COMMENT", "INGESTED_AT")


/* {"app": "dbt", "dbt_version": "1.12.0", "profile_name": "dbt_olist_data_model", "target_name": "dev", "node_id": "model.dbt_olist_data_model.fct_orders"} */;
[0m10:25:33.339783 [debug] [Thread-2 (]: SQL status: SUCCESS 0 in 0.848 seconds
[0m10:25:33.344403 [debug] [Thread-2 (]: Using snowflake connection "model.dbt_olist_data_model.fct_orders"
[0m10:25:33.349400 [debug] [Thread-2 (]: On model.dbt_olist_data_model.fct_orders: COMMIT
/* {"app": "dbt", "dbt_version": "1.12.0", "profile_name": "dbt_olist_data_model", "target_name": "dev", "node_id": "model.dbt_olist_data_model.fct_orders"} */
[0m10:25:33.734991 [debug] [Thread-2 (]: SQL status: SUCCESS 1 in 0.383 seconds
[0m10:25:33.738977 [debug] [Thread-2 (]: Applying DROP to: OLIST_DW.gold.fct_orders__dbt_tmp
[0m10:25:33.741978 [debug] [Thread-2 (]: Using snowflake connection "model.dbt_olist_data_model.fct_orders"
[0m10:25:33.742975 [debug] [Thread-2 (]: On model.dbt_olist_data_model.fct_orders: drop view if exists OLIST_DW.gold.fct_orders__dbt_tmp cascade
/* {"app": "dbt", "dbt_version": "1.12.0", "profile_name": "dbt_olist_data_model", "target_name": "dev", "node_id": "model.dbt_olist_data_model.fct_orders"} */
[0m10:25:34.057727 [debug] [Thread-2 (]: SQL status: SUCCESS 1 in 0.313 seconds
[0m10:25:34.063696 [debug] [Thread-2 (]: Sending event: {'category': 'dbt', 'action': 'run_model', 'label': '4fe2c6c3-25d4-4a15-9422-861e4cac0d03', 'context': [<snowplow_tracker.self_describing_json.SelfDescribingJson object at 0x000001DC966EAD50>]}
[0m10:25:35.926584 [debug] [Thread-2 (]: An error was encountered while trying to send an event
[0m10:25:35.928585 [info ] [Thread-2 (]: 23 of 25 OK created sql incremental model gold.fct_orders ...................... [[32mSUCCESS 0[0m in 3.41s]
[0m10:25:35.930585 [debug] [Thread-2 (]: Finished running node model.dbt_olist_data_model.fct_orders
[0m10:25:35.932585 [debug] [Thread-2 (]: Began running node model.dbt_olist_data_model.dim_products
[0m10:25:35.933587 [info ] [Thread-2 (]: 24 of 25 START sql incremental model gold.dim_products ......................... [RUN]
[0m10:25:35.935586 [debug] [Thread-2 (]: Re-using an available connection from the pool (formerly model.dbt_olist_data_model.fct_orders, now model.dbt_olist_data_model.dim_products)
[0m10:25:35.936585 [debug] [Thread-2 (]: Began compiling node model.dbt_olist_data_model.dim_products
[0m10:25:35.950588 [debug] [Thread-2 (]: Writing injected SQL for node "model.dbt_olist_data_model.dim_products"
[0m10:25:35.953586 [debug] [Thread-2 (]: Began executing node model.dbt_olist_data_model.dim_products
[0m10:25:35.960590 [debug] [Thread-2 (]: Using snowflake connection "model.dbt_olist_data_model.dim_products"
[0m10:25:35.961591 [debug] [Thread-2 (]: On model.dbt_olist_data_model.dim_products: create or replace  temporary view OLIST_DW.gold.dim_products__dbt_tmp
  
  
  
  
  as (
    

select
    md5(product_id) as product_sk,
    product_id,
    product_category_name,
    product_category_name_english,
    product_name_length,
    product_description_length,
    product_photos_qty,
    product_weight_g,
    product_length_cm,
    product_height_cm,
    product_width_cm,
    ingested_at
from OLIST_DW.silver.slv_products


where ingested_at > (select max(ingested_at) from OLIST_DW.gold.dim_products)

  )
/* {"app": "dbt", "dbt_version": "1.12.0", "profile_name": "dbt_olist_data_model", "target_name": "dev", "node_id": "model.dbt_olist_data_model.dim_products"} */;
[0m10:25:36.507695 [debug] [Thread-2 (]: SQL status: SUCCESS 1 in 0.544 seconds
[0m10:25:36.512693 [debug] [Thread-2 (]: Using snowflake connection "model.dbt_olist_data_model.dim_products"
[0m10:25:36.514663 [debug] [Thread-2 (]: On model.dbt_olist_data_model.dim_products: describe table OLIST_DW.gold.dim_products__dbt_tmp
/* {"app": "dbt", "dbt_version": "1.12.0", "profile_name": "dbt_olist_data_model", "target_name": "dev", "node_id": "model.dbt_olist_data_model.dim_products"} */
[0m10:25:36.778856 [debug] [Thread-2 (]: SQL status: SUCCESS 12 in 0.262 seconds
[0m10:25:36.785836 [debug] [Thread-2 (]: Using snowflake connection "model.dbt_olist_data_model.dim_products"
[0m10:25:36.787839 [debug] [Thread-2 (]: On model.dbt_olist_data_model.dim_products: describe table OLIST_DW.gold.dim_products
/* {"app": "dbt", "dbt_version": "1.12.0", "profile_name": "dbt_olist_data_model", "target_name": "dev", "node_id": "model.dbt_olist_data_model.dim_products"} */
[0m10:25:37.054775 [debug] [Thread-2 (]: SQL status: SUCCESS 12 in 0.264 seconds
[0m10:25:37.061778 [debug] [Thread-2 (]: Using snowflake connection "model.dbt_olist_data_model.dim_products"
[0m10:25:37.063776 [debug] [Thread-2 (]: On model.dbt_olist_data_model.dim_products: describe table "OLIST_DW"."GOLD"."DIM_PRODUCTS"
/* {"app": "dbt", "dbt_version": "1.12.0", "profile_name": "dbt_olist_data_model", "target_name": "dev", "node_id": "model.dbt_olist_data_model.dim_products"} */
[0m10:25:37.354467 [debug] [Thread-2 (]: SQL status: SUCCESS 12 in 0.287 seconds
[0m10:25:37.368467 [debug] [Thread-2 (]: Writing runtime sql for node "model.dbt_olist_data_model.dim_products"
[0m10:25:37.374333 [debug] [Thread-2 (]: Using snowflake connection "model.dbt_olist_data_model.dim_products"
[0m10:25:37.376370 [debug] [Thread-2 (]: On model.dbt_olist_data_model.dim_products: -- back compat for old kwarg name
  
  begin
/* {"app": "dbt", "dbt_version": "1.12.0", "profile_name": "dbt_olist_data_model", "target_name": "dev", "node_id": "model.dbt_olist_data_model.dim_products"} */;
[0m10:25:37.703113 [debug] [Thread-2 (]: SQL status: SUCCESS 1 in 0.325 seconds
[0m10:25:37.705112 [debug] [Thread-2 (]: Using snowflake connection "model.dbt_olist_data_model.dim_products"
[0m10:25:37.709060 [debug] [Thread-2 (]: On model.dbt_olist_data_model.dim_products: merge into OLIST_DW.gold.dim_products as DBT_INTERNAL_DEST
        using OLIST_DW.gold.dim_products__dbt_tmp as DBT_INTERNAL_SOURCE
        on ((DBT_INTERNAL_SOURCE.product_id = DBT_INTERNAL_DEST.product_id))

    
    when matched then update set
        "PRODUCT_SK" = DBT_INTERNAL_SOURCE."PRODUCT_SK","PRODUCT_ID" = DBT_INTERNAL_SOURCE."PRODUCT_ID","PRODUCT_CATEGORY_NAME" = DBT_INTERNAL_SOURCE."PRODUCT_CATEGORY_NAME","PRODUCT_CATEGORY_NAME_ENGLISH" = DBT_INTERNAL_SOURCE."PRODUCT_CATEGORY_NAME_ENGLISH","PRODUCT_NAME_LENGTH" = DBT_INTERNAL_SOURCE."PRODUCT_NAME_LENGTH","PRODUCT_DESCRIPTION_LENGTH" = DBT_INTERNAL_SOURCE."PRODUCT_DESCRIPTION_LENGTH","PRODUCT_PHOTOS_QTY" = DBT_INTERNAL_SOURCE."PRODUCT_PHOTOS_QTY","PRODUCT_WEIGHT_G" = DBT_INTERNAL_SOURCE."PRODUCT_WEIGHT_G","PRODUCT_LENGTH_CM" = DBT_INTERNAL_SOURCE."PRODUCT_LENGTH_CM","PRODUCT_HEIGHT_CM" = DBT_INTERNAL_SOURCE."PRODUCT_HEIGHT_CM","PRODUCT_WIDTH_CM" = DBT_INTERNAL_SOURCE."PRODUCT_WIDTH_CM","INGESTED_AT" = DBT_INTERNAL_SOURCE."INGESTED_AT"
    

    when not matched then insert
        ("PRODUCT_SK", "PRODUCT_ID", "PRODUCT_CATEGORY_NAME", "PRODUCT_CATEGORY_NAME_ENGLISH", "PRODUCT_NAME_LENGTH", "PRODUCT_DESCRIPTION_LENGTH", "PRODUCT_PHOTOS_QTY", "PRODUCT_WEIGHT_G", "PRODUCT_LENGTH_CM", "PRODUCT_HEIGHT_CM", "PRODUCT_WIDTH_CM", "INGESTED_AT")
    values
        ("PRODUCT_SK", "PRODUCT_ID", "PRODUCT_CATEGORY_NAME", "PRODUCT_CATEGORY_NAME_ENGLISH", "PRODUCT_NAME_LENGTH", "PRODUCT_DESCRIPTION_LENGTH", "PRODUCT_PHOTOS_QTY", "PRODUCT_WEIGHT_G", "PRODUCT_LENGTH_CM", "PRODUCT_HEIGHT_CM", "PRODUCT_WIDTH_CM", "INGESTED_AT")


/* {"app": "dbt", "dbt_version": "1.12.0", "profile_name": "dbt_olist_data_model", "target_name": "dev", "node_id": "model.dbt_olist_data_model.dim_products"} */;
[0m10:25:38.357153 [debug] [Thread-2 (]: SQL status: SUCCESS 0 in 0.645 seconds
[0m10:25:38.360156 [debug] [Thread-2 (]: Using snowflake connection "model.dbt_olist_data_model.dim_products"
[0m10:25:38.364122 [debug] [Thread-2 (]: On model.dbt_olist_data_model.dim_products: COMMIT
/* {"app": "dbt", "dbt_version": "1.12.0", "profile_name": "dbt_olist_data_model", "target_name": "dev", "node_id": "model.dbt_olist_data_model.dim_products"} */
[0m10:25:38.765919 [debug] [Thread-2 (]: SQL status: SUCCESS 1 in 0.398 seconds
[0m10:25:38.776916 [debug] [Thread-2 (]: Applying DROP to: OLIST_DW.gold.dim_products__dbt_tmp
[0m10:25:38.781861 [debug] [Thread-2 (]: Using snowflake connection "model.dbt_olist_data_model.dim_products"
[0m10:25:38.784403 [debug] [Thread-2 (]: On model.dbt_olist_data_model.dim_products: drop view if exists OLIST_DW.gold.dim_products__dbt_tmp cascade
/* {"app": "dbt", "dbt_version": "1.12.0", "profile_name": "dbt_olist_data_model", "target_name": "dev", "node_id": "model.dbt_olist_data_model.dim_products"} */
[0m10:25:39.089844 [debug] [Thread-2 (]: SQL status: SUCCESS 1 in 0.303 seconds
[0m10:25:39.093850 [debug] [Thread-2 (]: Sending event: {'category': 'dbt', 'action': 'run_model', 'label': '4fe2c6c3-25d4-4a15-9422-861e4cac0d03', 'context': [<snowplow_tracker.self_describing_json.SelfDescribingJson object at 0x000001DC9392E290>]}
[0m10:25:39.094843 [info ] [Thread-2 (]: 24 of 25 OK created sql incremental model gold.dim_products .................... [[32mSUCCESS 0[0m in 3.16s]
[0m10:25:39.096842 [debug] [Thread-2 (]: Finished running node model.dbt_olist_data_model.dim_products
[0m10:25:39.098849 [debug] [Thread-2 (]: Began running node model.dbt_olist_data_model.dim_sellers
[0m10:25:39.099842 [info ] [Thread-2 (]: 25 of 25 START sql incremental model gold.dim_sellers .......................... [RUN]
[0m10:25:39.102847 [debug] [Thread-2 (]: Re-using an available connection from the pool (formerly model.dbt_olist_data_model.dim_products, now model.dbt_olist_data_model.dim_sellers)
[0m10:25:39.105848 [debug] [Thread-2 (]: Began compiling node model.dbt_olist_data_model.dim_sellers
[0m10:25:39.116843 [debug] [Thread-2 (]: Writing injected SQL for node "model.dbt_olist_data_model.dim_sellers"
[0m10:25:39.119841 [debug] [Thread-2 (]: Began executing node model.dbt_olist_data_model.dim_sellers
[0m10:25:39.125847 [debug] [Thread-2 (]: Using snowflake connection "model.dbt_olist_data_model.dim_sellers"
[0m10:25:39.127870 [debug] [Thread-2 (]: On model.dbt_olist_data_model.dim_sellers: create or replace  temporary view OLIST_DW.gold.dim_sellers__dbt_tmp
  
  
  
  
  as (
    

select
    md5(seller_id) as seller_sk,
    seller_id,
    seller_city,
    seller_state,
    seller_zip_code_prefix,
    ingested_at
from OLIST_DW.silver.slv_sellers


where ingested_at > (select max(ingested_at) from OLIST_DW.gold.dim_sellers)

  )
/* {"app": "dbt", "dbt_version": "1.12.0", "profile_name": "dbt_olist_data_model", "target_name": "dev", "node_id": "model.dbt_olist_data_model.dim_sellers"} */;
[0m10:25:39.591273 [debug] [Thread-2 (]: SQL status: SUCCESS 1 in 0.461 seconds
[0m10:25:39.595272 [debug] [Thread-2 (]: Using snowflake connection "model.dbt_olist_data_model.dim_sellers"
[0m10:25:39.597272 [debug] [Thread-2 (]: On model.dbt_olist_data_model.dim_sellers: describe table OLIST_DW.gold.dim_sellers__dbt_tmp
/* {"app": "dbt", "dbt_version": "1.12.0", "profile_name": "dbt_olist_data_model", "target_name": "dev", "node_id": "model.dbt_olist_data_model.dim_sellers"} */
[0m10:25:39.882464 [debug] [Thread-2 (]: SQL status: SUCCESS 6 in 0.283 seconds
[0m10:25:39.888466 [debug] [Thread-2 (]: Using snowflake connection "model.dbt_olist_data_model.dim_sellers"
[0m10:25:39.890418 [debug] [Thread-2 (]: On model.dbt_olist_data_model.dim_sellers: describe table OLIST_DW.gold.dim_sellers
/* {"app": "dbt", "dbt_version": "1.12.0", "profile_name": "dbt_olist_data_model", "target_name": "dev", "node_id": "model.dbt_olist_data_model.dim_sellers"} */
[0m10:25:40.174107 [debug] [Thread-2 (]: SQL status: SUCCESS 6 in 0.281 seconds
[0m10:25:40.179100 [debug] [Thread-2 (]: Using snowflake connection "model.dbt_olist_data_model.dim_sellers"
[0m10:25:40.180097 [debug] [Thread-2 (]: On model.dbt_olist_data_model.dim_sellers: describe table "OLIST_DW"."GOLD"."DIM_SELLERS"
/* {"app": "dbt", "dbt_version": "1.12.0", "profile_name": "dbt_olist_data_model", "target_name": "dev", "node_id": "model.dbt_olist_data_model.dim_sellers"} */
[0m10:25:40.467452 [debug] [Thread-2 (]: SQL status: SUCCESS 6 in 0.286 seconds
[0m10:25:40.471445 [debug] [Thread-2 (]: Writing runtime sql for node "model.dbt_olist_data_model.dim_sellers"
[0m10:25:40.476446 [debug] [Thread-2 (]: Using snowflake connection "model.dbt_olist_data_model.dim_sellers"
[0m10:25:40.477408 [debug] [Thread-2 (]: On model.dbt_olist_data_model.dim_sellers: -- back compat for old kwarg name
  
  begin
/* {"app": "dbt", "dbt_version": "1.12.0", "profile_name": "dbt_olist_data_model", "target_name": "dev", "node_id": "model.dbt_olist_data_model.dim_sellers"} */;
[0m10:25:40.833127 [debug] [Thread-2 (]: SQL status: SUCCESS 1 in 0.354 seconds
[0m10:25:40.836101 [debug] [Thread-2 (]: Using snowflake connection "model.dbt_olist_data_model.dim_sellers"
[0m10:25:40.839065 [debug] [Thread-2 (]: On model.dbt_olist_data_model.dim_sellers: merge into OLIST_DW.gold.dim_sellers as DBT_INTERNAL_DEST
        using OLIST_DW.gold.dim_sellers__dbt_tmp as DBT_INTERNAL_SOURCE
        on ((DBT_INTERNAL_SOURCE.seller_id = DBT_INTERNAL_DEST.seller_id))

    
    when matched then update set
        "SELLER_SK" = DBT_INTERNAL_SOURCE."SELLER_SK","SELLER_ID" = DBT_INTERNAL_SOURCE."SELLER_ID","SELLER_CITY" = DBT_INTERNAL_SOURCE."SELLER_CITY","SELLER_STATE" = DBT_INTERNAL_SOURCE."SELLER_STATE","SELLER_ZIP_CODE_PREFIX" = DBT_INTERNAL_SOURCE."SELLER_ZIP_CODE_PREFIX","INGESTED_AT" = DBT_INTERNAL_SOURCE."INGESTED_AT"
    

    when not matched then insert
        ("SELLER_SK", "SELLER_ID", "SELLER_CITY", "SELLER_STATE", "SELLER_ZIP_CODE_PREFIX", "INGESTED_AT")
    values
        ("SELLER_SK", "SELLER_ID", "SELLER_CITY", "SELLER_STATE", "SELLER_ZIP_CODE_PREFIX", "INGESTED_AT")


/* {"app": "dbt", "dbt_version": "1.12.0", "profile_name": "dbt_olist_data_model", "target_name": "dev", "node_id": "model.dbt_olist_data_model.dim_sellers"} */;
[0m10:25:41.730704 [debug] [Thread-2 (]: SQL status: SUCCESS 0 in 0.890 seconds
[0m10:25:41.733705 [debug] [Thread-2 (]: Using snowflake connection "model.dbt_olist_data_model.dim_sellers"
[0m10:25:41.738714 [debug] [Thread-2 (]: On model.dbt_olist_data_model.dim_sellers: COMMIT
/* {"app": "dbt", "dbt_version": "1.12.0", "profile_name": "dbt_olist_data_model", "target_name": "dev", "node_id": "model.dbt_olist_data_model.dim_sellers"} */
[0m10:25:42.373919 [debug] [Thread-2 (]: SQL status: SUCCESS 1 in 0.631 seconds
[0m10:25:42.377905 [debug] [Thread-2 (]: Applying DROP to: OLIST_DW.gold.dim_sellers__dbt_tmp
[0m10:25:42.379779 [debug] [Thread-2 (]: Using snowflake connection "model.dbt_olist_data_model.dim_sellers"
[0m10:25:42.381742 [debug] [Thread-2 (]: On model.dbt_olist_data_model.dim_sellers: drop view if exists OLIST_DW.gold.dim_sellers__dbt_tmp cascade
/* {"app": "dbt", "dbt_version": "1.12.0", "profile_name": "dbt_olist_data_model", "target_name": "dev", "node_id": "model.dbt_olist_data_model.dim_sellers"} */
[0m10:25:42.829172 [debug] [Thread-2 (]: SQL status: SUCCESS 1 in 0.445 seconds
[0m10:25:42.840181 [debug] [Thread-2 (]: Sending event: {'category': 'dbt', 'action': 'run_model', 'label': '4fe2c6c3-25d4-4a15-9422-861e4cac0d03', 'context': [<snowplow_tracker.self_describing_json.SelfDescribingJson object at 0x000001DC953C40D0>]}
[0m10:25:42.844121 [info ] [Thread-2 (]: 25 of 25 OK created sql incremental model gold.dim_sellers ..................... [[32mSUCCESS 0[0m in 3.74s]
[0m10:25:42.847707 [debug] [Thread-2 (]: Finished running node model.dbt_olist_data_model.dim_sellers
[0m10:25:42.852203 [debug] [MainThread]: Connection 'master' was properly closed.
[0m10:25:42.854206 [debug] [MainThread]: Connection 'list_OLIST_DW' was left open.
[0m10:25:42.856201 [debug] [MainThread]: On list_OLIST_DW: Close
[0m10:25:43.313823 [debug] [MainThread]: Connection 'list_OLIST_DW_gold' was left open.
[0m10:25:43.314825 [debug] [MainThread]: On list_OLIST_DW_gold: Close
[0m10:25:43.794468 [debug] [MainThread]: Connection 'model.dbt_olist_data_model.dim_sellers' was left open.
[0m10:25:43.797452 [debug] [MainThread]: On model.dbt_olist_data_model.dim_sellers: Close
[0m10:25:44.527873 [info ] [MainThread]: 
[0m10:25:44.529005 [info ] [MainThread]: Finished running 25 incremental models in 0 hours 2 minutes and 18.35 seconds (138.35s).
[0m10:25:44.537103 [debug] [MainThread]: Command end result
[0m10:25:44.615107 [debug] [MainThread]: Wrote artifact WritableManifest to C:\Users\lenovo\Documents\Data_Engineering\Portfolio\Data-Migration-from-MySQL-Database-to-Migration-with-Full-CI-CD-Pipeline\dbt_olist_data_model\target\manifest.json
[0m10:25:44.621196 [debug] [MainThread]: Wrote artifact SemanticManifest to C:\Users\lenovo\Documents\Data_Engineering\Portfolio\Data-Migration-from-MySQL-Database-to-Migration-with-Full-CI-CD-Pipeline\dbt_olist_data_model\target\semantic_manifest.json
[0m10:25:44.627245 [debug] [MainThread]: Wrote artifact OsiDocument to C:\Users\lenovo\Documents\Data_Engineering\Portfolio\Data-Migration-from-MySQL-Database-to-Migration-with-Full-CI-CD-Pipeline\dbt_olist_data_model\target\osi_document.json
[0m10:25:44.652261 [debug] [MainThread]: Wrote artifact RunExecutionResult to C:\Users\lenovo\Documents\Data_Engineering\Portfolio\Data-Migration-from-MySQL-Database-to-Migration-with-Full-CI-CD-Pipeline\dbt_olist_data_model\target\run_results.json
[0m10:25:44.655262 [info ] [MainThread]: 
[0m10:25:44.658264 [info ] [MainThread]: [32mCompleted successfully[0m
[0m10:25:44.659267 [info ] [MainThread]: 
[0m10:25:44.661262 [info ] [MainThread]: Done. PASS=25 WARN=0 ERROR=0 SKIP=0 NO-OP=0 REUSED=0 TOTAL=25
[0m10:25:44.664264 [debug] [MainThread]: Command `dbt run` succeeded at 10:25:44.664264 after 141.72 seconds
[0m10:25:44.667264 [debug] [MainThread]: Sending event: {'category': 'dbt', 'action': 'invocation', 'label': 'end', 'context': [<snowplow_tracker.self_describing_json.SelfDescribingJson object at 0x000001DC9393F6D0>, <snowplow_tracker.self_describing_json.SelfDescribingJson object at 0x000001DC9393ED10>, <snowplow_tracker.self_describing_json.SelfDescribingJson object at 0x000001DC92186550>]}
[0m10:25:44.672267 [debug] [MainThread]: Flushing usage events
[0m10:25:45.839410 [debug] [MainThread]: An error was encountered while trying to flush usage events
[0m09:13:44.697158 [debug] [MainThread]: Sending event: {'category': 'dbt', 'action': 'invocation', 'label': 'start', 'context': [<snowplow_tracker.self_describing_json.SelfDescribingJson object at 0x000001E67F7E51D0>, <snowplow_tracker.self_describing_json.SelfDescribingJson object at 0x000001E67F6D12D0>, <snowplow_tracker.self_describing_json.SelfDescribingJson object at 0x000001E67F851C90>]}


============================== 09:13:44.719970 | 7a3e6f78-b722-4871-8c73-e2348fe9d22b ==============================
[0m09:13:44.719970 [info ] [MainThread]: Running with dbt=1.12.0
[0m09:13:44.723251 [debug] [MainThread]: running dbt with arguments {'version_check': 'True', 'no_print': 'None', 'static_parser': 'True', 'target_path': 'None', 'warn_error_options': 'WarnErrorOptionsV2(error=[], warn=[], silence=[])', 'maximum_seed_size_mib': '1', 'printer_width': '80', 'write_json': 'True', 'introspect': 'True', 'log_cache_events': 'False', 'empty': 'None', 'cache_selected_only': 'False', 'log_format': 'default', 'debug': 'False', 'fail_fast': 'False', 'partial_parse': 'True', 'send_anonymous_usage_stats': 'True', 'quiet': 'False', 'warn_error': 'None', 'profiles_dir': 'C:\\Users\\lenovo\\.dbt', 'indirect_selection': 'eager', 'hints_enabled': 'True', 'use_colors': 'True', 'use_experimental_parser': 'False', 'invocation_command': 'dbt test --select silver', 'log_path': 'C:\\Users\\lenovo\\Documents\\Data_Engineering\\Portfolio\\Data-Migration-from-MySQL-Database-to-Migration-with-Full-CI-CD-Pipeline\\dbt_olist_data_model\\logs'}
[0m09:13:47.872587 [debug] [MainThread]: Snowflake adapter: Setting snowflake.connector to ERROR (file logging only)
[0m09:13:47.874646 [debug] [MainThread]: Snowflake adapter: Setting botocore to ERROR (file logging only)
[0m09:13:47.876647 [debug] [MainThread]: Snowflake adapter: Setting boto3 to ERROR (file logging only)
[0m09:13:48.919446 [debug] [MainThread]: Sending event: {'category': 'dbt', 'action': 'project_id', 'label': '7a3e6f78-b722-4871-8c73-e2348fe9d22b', 'context': [<snowplow_tracker.self_describing_json.SelfDescribingJson object at 0x000001E601BEFAD0>]}
[0m09:13:49.101189 [debug] [MainThread]: Sending event: {'category': 'dbt', 'action': 'adapter_info', 'label': '7a3e6f78-b722-4871-8c73-e2348fe9d22b', 'context': [<snowplow_tracker.self_describing_json.SelfDescribingJson object at 0x000001E67E398310>]}
[0m09:13:49.106194 [info ] [MainThread]: Registered adapter: snowflake=1.12.0
[0m09:13:50.224130 [debug] [MainThread]: checksum: fa19c417bd532b9cc714519aa84e06d9b91dd956fbccdd320c8e6f600c8f48a8, vars: {}, profile: dbt_olist_data_model, target: dev, version: 1.12.0
[0m09:13:50.811943 [debug] [MainThread]: Partial parsing enabled: 0 files deleted, 0 files added, 0 files changed.
[0m09:13:50.814271 [debug] [MainThread]: Nothing changed, skipping partial parsing.
[0m09:13:50.816095 [debug] [MainThread]: Partial parsing enabled, no changes found, skipping parsing
[0m09:13:50.839315 [debug] [MainThread]: Sending event: {'category': 'dbt', 'action': 'load_project', 'label': '7a3e6f78-b722-4871-8c73-e2348fe9d22b', 'context': [<snowplow_tracker.self_describing_json.SelfDescribingJson object at 0x000001E67F8A9950>]}
[0m09:13:51.405569 [debug] [MainThread]: Wrote artifact WritableManifest to C:\Users\lenovo\Documents\Data_Engineering\Portfolio\Data-Migration-from-MySQL-Database-to-Migration-with-Full-CI-CD-Pipeline\dbt_olist_data_model\target\manifest.json
[0m09:13:51.417304 [debug] [MainThread]: Wrote artifact SemanticManifest to C:\Users\lenovo\Documents\Data_Engineering\Portfolio\Data-Migration-from-MySQL-Database-to-Migration-with-Full-CI-CD-Pipeline\dbt_olist_data_model\target\semantic_manifest.json
[0m09:13:51.615252 [debug] [MainThread]: Wrote artifact OsiDocument to C:\Users\lenovo\Documents\Data_Engineering\Portfolio\Data-Migration-from-MySQL-Database-to-Migration-with-Full-CI-CD-Pipeline\dbt_olist_data_model\target\osi_document.json
[0m09:13:52.158170 [debug] [MainThread]: Sending event: {'category': 'dbt', 'action': 'resource_counts', 'label': '7a3e6f78-b722-4871-8c73-e2348fe9d22b', 'context': [<snowplow_tracker.self_describing_json.SelfDescribingJson object at 0x000001E67B2EB710>]}
[0m09:13:52.160185 [info ] [MainThread]: Found 25 models, 26 data tests, 9 sources, 546 macros
[0m09:13:52.183843 [debug] [MainThread]: Sending event: {'category': 'dbt', 'action': 'runnable_timing', 'label': '7a3e6f78-b722-4871-8c73-e2348fe9d22b', 'context': [<snowplow_tracker.self_describing_json.SelfDescribingJson object at 0x000001E602248050>]}
[0m09:13:52.222732 [info ] [MainThread]: 
[0m09:13:52.244052 [info ] [MainThread]: Concurrency: 1 threads (target='dev')
[0m09:13:52.285892 [info ] [MainThread]: 
[0m09:13:52.325199 [debug] [MainThread]: Acquiring new snowflake connection 'master'
[0m09:13:52.422508 [debug] [ThreadPool]: Acquiring new snowflake connection 'list_OLIST_DW_bronze'
[0m09:13:52.543347 [debug] [ThreadPool]: Using snowflake connection "list_OLIST_DW_bronze"
[0m09:13:52.547359 [debug] [ThreadPool]: On list_OLIST_DW_bronze: show objects in OLIST_DW.bronze
    limit 10000
    

/* {"app": "dbt", "dbt_version": "1.12.0", "profile_name": "dbt_olist_data_model", "target_name": "dev", "connection_name": "list_OLIST_DW_bronze"} */;
[0m09:13:52.554376 [debug] [ThreadPool]: Opening a new connection, currently in state init
[0m09:14:08.443177 [debug] [ThreadPool]: SQL status: SUCCESS 9 in 15.889 seconds
[0m09:14:08.481277 [debug] [ThreadPool]: Using snowflake connection "list_OLIST_DW_bronze"
[0m09:14:08.485274 [debug] [ThreadPool]: On list_OLIST_DW_bronze: show user functions in OLIST_DW.bronze
/* {"app": "dbt", "dbt_version": "1.12.0", "profile_name": "dbt_olist_data_model", "target_name": "dev", "connection_name": "list_OLIST_DW_bronze"} */
[0m09:14:08.802330 [debug] [ThreadPool]: SQL status: SUCCESS 0 in 0.313 seconds
[0m09:14:08.812319 [debug] [ThreadPool]: Re-using an available connection from the pool (formerly list_OLIST_DW_bronze, now list_OLIST_DW_silver)
[0m09:14:08.829274 [debug] [ThreadPool]: Using snowflake connection "list_OLIST_DW_silver"
[0m09:14:08.833267 [debug] [ThreadPool]: On list_OLIST_DW_silver: show objects in OLIST_DW.silver
    limit 10000
    

/* {"app": "dbt", "dbt_version": "1.12.0", "profile_name": "dbt_olist_data_model", "target_name": "dev", "connection_name": "list_OLIST_DW_silver"} */;
[0m09:14:09.664384 [debug] [ThreadPool]: SQL status: SUCCESS 8 in 0.828 seconds
[0m09:14:09.679382 [debug] [ThreadPool]: Using snowflake connection "list_OLIST_DW_silver"
[0m09:14:09.683379 [debug] [ThreadPool]: On list_OLIST_DW_silver: show user functions in OLIST_DW.silver
/* {"app": "dbt", "dbt_version": "1.12.0", "profile_name": "dbt_olist_data_model", "target_name": "dev", "connection_name": "list_OLIST_DW_silver"} */
[0m09:14:09.975244 [debug] [ThreadPool]: SQL status: SUCCESS 0 in 0.288 seconds
[0m09:14:09.985850 [debug] [ThreadPool]: Re-using an available connection from the pool (formerly list_OLIST_DW_silver, now list_OLIST_DW_gold)
[0m09:14:10.004017 [debug] [ThreadPool]: Using snowflake connection "list_OLIST_DW_gold"
[0m09:14:10.016636 [debug] [ThreadPool]: On list_OLIST_DW_gold: show objects in OLIST_DW.gold
    limit 10000
    

/* {"app": "dbt", "dbt_version": "1.12.0", "profile_name": "dbt_olist_data_model", "target_name": "dev", "connection_name": "list_OLIST_DW_gold"} */;
[0m09:14:10.894274 [debug] [ThreadPool]: SQL status: SUCCESS 8 in 0.872 seconds
[0m09:14:10.902276 [debug] [ThreadPool]: Using snowflake connection "list_OLIST_DW_gold"
[0m09:14:10.905647 [debug] [ThreadPool]: On list_OLIST_DW_gold: show user functions in OLIST_DW.gold
/* {"app": "dbt", "dbt_version": "1.12.0", "profile_name": "dbt_olist_data_model", "target_name": "dev", "connection_name": "list_OLIST_DW_gold"} */
[0m09:14:11.200687 [debug] [ThreadPool]: SQL status: SUCCESS 0 in 0.291 seconds
[0m09:14:11.218907 [debug] [MainThread]: Sending event: {'category': 'dbt', 'action': 'runnable_timing', 'label': '7a3e6f78-b722-4871-8c73-e2348fe9d22b', 'context': [<snowplow_tracker.self_describing_json.SelfDescribingJson object at 0x000001E601D432D0>]}
[0m09:14:11.314930 [debug] [Thread-2 (]: Began running node test.dbt_olist_data_model.not_null_slv_customers_customer_id.de8346b1c9
[0m09:14:11.317196 [info ] [Thread-2 (]: 1 of 26 START test not_null_slv_customers_customer_id .......................... [RUN]
[0m09:14:11.321516 [debug] [Thread-2 (]: Acquiring new snowflake connection 'test.dbt_olist_data_model.not_null_slv_customers_customer_id.de8346b1c9'
[0m09:14:11.325213 [debug] [Thread-2 (]: Began compiling node test.dbt_olist_data_model.not_null_slv_customers_customer_id.de8346b1c9
[0m09:14:11.461533 [debug] [Thread-2 (]: Writing injected SQL for node "test.dbt_olist_data_model.not_null_slv_customers_customer_id.de8346b1c9"
[0m09:14:11.469355 [debug] [Thread-2 (]: Began executing node test.dbt_olist_data_model.not_null_slv_customers_customer_id.de8346b1c9
[0m09:14:11.602810 [debug] [Thread-2 (]: Writing runtime sql for node "test.dbt_olist_data_model.not_null_slv_customers_customer_id.de8346b1c9"
[0m09:14:11.612516 [debug] [Thread-2 (]: Using snowflake connection "test.dbt_olist_data_model.not_null_slv_customers_customer_id.de8346b1c9"
[0m09:14:11.615513 [debug] [Thread-2 (]: On test.dbt_olist_data_model.not_null_slv_customers_customer_id.de8346b1c9: select
      count(*) as failures,
      count(*) != 0 as should_warn,
      count(*) != 0 as should_error
    from (
      
    
  
    
    



select customer_id
from OLIST_DW.silver.slv_customers
where customer_id is null



  
  
      
    ) dbt_internal_test
/* {"app": "dbt", "dbt_version": "1.12.0", "profile_name": "dbt_olist_data_model", "target_name": "dev", "node_id": "test.dbt_olist_data_model.not_null_slv_customers_customer_id.de8346b1c9"} */
[0m09:14:11.622176 [debug] [Thread-2 (]: Opening a new connection, currently in state init
[0m09:14:17.037407 [debug] [Thread-2 (]: SQL status: SUCCESS 1 in 5.415 seconds
[0m09:14:17.092664 [info ] [Thread-2 (]: 1 of 26 PASS not_null_slv_customers_customer_id ................................ [[32mPASS[0m in 5.77s]
[0m09:14:17.097900 [debug] [Thread-2 (]: Finished running node test.dbt_olist_data_model.not_null_slv_customers_customer_id.de8346b1c9
[0m09:14:17.101967 [debug] [Thread-2 (]: Began running node test.dbt_olist_data_model.not_null_slv_geolocation_geolocation_id.6ed2171d0c
[0m09:14:17.108485 [info ] [Thread-2 (]: 2 of 26 START test not_null_slv_geolocation_geolocation_id ..................... [RUN]
[0m09:14:17.114510 [debug] [Thread-2 (]: Re-using an available connection from the pool (formerly test.dbt_olist_data_model.not_null_slv_customers_customer_id.de8346b1c9, now test.dbt_olist_data_model.not_null_slv_geolocation_geolocation_id.6ed2171d0c)
[0m09:14:17.117571 [debug] [Thread-2 (]: Began compiling node test.dbt_olist_data_model.not_null_slv_geolocation_geolocation_id.6ed2171d0c
[0m09:14:17.207476 [debug] [Thread-2 (]: Writing injected SQL for node "test.dbt_olist_data_model.not_null_slv_geolocation_geolocation_id.6ed2171d0c"
[0m09:14:17.213468 [debug] [Thread-2 (]: Began executing node test.dbt_olist_data_model.not_null_slv_geolocation_geolocation_id.6ed2171d0c
[0m09:14:17.231146 [debug] [Thread-2 (]: Writing runtime sql for node "test.dbt_olist_data_model.not_null_slv_geolocation_geolocation_id.6ed2171d0c"
[0m09:14:17.243145 [debug] [Thread-2 (]: Using snowflake connection "test.dbt_olist_data_model.not_null_slv_geolocation_geolocation_id.6ed2171d0c"
[0m09:14:17.247385 [debug] [Thread-2 (]: On test.dbt_olist_data_model.not_null_slv_geolocation_geolocation_id.6ed2171d0c: select
      count(*) as failures,
      count(*) != 0 as should_warn,
      count(*) != 0 as should_error
    from (
      
    
  
    
    



select geolocation_id
from OLIST_DW.silver.slv_geolocation
where geolocation_id is null



  
  
      
    ) dbt_internal_test
/* {"app": "dbt", "dbt_version": "1.12.0", "profile_name": "dbt_olist_data_model", "target_name": "dev", "node_id": "test.dbt_olist_data_model.not_null_slv_geolocation_geolocation_id.6ed2171d0c"} */
[0m09:14:17.960633 [debug] [Thread-2 (]: SQL status: SUCCESS 1 in 0.709 seconds
[0m09:14:17.972176 [info ] [Thread-2 (]: 2 of 26 PASS not_null_slv_geolocation_geolocation_id ........................... [[32mPASS[0m in 0.86s]
[0m09:14:18.101305 [debug] [Thread-2 (]: Finished running node test.dbt_olist_data_model.not_null_slv_geolocation_geolocation_id.6ed2171d0c
[0m09:14:18.210715 [debug] [Thread-2 (]: Began running node test.dbt_olist_data_model.not_null_slv_order_items_order_id.ff333edcca
[0m09:14:18.214196 [info ] [Thread-2 (]: 3 of 26 START test not_null_slv_order_items_order_id ........................... [RUN]
[0m09:14:18.227678 [debug] [Thread-2 (]: Re-using an available connection from the pool (formerly test.dbt_olist_data_model.not_null_slv_geolocation_geolocation_id.6ed2171d0c, now test.dbt_olist_data_model.not_null_slv_order_items_order_id.ff333edcca)
[0m09:14:18.231806 [debug] [Thread-2 (]: Began compiling node test.dbt_olist_data_model.not_null_slv_order_items_order_id.ff333edcca
[0m09:14:18.299264 [debug] [Thread-2 (]: Writing injected SQL for node "test.dbt_olist_data_model.not_null_slv_order_items_order_id.ff333edcca"
[0m09:14:18.312670 [debug] [Thread-2 (]: Began executing node test.dbt_olist_data_model.not_null_slv_order_items_order_id.ff333edcca
[0m09:14:18.329092 [debug] [Thread-2 (]: Writing runtime sql for node "test.dbt_olist_data_model.not_null_slv_order_items_order_id.ff333edcca"
[0m09:14:18.344340 [debug] [Thread-2 (]: Using snowflake connection "test.dbt_olist_data_model.not_null_slv_order_items_order_id.ff333edcca"
[0m09:14:18.347149 [debug] [Thread-2 (]: On test.dbt_olist_data_model.not_null_slv_order_items_order_id.ff333edcca: select
      count(*) as failures,
      count(*) != 0 as should_warn,
      count(*) != 0 as should_error
    from (
      
    
  
    
    



select order_id
from OLIST_DW.silver.slv_order_items
where order_id is null



  
  
      
    ) dbt_internal_test
/* {"app": "dbt", "dbt_version": "1.12.0", "profile_name": "dbt_olist_data_model", "target_name": "dev", "node_id": "test.dbt_olist_data_model.not_null_slv_order_items_order_id.ff333edcca"} */
[0m09:14:18.725166 [debug] [Thread-2 (]: SQL status: SUCCESS 1 in 0.375 seconds
[0m09:14:18.734162 [info ] [Thread-2 (]: 3 of 26 PASS not_null_slv_order_items_order_id ................................. [[32mPASS[0m in 0.51s]
[0m09:14:18.742328 [debug] [Thread-2 (]: Finished running node test.dbt_olist_data_model.not_null_slv_order_items_order_id.ff333edcca
[0m09:14:18.752494 [debug] [Thread-2 (]: Began running node test.dbt_olist_data_model.not_null_slv_order_items_product_id.f3c6c85679
[0m09:14:18.757431 [info ] [Thread-2 (]: 4 of 26 START test not_null_slv_order_items_product_id ......................... [RUN]
[0m09:14:18.794744 [debug] [Thread-2 (]: Re-using an available connection from the pool (formerly test.dbt_olist_data_model.not_null_slv_order_items_order_id.ff333edcca, now test.dbt_olist_data_model.not_null_slv_order_items_product_id.f3c6c85679)
[0m09:14:18.809694 [debug] [Thread-2 (]: Began compiling node test.dbt_olist_data_model.not_null_slv_order_items_product_id.f3c6c85679
[0m09:14:18.886729 [debug] [Thread-2 (]: Writing injected SQL for node "test.dbt_olist_data_model.not_null_slv_order_items_product_id.f3c6c85679"
[0m09:14:18.891731 [debug] [Thread-2 (]: Began executing node test.dbt_olist_data_model.not_null_slv_order_items_product_id.f3c6c85679
[0m09:14:18.905866 [debug] [Thread-2 (]: Writing runtime sql for node "test.dbt_olist_data_model.not_null_slv_order_items_product_id.f3c6c85679"
[0m09:14:18.946536 [debug] [Thread-2 (]: Using snowflake connection "test.dbt_olist_data_model.not_null_slv_order_items_product_id.f3c6c85679"
[0m09:14:18.956629 [debug] [Thread-2 (]: On test.dbt_olist_data_model.not_null_slv_order_items_product_id.f3c6c85679: select
      count(*) as failures,
      count(*) != 0 as should_warn,
      count(*) != 0 as should_error
    from (
      
    
  
    
    



select product_id
from OLIST_DW.silver.slv_order_items
where product_id is null



  
  
      
    ) dbt_internal_test
/* {"app": "dbt", "dbt_version": "1.12.0", "profile_name": "dbt_olist_data_model", "target_name": "dev", "node_id": "test.dbt_olist_data_model.not_null_slv_order_items_product_id.f3c6c85679"} */
[0m09:14:19.385640 [debug] [Thread-2 (]: SQL status: SUCCESS 1 in 0.423 seconds
[0m09:14:19.399821 [info ] [Thread-2 (]: 4 of 26 PASS not_null_slv_order_items_product_id ............................... [[32mPASS[0m in 0.61s]
[0m09:14:19.412760 [debug] [Thread-2 (]: Finished running node test.dbt_olist_data_model.not_null_slv_order_items_product_id.f3c6c85679
[0m09:14:19.416765 [debug] [Thread-2 (]: Began running node test.dbt_olist_data_model.not_null_slv_order_items_seller_id.c93645cae8
[0m09:14:19.425460 [info ] [Thread-2 (]: 5 of 26 START test not_null_slv_order_items_seller_id .......................... [RUN]
[0m09:14:19.432745 [debug] [Thread-2 (]: Re-using an available connection from the pool (formerly test.dbt_olist_data_model.not_null_slv_order_items_product_id.f3c6c85679, now test.dbt_olist_data_model.not_null_slv_order_items_seller_id.c93645cae8)
[0m09:14:19.440237 [debug] [Thread-2 (]: Began compiling node test.dbt_olist_data_model.not_null_slv_order_items_seller_id.c93645cae8
[0m09:14:19.514401 [debug] [Thread-2 (]: Writing injected SQL for node "test.dbt_olist_data_model.not_null_slv_order_items_seller_id.c93645cae8"
[0m09:14:19.529254 [debug] [Thread-2 (]: Began executing node test.dbt_olist_data_model.not_null_slv_order_items_seller_id.c93645cae8
[0m09:14:19.548302 [debug] [Thread-2 (]: Writing runtime sql for node "test.dbt_olist_data_model.not_null_slv_order_items_seller_id.c93645cae8"
[0m09:14:19.558313 [debug] [Thread-2 (]: Using snowflake connection "test.dbt_olist_data_model.not_null_slv_order_items_seller_id.c93645cae8"
[0m09:14:19.561317 [debug] [Thread-2 (]: On test.dbt_olist_data_model.not_null_slv_order_items_seller_id.c93645cae8: select
      count(*) as failures,
      count(*) != 0 as should_warn,
      count(*) != 0 as should_error
    from (
      
    
  
    
    



select seller_id
from OLIST_DW.silver.slv_order_items
where seller_id is null



  
  
      
    ) dbt_internal_test
/* {"app": "dbt", "dbt_version": "1.12.0", "profile_name": "dbt_olist_data_model", "target_name": "dev", "node_id": "test.dbt_olist_data_model.not_null_slv_order_items_seller_id.c93645cae8"} */
[0m09:14:20.313535 [debug] [Thread-2 (]: SQL status: SUCCESS 1 in 0.749 seconds
[0m09:14:20.326861 [info ] [Thread-2 (]: 5 of 26 PASS not_null_slv_order_items_seller_id ................................ [[32mPASS[0m in 0.89s]
[0m09:14:20.332977 [debug] [Thread-2 (]: Finished running node test.dbt_olist_data_model.not_null_slv_order_items_seller_id.c93645cae8
[0m09:14:20.341225 [debug] [Thread-2 (]: Began running node test.dbt_olist_data_model.not_null_slv_order_payments_order_id.0f977576a3
[0m09:14:20.347239 [info ] [Thread-2 (]: 6 of 26 START test not_null_slv_order_payments_order_id ........................ [RUN]
[0m09:14:20.352231 [debug] [Thread-2 (]: Re-using an available connection from the pool (formerly test.dbt_olist_data_model.not_null_slv_order_items_seller_id.c93645cae8, now test.dbt_olist_data_model.not_null_slv_order_payments_order_id.0f977576a3)
[0m09:14:20.358404 [debug] [Thread-2 (]: Began compiling node test.dbt_olist_data_model.not_null_slv_order_payments_order_id.0f977576a3
[0m09:14:20.415689 [debug] [Thread-2 (]: Writing injected SQL for node "test.dbt_olist_data_model.not_null_slv_order_payments_order_id.0f977576a3"
[0m09:14:20.441329 [debug] [Thread-2 (]: Began executing node test.dbt_olist_data_model.not_null_slv_order_payments_order_id.0f977576a3
[0m09:14:20.454332 [debug] [Thread-2 (]: Writing runtime sql for node "test.dbt_olist_data_model.not_null_slv_order_payments_order_id.0f977576a3"
[0m09:14:20.461451 [debug] [Thread-2 (]: Using snowflake connection "test.dbt_olist_data_model.not_null_slv_order_payments_order_id.0f977576a3"
[0m09:14:20.464454 [debug] [Thread-2 (]: On test.dbt_olist_data_model.not_null_slv_order_payments_order_id.0f977576a3: select
      count(*) as failures,
      count(*) != 0 as should_warn,
      count(*) != 0 as should_error
    from (
      
    
  
    
    



select order_id
from OLIST_DW.silver.slv_order_payments
where order_id is null



  
  
      
    ) dbt_internal_test
/* {"app": "dbt", "dbt_version": "1.12.0", "profile_name": "dbt_olist_data_model", "target_name": "dev", "node_id": "test.dbt_olist_data_model.not_null_slv_order_payments_order_id.0f977576a3"} */
[0m09:14:21.028592 [debug] [Thread-2 (]: SQL status: SUCCESS 1 in 0.557 seconds
[0m09:14:21.040664 [info ] [Thread-2 (]: 6 of 26 PASS not_null_slv_order_payments_order_id .............................. [[32mPASS[0m in 0.69s]
[0m09:14:21.044663 [debug] [Thread-2 (]: Finished running node test.dbt_olist_data_model.not_null_slv_order_payments_order_id.0f977576a3
[0m09:14:21.048661 [debug] [Thread-2 (]: Began running node test.dbt_olist_data_model.not_null_slv_order_payments_payment_id.f7ed5d90ff
[0m09:14:21.055660 [info ] [Thread-2 (]: 7 of 26 START test not_null_slv_order_payments_payment_id ...................... [RUN]
[0m09:14:21.060667 [debug] [Thread-2 (]: Re-using an available connection from the pool (formerly test.dbt_olist_data_model.not_null_slv_order_payments_order_id.0f977576a3, now test.dbt_olist_data_model.not_null_slv_order_payments_payment_id.f7ed5d90ff)
[0m09:14:21.064672 [debug] [Thread-2 (]: Began compiling node test.dbt_olist_data_model.not_null_slv_order_payments_payment_id.f7ed5d90ff
[0m09:14:21.114457 [debug] [Thread-2 (]: Writing injected SQL for node "test.dbt_olist_data_model.not_null_slv_order_payments_payment_id.f7ed5d90ff"
[0m09:14:21.132716 [debug] [Thread-2 (]: Began executing node test.dbt_olist_data_model.not_null_slv_order_payments_payment_id.f7ed5d90ff
[0m09:14:21.150273 [debug] [Thread-2 (]: Writing runtime sql for node "test.dbt_olist_data_model.not_null_slv_order_payments_payment_id.f7ed5d90ff"
[0m09:14:21.160235 [debug] [Thread-2 (]: Using snowflake connection "test.dbt_olist_data_model.not_null_slv_order_payments_payment_id.f7ed5d90ff"
[0m09:14:21.163243 [debug] [Thread-2 (]: On test.dbt_olist_data_model.not_null_slv_order_payments_payment_id.f7ed5d90ff: select
      count(*) as failures,
      count(*) != 0 as should_warn,
      count(*) != 0 as should_error
    from (
      
    
  
    
    



select payment_id
from OLIST_DW.silver.slv_order_payments
where payment_id is null



  
  
      
    ) dbt_internal_test
/* {"app": "dbt", "dbt_version": "1.12.0", "profile_name": "dbt_olist_data_model", "target_name": "dev", "node_id": "test.dbt_olist_data_model.not_null_slv_order_payments_payment_id.f7ed5d90ff"} */
[0m09:14:21.546553 [debug] [Thread-2 (]: SQL status: SUCCESS 1 in 0.375 seconds
[0m09:14:21.557555 [info ] [Thread-2 (]: 7 of 26 PASS not_null_slv_order_payments_payment_id ............................ [[32mPASS[0m in 0.50s]
[0m09:14:21.562548 [debug] [Thread-2 (]: Finished running node test.dbt_olist_data_model.not_null_slv_order_payments_payment_id.f7ed5d90ff
[0m09:14:21.566553 [debug] [Thread-2 (]: Began running node test.dbt_olist_data_model.not_null_slv_order_reviews_order_id.aa7edcf0e6
[0m09:14:21.575644 [info ] [Thread-2 (]: 8 of 26 START test not_null_slv_order_reviews_order_id ......................... [RUN]
[0m09:14:21.596403 [debug] [Thread-2 (]: Re-using an available connection from the pool (formerly test.dbt_olist_data_model.not_null_slv_order_payments_payment_id.f7ed5d90ff, now test.dbt_olist_data_model.not_null_slv_order_reviews_order_id.aa7edcf0e6)
[0m09:14:21.610865 [debug] [Thread-2 (]: Began compiling node test.dbt_olist_data_model.not_null_slv_order_reviews_order_id.aa7edcf0e6
[0m09:14:21.643625 [debug] [Thread-2 (]: Writing injected SQL for node "test.dbt_olist_data_model.not_null_slv_order_reviews_order_id.aa7edcf0e6"
[0m09:14:21.649442 [debug] [Thread-2 (]: Began executing node test.dbt_olist_data_model.not_null_slv_order_reviews_order_id.aa7edcf0e6
[0m09:14:21.660446 [debug] [Thread-2 (]: Writing runtime sql for node "test.dbt_olist_data_model.not_null_slv_order_reviews_order_id.aa7edcf0e6"
[0m09:14:21.670442 [debug] [Thread-2 (]: Using snowflake connection "test.dbt_olist_data_model.not_null_slv_order_reviews_order_id.aa7edcf0e6"
[0m09:14:21.673444 [debug] [Thread-2 (]: On test.dbt_olist_data_model.not_null_slv_order_reviews_order_id.aa7edcf0e6: select
      count(*) as failures,
      count(*) != 0 as should_warn,
      count(*) != 0 as should_error
    from (
      
    
  
    
    



select order_id
from OLIST_DW.silver.slv_order_reviews
where order_id is null



  
  
      
    ) dbt_internal_test
/* {"app": "dbt", "dbt_version": "1.12.0", "profile_name": "dbt_olist_data_model", "target_name": "dev", "node_id": "test.dbt_olist_data_model.not_null_slv_order_reviews_order_id.aa7edcf0e6"} */
[0m09:14:22.258537 [debug] [Thread-2 (]: SQL status: SUCCESS 1 in 0.582 seconds
[0m09:14:22.272424 [info ] [Thread-2 (]: 8 of 26 PASS not_null_slv_order_reviews_order_id ............................... [[32mPASS[0m in 0.68s]
[0m09:14:22.277463 [debug] [Thread-2 (]: Finished running node test.dbt_olist_data_model.not_null_slv_order_reviews_order_id.aa7edcf0e6
[0m09:14:22.281418 [debug] [Thread-2 (]: Began running node test.dbt_olist_data_model.not_null_slv_order_reviews_review_pk_id.48f0c78abd
[0m09:14:22.289889 [info ] [Thread-2 (]: 9 of 26 START test not_null_slv_order_reviews_review_pk_id ..................... [RUN]
[0m09:14:22.293517 [debug] [Thread-2 (]: Re-using an available connection from the pool (formerly test.dbt_olist_data_model.not_null_slv_order_reviews_order_id.aa7edcf0e6, now test.dbt_olist_data_model.not_null_slv_order_reviews_review_pk_id.48f0c78abd)
[0m09:14:22.296518 [debug] [Thread-2 (]: Began compiling node test.dbt_olist_data_model.not_null_slv_order_reviews_review_pk_id.48f0c78abd
[0m09:14:22.389200 [debug] [Thread-2 (]: Writing injected SQL for node "test.dbt_olist_data_model.not_null_slv_order_reviews_review_pk_id.48f0c78abd"
[0m09:14:22.399265 [debug] [Thread-2 (]: Began executing node test.dbt_olist_data_model.not_null_slv_order_reviews_review_pk_id.48f0c78abd
[0m09:14:22.414901 [debug] [Thread-2 (]: Writing runtime sql for node "test.dbt_olist_data_model.not_null_slv_order_reviews_review_pk_id.48f0c78abd"
[0m09:14:22.425581 [debug] [Thread-2 (]: Using snowflake connection "test.dbt_olist_data_model.not_null_slv_order_reviews_review_pk_id.48f0c78abd"
[0m09:14:22.436309 [debug] [Thread-2 (]: On test.dbt_olist_data_model.not_null_slv_order_reviews_review_pk_id.48f0c78abd: select
      count(*) as failures,
      count(*) != 0 as should_warn,
      count(*) != 0 as should_error
    from (
      
    
  
    
    



select review_pk_id
from OLIST_DW.silver.slv_order_reviews
where review_pk_id is null



  
  
      
    ) dbt_internal_test
/* {"app": "dbt", "dbt_version": "1.12.0", "profile_name": "dbt_olist_data_model", "target_name": "dev", "node_id": "test.dbt_olist_data_model.not_null_slv_order_reviews_review_pk_id.48f0c78abd"} */
[0m09:14:22.790233 [debug] [Thread-2 (]: SQL status: SUCCESS 1 in 0.350 seconds
[0m09:14:22.801240 [info ] [Thread-2 (]: 9 of 26 PASS not_null_slv_order_reviews_review_pk_id ........................... [[32mPASS[0m in 0.51s]
[0m09:14:22.807238 [debug] [Thread-2 (]: Finished running node test.dbt_olist_data_model.not_null_slv_order_reviews_review_pk_id.48f0c78abd
[0m09:14:22.809830 [debug] [Thread-2 (]: Began running node test.dbt_olist_data_model.not_null_slv_orders_customer_id.baa39355b1
[0m09:14:22.811828 [info ] [Thread-2 (]: 10 of 26 START test not_null_slv_orders_customer_id ............................ [RUN]
[0m09:14:22.818486 [debug] [Thread-2 (]: Re-using an available connection from the pool (formerly test.dbt_olist_data_model.not_null_slv_order_reviews_review_pk_id.48f0c78abd, now test.dbt_olist_data_model.not_null_slv_orders_customer_id.baa39355b1)
[0m09:14:22.833929 [debug] [Thread-2 (]: Began compiling node test.dbt_olist_data_model.not_null_slv_orders_customer_id.baa39355b1
[0m09:14:22.886568 [debug] [Thread-2 (]: Writing injected SQL for node "test.dbt_olist_data_model.not_null_slv_orders_customer_id.baa39355b1"
[0m09:14:22.895572 [debug] [Thread-2 (]: Began executing node test.dbt_olist_data_model.not_null_slv_orders_customer_id.baa39355b1
[0m09:14:22.913860 [debug] [Thread-2 (]: Writing runtime sql for node "test.dbt_olist_data_model.not_null_slv_orders_customer_id.baa39355b1"
[0m09:14:22.925318 [debug] [Thread-2 (]: Using snowflake connection "test.dbt_olist_data_model.not_null_slv_orders_customer_id.baa39355b1"
[0m09:14:22.939454 [debug] [Thread-2 (]: On test.dbt_olist_data_model.not_null_slv_orders_customer_id.baa39355b1: select
      count(*) as failures,
      count(*) != 0 as should_warn,
      count(*) != 0 as should_error
    from (
      
    
  
    
    



select customer_id
from OLIST_DW.silver.slv_orders
where customer_id is null



  
  
      
    ) dbt_internal_test
/* {"app": "dbt", "dbt_version": "1.12.0", "profile_name": "dbt_olist_data_model", "target_name": "dev", "node_id": "test.dbt_olist_data_model.not_null_slv_orders_customer_id.baa39355b1"} */
[0m09:14:23.342471 [debug] [Thread-2 (]: SQL status: SUCCESS 1 in 0.397 seconds
[0m09:14:23.358780 [info ] [Thread-2 (]: 10 of 26 PASS not_null_slv_orders_customer_id .................................. [[32mPASS[0m in 0.54s]
[0m09:14:23.363783 [debug] [Thread-2 (]: Finished running node test.dbt_olist_data_model.not_null_slv_orders_customer_id.baa39355b1
[0m09:14:23.373856 [debug] [Thread-2 (]: Began running node test.dbt_olist_data_model.not_null_slv_orders_order_id.aad51188c2
[0m09:14:23.377793 [info ] [Thread-2 (]: 11 of 26 START test not_null_slv_orders_order_id ............................... [RUN]
[0m09:14:23.384881 [debug] [Thread-2 (]: Re-using an available connection from the pool (formerly test.dbt_olist_data_model.not_null_slv_orders_customer_id.baa39355b1, now test.dbt_olist_data_model.not_null_slv_orders_order_id.aad51188c2)
[0m09:14:23.388925 [debug] [Thread-2 (]: Began compiling node test.dbt_olist_data_model.not_null_slv_orders_order_id.aad51188c2
[0m09:14:23.448360 [debug] [Thread-2 (]: Writing injected SQL for node "test.dbt_olist_data_model.not_null_slv_orders_order_id.aad51188c2"
[0m09:14:23.462361 [debug] [Thread-2 (]: Began executing node test.dbt_olist_data_model.not_null_slv_orders_order_id.aad51188c2
[0m09:14:23.475195 [debug] [Thread-2 (]: Writing runtime sql for node "test.dbt_olist_data_model.not_null_slv_orders_order_id.aad51188c2"
[0m09:14:23.488183 [debug] [Thread-2 (]: Using snowflake connection "test.dbt_olist_data_model.not_null_slv_orders_order_id.aad51188c2"
[0m09:14:23.490185 [debug] [Thread-2 (]: On test.dbt_olist_data_model.not_null_slv_orders_order_id.aad51188c2: select
      count(*) as failures,
      count(*) != 0 as should_warn,
      count(*) != 0 as should_error
    from (
      
    
  
    
    



select order_id
from OLIST_DW.silver.slv_orders
where order_id is null



  
  
      
    ) dbt_internal_test
/* {"app": "dbt", "dbt_version": "1.12.0", "profile_name": "dbt_olist_data_model", "target_name": "dev", "node_id": "test.dbt_olist_data_model.not_null_slv_orders_order_id.aad51188c2"} */
[0m09:14:24.008471 [debug] [Thread-2 (]: SQL status: SUCCESS 1 in 0.515 seconds
[0m09:14:24.024244 [info ] [Thread-2 (]: 11 of 26 PASS not_null_slv_orders_order_id ..................................... [[32mPASS[0m in 0.64s]
[0m09:14:24.031669 [debug] [Thread-2 (]: Finished running node test.dbt_olist_data_model.not_null_slv_orders_order_id.aad51188c2
[0m09:14:24.044060 [debug] [Thread-2 (]: Began running node test.dbt_olist_data_model.not_null_slv_products_product_id.480f90f621
[0m09:14:24.050449 [info ] [Thread-2 (]: 12 of 26 START test not_null_slv_products_product_id ........................... [RUN]
[0m09:14:24.064526 [debug] [Thread-2 (]: Re-using an available connection from the pool (formerly test.dbt_olist_data_model.not_null_slv_orders_order_id.aad51188c2, now test.dbt_olist_data_model.not_null_slv_products_product_id.480f90f621)
[0m09:14:24.090186 [debug] [Thread-2 (]: Began compiling node test.dbt_olist_data_model.not_null_slv_products_product_id.480f90f621
[0m09:14:24.164103 [debug] [Thread-2 (]: Writing injected SQL for node "test.dbt_olist_data_model.not_null_slv_products_product_id.480f90f621"
[0m09:14:24.172631 [debug] [Thread-2 (]: Began executing node test.dbt_olist_data_model.not_null_slv_products_product_id.480f90f621
[0m09:14:24.181414 [debug] [Thread-2 (]: Writing runtime sql for node "test.dbt_olist_data_model.not_null_slv_products_product_id.480f90f621"
[0m09:14:24.189205 [debug] [Thread-2 (]: Using snowflake connection "test.dbt_olist_data_model.not_null_slv_products_product_id.480f90f621"
[0m09:14:24.193220 [debug] [Thread-2 (]: On test.dbt_olist_data_model.not_null_slv_products_product_id.480f90f621: select
      count(*) as failures,
      count(*) != 0 as should_warn,
      count(*) != 0 as should_error
    from (
      
    
  
    
    



select product_id
from OLIST_DW.silver.slv_products
where product_id is null



  
  
      
    ) dbt_internal_test
/* {"app": "dbt", "dbt_version": "1.12.0", "profile_name": "dbt_olist_data_model", "target_name": "dev", "node_id": "test.dbt_olist_data_model.not_null_slv_products_product_id.480f90f621"} */
[0m09:14:24.756212 [debug] [Thread-2 (]: SQL status: SUCCESS 1 in 0.559 seconds
[0m09:14:24.770411 [info ] [Thread-2 (]: 12 of 26 PASS not_null_slv_products_product_id ................................. [[32mPASS[0m in 0.70s]
[0m09:14:24.775398 [debug] [Thread-2 (]: Finished running node test.dbt_olist_data_model.not_null_slv_products_product_id.480f90f621
[0m09:14:24.778390 [debug] [Thread-2 (]: Began running node test.dbt_olist_data_model.not_null_slv_sellers_seller_id.65e2b0983a
[0m09:14:24.782387 [info ] [Thread-2 (]: 13 of 26 START test not_null_slv_sellers_seller_id ............................. [RUN]
[0m09:14:24.790956 [debug] [Thread-2 (]: Re-using an available connection from the pool (formerly test.dbt_olist_data_model.not_null_slv_products_product_id.480f90f621, now test.dbt_olist_data_model.not_null_slv_sellers_seller_id.65e2b0983a)
[0m09:14:24.793957 [debug] [Thread-2 (]: Began compiling node test.dbt_olist_data_model.not_null_slv_sellers_seller_id.65e2b0983a
[0m09:14:24.852103 [debug] [Thread-2 (]: Writing injected SQL for node "test.dbt_olist_data_model.not_null_slv_sellers_seller_id.65e2b0983a"
[0m09:14:24.886474 [debug] [Thread-2 (]: Began executing node test.dbt_olist_data_model.not_null_slv_sellers_seller_id.65e2b0983a
[0m09:14:24.897594 [debug] [Thread-2 (]: Writing runtime sql for node "test.dbt_olist_data_model.not_null_slv_sellers_seller_id.65e2b0983a"
[0m09:14:24.910440 [debug] [Thread-2 (]: Using snowflake connection "test.dbt_olist_data_model.not_null_slv_sellers_seller_id.65e2b0983a"
[0m09:14:24.913437 [debug] [Thread-2 (]: On test.dbt_olist_data_model.not_null_slv_sellers_seller_id.65e2b0983a: select
      count(*) as failures,
      count(*) != 0 as should_warn,
      count(*) != 0 as should_error
    from (
      
    
  
    
    



select seller_id
from OLIST_DW.silver.slv_sellers
where seller_id is null



  
  
      
    ) dbt_internal_test
/* {"app": "dbt", "dbt_version": "1.12.0", "profile_name": "dbt_olist_data_model", "target_name": "dev", "node_id": "test.dbt_olist_data_model.not_null_slv_sellers_seller_id.65e2b0983a"} */
[0m09:14:25.436398 [debug] [Thread-2 (]: SQL status: SUCCESS 1 in 0.513 seconds
[0m09:14:25.447549 [info ] [Thread-2 (]: 13 of 26 PASS not_null_slv_sellers_seller_id ................................... [[32mPASS[0m in 0.66s]
[0m09:14:25.459757 [debug] [Thread-2 (]: Finished running node test.dbt_olist_data_model.not_null_slv_sellers_seller_id.65e2b0983a
[0m09:14:25.463756 [debug] [Thread-2 (]: Began running node test.dbt_olist_data_model.relationships_slv_order_items_order_id__order_id__ref_slv_orders_.f11b2df387
[0m09:14:25.472852 [info ] [Thread-2 (]: 14 of 26 START test relationships_slv_order_items_order_id__order_id__ref_slv_orders_  [RUN]
[0m09:14:25.482323 [debug] [Thread-2 (]: Re-using an available connection from the pool (formerly test.dbt_olist_data_model.not_null_slv_sellers_seller_id.65e2b0983a, now test.dbt_olist_data_model.relationships_slv_order_items_order_id__order_id__ref_slv_orders_.f11b2df387)
[0m09:14:25.490369 [debug] [Thread-2 (]: Began compiling node test.dbt_olist_data_model.relationships_slv_order_items_order_id__order_id__ref_slv_orders_.f11b2df387
[0m09:14:25.625579 [debug] [Thread-2 (]: Writing injected SQL for node "test.dbt_olist_data_model.relationships_slv_order_items_order_id__order_id__ref_slv_orders_.f11b2df387"
[0m09:14:25.641560 [debug] [Thread-2 (]: Began executing node test.dbt_olist_data_model.relationships_slv_order_items_order_id__order_id__ref_slv_orders_.f11b2df387
[0m09:14:25.655470 [debug] [Thread-2 (]: Writing runtime sql for node "test.dbt_olist_data_model.relationships_slv_order_items_order_id__order_id__ref_slv_orders_.f11b2df387"
[0m09:14:25.664607 [debug] [Thread-2 (]: Using snowflake connection "test.dbt_olist_data_model.relationships_slv_order_items_order_id__order_id__ref_slv_orders_.f11b2df387"
[0m09:14:25.674275 [debug] [Thread-2 (]: On test.dbt_olist_data_model.relationships_slv_order_items_order_id__order_id__ref_slv_orders_.f11b2df387: select
      count(*) as failures,
      count(*) != 0 as should_warn,
      count(*) != 0 as should_error
    from (
      
    
  
    
    

with child as (
    select order_id as from_field
    from OLIST_DW.silver.slv_order_items
    where order_id is not null
),

parent as (
    select order_id as to_field
    from OLIST_DW.silver.slv_orders
)

select
    from_field

from child
left join parent
    on child.from_field = parent.to_field

where parent.to_field is null



  
  
      
    ) dbt_internal_test
/* {"app": "dbt", "dbt_version": "1.12.0", "profile_name": "dbt_olist_data_model", "target_name": "dev", "node_id": "test.dbt_olist_data_model.relationships_slv_order_items_order_id__order_id__ref_slv_orders_.f11b2df387"} */
[0m09:14:26.663433 [debug] [Thread-2 (]: SQL status: SUCCESS 1 in 0.983 seconds
[0m09:14:26.671434 [info ] [Thread-2 (]: 14 of 26 PASS relationships_slv_order_items_order_id__order_id__ref_slv_orders_  [[32mPASS[0m in 1.19s]
[0m09:14:26.678368 [debug] [Thread-2 (]: Finished running node test.dbt_olist_data_model.relationships_slv_order_items_order_id__order_id__ref_slv_orders_.f11b2df387
[0m09:14:26.683213 [debug] [Thread-2 (]: Began running node test.dbt_olist_data_model.relationships_slv_order_items_product_id__product_id__ref_slv_products_.affaa4ae20
[0m09:14:26.688738 [info ] [Thread-2 (]: 15 of 26 START test relationships_slv_order_items_product_id__product_id__ref_slv_products_  [RUN]
[0m09:14:26.698841 [debug] [Thread-2 (]: Re-using an available connection from the pool (formerly test.dbt_olist_data_model.relationships_slv_order_items_order_id__order_id__ref_slv_orders_.f11b2df387, now test.dbt_olist_data_model.relationships_slv_order_items_product_id__product_id__ref_slv_products_.affaa4ae20)
[0m09:14:26.708101 [debug] [Thread-2 (]: Began compiling node test.dbt_olist_data_model.relationships_slv_order_items_product_id__product_id__ref_slv_products_.affaa4ae20
[0m09:14:26.859531 [debug] [Thread-2 (]: Writing injected SQL for node "test.dbt_olist_data_model.relationships_slv_order_items_product_id__product_id__ref_slv_products_.affaa4ae20"
[0m09:14:26.870145 [debug] [Thread-2 (]: Began executing node test.dbt_olist_data_model.relationships_slv_order_items_product_id__product_id__ref_slv_products_.affaa4ae20
[0m09:14:26.876593 [debug] [Thread-2 (]: Writing runtime sql for node "test.dbt_olist_data_model.relationships_slv_order_items_product_id__product_id__ref_slv_products_.affaa4ae20"
[0m09:14:26.889241 [debug] [Thread-2 (]: Using snowflake connection "test.dbt_olist_data_model.relationships_slv_order_items_product_id__product_id__ref_slv_products_.affaa4ae20"
[0m09:14:26.891255 [debug] [Thread-2 (]: On test.dbt_olist_data_model.relationships_slv_order_items_product_id__product_id__ref_slv_products_.affaa4ae20: select
      count(*) as failures,
      count(*) != 0 as should_warn,
      count(*) != 0 as should_error
    from (
      
    
  
    
    

with child as (
    select product_id as from_field
    from OLIST_DW.silver.slv_order_items
    where product_id is not null
),

parent as (
    select product_id as to_field
    from OLIST_DW.silver.slv_products
)

select
    from_field

from child
left join parent
    on child.from_field = parent.to_field

where parent.to_field is null



  
  
      
    ) dbt_internal_test
/* {"app": "dbt", "dbt_version": "1.12.0", "profile_name": "dbt_olist_data_model", "target_name": "dev", "node_id": "test.dbt_olist_data_model.relationships_slv_order_items_product_id__product_id__ref_slv_products_.affaa4ae20"} */
[0m09:14:27.690446 [debug] [Thread-2 (]: SQL status: SUCCESS 1 in 0.797 seconds
[0m09:14:27.697367 [info ] [Thread-2 (]: 15 of 26 PASS relationships_slv_order_items_product_id__product_id__ref_slv_products_  [[32mPASS[0m in 1.00s]
[0m09:14:27.706648 [debug] [Thread-2 (]: Finished running node test.dbt_olist_data_model.relationships_slv_order_items_product_id__product_id__ref_slv_products_.affaa4ae20
[0m09:14:27.710190 [debug] [Thread-2 (]: Began running node test.dbt_olist_data_model.relationships_slv_order_items_seller_id__seller_id__ref_slv_sellers_.b8c5563a29
[0m09:14:27.712189 [info ] [Thread-2 (]: 16 of 26 START test relationships_slv_order_items_seller_id__seller_id__ref_slv_sellers_  [RUN]
[0m09:14:27.723456 [debug] [Thread-2 (]: Re-using an available connection from the pool (formerly test.dbt_olist_data_model.relationships_slv_order_items_product_id__product_id__ref_slv_products_.affaa4ae20, now test.dbt_olist_data_model.relationships_slv_order_items_seller_id__seller_id__ref_slv_sellers_.b8c5563a29)
[0m09:14:27.726187 [debug] [Thread-2 (]: Began compiling node test.dbt_olist_data_model.relationships_slv_order_items_seller_id__seller_id__ref_slv_sellers_.b8c5563a29
[0m09:14:27.846092 [debug] [Thread-2 (]: Writing injected SQL for node "test.dbt_olist_data_model.relationships_slv_order_items_seller_id__seller_id__ref_slv_sellers_.b8c5563a29"
[0m09:14:27.855617 [debug] [Thread-2 (]: Began executing node test.dbt_olist_data_model.relationships_slv_order_items_seller_id__seller_id__ref_slv_sellers_.b8c5563a29
[0m09:14:27.863180 [debug] [Thread-2 (]: Writing runtime sql for node "test.dbt_olist_data_model.relationships_slv_order_items_seller_id__seller_id__ref_slv_sellers_.b8c5563a29"
[0m09:14:27.878769 [debug] [Thread-2 (]: Using snowflake connection "test.dbt_olist_data_model.relationships_slv_order_items_seller_id__seller_id__ref_slv_sellers_.b8c5563a29"
[0m09:14:27.880378 [debug] [Thread-2 (]: On test.dbt_olist_data_model.relationships_slv_order_items_seller_id__seller_id__ref_slv_sellers_.b8c5563a29: select
      count(*) as failures,
      count(*) != 0 as should_warn,
      count(*) != 0 as should_error
    from (
      
    
  
    
    

with child as (
    select seller_id as from_field
    from OLIST_DW.silver.slv_order_items
    where seller_id is not null
),

parent as (
    select seller_id as to_field
    from OLIST_DW.silver.slv_sellers
)

select
    from_field

from child
left join parent
    on child.from_field = parent.to_field

where parent.to_field is null



  
  
      
    ) dbt_internal_test
/* {"app": "dbt", "dbt_version": "1.12.0", "profile_name": "dbt_olist_data_model", "target_name": "dev", "node_id": "test.dbt_olist_data_model.relationships_slv_order_items_seller_id__seller_id__ref_slv_sellers_.b8c5563a29"} */
[0m09:14:28.712217 [debug] [Thread-2 (]: SQL status: SUCCESS 1 in 0.827 seconds
[0m09:14:28.723794 [info ] [Thread-2 (]: 16 of 26 PASS relationships_slv_order_items_seller_id__seller_id__ref_slv_sellers_  [[32mPASS[0m in 1.00s]
[0m09:14:28.729794 [debug] [Thread-2 (]: Finished running node test.dbt_olist_data_model.relationships_slv_order_items_seller_id__seller_id__ref_slv_sellers_.b8c5563a29
[0m09:14:28.735793 [debug] [Thread-2 (]: Began running node test.dbt_olist_data_model.relationships_slv_order_payments_order_id__order_id__ref_slv_orders_.3d18d4fa40
[0m09:14:28.740875 [info ] [Thread-2 (]: 17 of 26 START test relationships_slv_order_payments_order_id__order_id__ref_slv_orders_  [RUN]
[0m09:14:28.754602 [debug] [Thread-2 (]: Re-using an available connection from the pool (formerly test.dbt_olist_data_model.relationships_slv_order_items_seller_id__seller_id__ref_slv_sellers_.b8c5563a29, now test.dbt_olist_data_model.relationships_slv_order_payments_order_id__order_id__ref_slv_orders_.3d18d4fa40)
[0m09:14:28.758220 [debug] [Thread-2 (]: Began compiling node test.dbt_olist_data_model.relationships_slv_order_payments_order_id__order_id__ref_slv_orders_.3d18d4fa40
[0m09:14:28.885584 [debug] [Thread-2 (]: Writing injected SQL for node "test.dbt_olist_data_model.relationships_slv_order_payments_order_id__order_id__ref_slv_orders_.3d18d4fa40"
[0m09:14:28.893151 [debug] [Thread-2 (]: Began executing node test.dbt_olist_data_model.relationships_slv_order_payments_order_id__order_id__ref_slv_orders_.3d18d4fa40
[0m09:14:28.906546 [debug] [Thread-2 (]: Writing runtime sql for node "test.dbt_olist_data_model.relationships_slv_order_payments_order_id__order_id__ref_slv_orders_.3d18d4fa40"
[0m09:14:28.921541 [debug] [Thread-2 (]: Using snowflake connection "test.dbt_olist_data_model.relationships_slv_order_payments_order_id__order_id__ref_slv_orders_.3d18d4fa40"
[0m09:14:28.924543 [debug] [Thread-2 (]: On test.dbt_olist_data_model.relationships_slv_order_payments_order_id__order_id__ref_slv_orders_.3d18d4fa40: select
      count(*) as failures,
      count(*) != 0 as should_warn,
      count(*) != 0 as should_error
    from (
      
    
  
    
    

with child as (
    select order_id as from_field
    from OLIST_DW.silver.slv_order_payments
    where order_id is not null
),

parent as (
    select order_id as to_field
    from OLIST_DW.silver.slv_orders
)

select
    from_field

from child
left join parent
    on child.from_field = parent.to_field

where parent.to_field is null



  
  
      
    ) dbt_internal_test
/* {"app": "dbt", "dbt_version": "1.12.0", "profile_name": "dbt_olist_data_model", "target_name": "dev", "node_id": "test.dbt_olist_data_model.relationships_slv_order_payments_order_id__order_id__ref_slv_orders_.3d18d4fa40"} */
[0m09:14:29.736259 [debug] [Thread-2 (]: SQL status: SUCCESS 1 in 0.808 seconds
[0m09:14:29.747203 [info ] [Thread-2 (]: 17 of 26 PASS relationships_slv_order_payments_order_id__order_id__ref_slv_orders_  [[32mPASS[0m in 0.99s]
[0m09:14:29.755226 [debug] [Thread-2 (]: Finished running node test.dbt_olist_data_model.relationships_slv_order_payments_order_id__order_id__ref_slv_orders_.3d18d4fa40
[0m09:14:29.758224 [debug] [Thread-2 (]: Began running node test.dbt_olist_data_model.relationships_slv_order_reviews_order_id__order_id__ref_slv_orders_.ce9eefe018
[0m09:14:29.764226 [info ] [Thread-2 (]: 18 of 26 START test relationships_slv_order_reviews_order_id__order_id__ref_slv_orders_  [RUN]
[0m09:14:29.771336 [debug] [Thread-2 (]: Re-using an available connection from the pool (formerly test.dbt_olist_data_model.relationships_slv_order_payments_order_id__order_id__ref_slv_orders_.3d18d4fa40, now test.dbt_olist_data_model.relationships_slv_order_reviews_order_id__order_id__ref_slv_orders_.ce9eefe018)
[0m09:14:29.777434 [debug] [Thread-2 (]: Began compiling node test.dbt_olist_data_model.relationships_slv_order_reviews_order_id__order_id__ref_slv_orders_.ce9eefe018
[0m09:14:29.896295 [debug] [Thread-2 (]: Writing injected SQL for node "test.dbt_olist_data_model.relationships_slv_order_reviews_order_id__order_id__ref_slv_orders_.ce9eefe018"
[0m09:14:29.905136 [debug] [Thread-2 (]: Began executing node test.dbt_olist_data_model.relationships_slv_order_reviews_order_id__order_id__ref_slv_orders_.ce9eefe018
[0m09:14:29.918140 [debug] [Thread-2 (]: Writing runtime sql for node "test.dbt_olist_data_model.relationships_slv_order_reviews_order_id__order_id__ref_slv_orders_.ce9eefe018"
[0m09:14:29.934136 [debug] [Thread-2 (]: Using snowflake connection "test.dbt_olist_data_model.relationships_slv_order_reviews_order_id__order_id__ref_slv_orders_.ce9eefe018"
[0m09:14:29.940141 [debug] [Thread-2 (]: On test.dbt_olist_data_model.relationships_slv_order_reviews_order_id__order_id__ref_slv_orders_.ce9eefe018: select
      count(*) as failures,
      count(*) != 0 as should_warn,
      count(*) != 0 as should_error
    from (
      
    
  
    
    

with child as (
    select order_id as from_field
    from OLIST_DW.silver.slv_order_reviews
    where order_id is not null
),

parent as (
    select order_id as to_field
    from OLIST_DW.silver.slv_orders
)

select
    from_field

from child
left join parent
    on child.from_field = parent.to_field

where parent.to_field is null



  
  
      
    ) dbt_internal_test
/* {"app": "dbt", "dbt_version": "1.12.0", "profile_name": "dbt_olist_data_model", "target_name": "dev", "node_id": "test.dbt_olist_data_model.relationships_slv_order_reviews_order_id__order_id__ref_slv_orders_.ce9eefe018"} */
[0m09:14:30.759612 [debug] [Thread-2 (]: SQL status: SUCCESS 1 in 0.816 seconds
[0m09:14:30.768679 [info ] [Thread-2 (]: 18 of 26 PASS relationships_slv_order_reviews_order_id__order_id__ref_slv_orders_  [[32mPASS[0m in 1.00s]
[0m09:14:30.877205 [debug] [Thread-2 (]: Finished running node test.dbt_olist_data_model.relationships_slv_order_reviews_order_id__order_id__ref_slv_orders_.ce9eefe018
[0m09:14:30.991704 [debug] [Thread-2 (]: Began running node test.dbt_olist_data_model.relationships_slv_orders_customer_id__customer_id__ref_slv_customers_.eec718b050
[0m09:14:31.050489 [info ] [Thread-2 (]: 19 of 26 START test relationships_slv_orders_customer_id__customer_id__ref_slv_customers_  [RUN]
[0m09:14:31.101272 [debug] [Thread-2 (]: Re-using an available connection from the pool (formerly test.dbt_olist_data_model.relationships_slv_order_reviews_order_id__order_id__ref_slv_orders_.ce9eefe018, now test.dbt_olist_data_model.relationships_slv_orders_customer_id__customer_id__ref_slv_customers_.eec718b050)
[0m09:14:31.183373 [debug] [Thread-2 (]: Began compiling node test.dbt_olist_data_model.relationships_slv_orders_customer_id__customer_id__ref_slv_customers_.eec718b050
[0m09:14:31.391516 [debug] [Thread-2 (]: Writing injected SQL for node "test.dbt_olist_data_model.relationships_slv_orders_customer_id__customer_id__ref_slv_customers_.eec718b050"
[0m09:14:31.488374 [debug] [Thread-2 (]: Began executing node test.dbt_olist_data_model.relationships_slv_orders_customer_id__customer_id__ref_slv_customers_.eec718b050
[0m09:14:31.498851 [debug] [Thread-2 (]: Writing runtime sql for node "test.dbt_olist_data_model.relationships_slv_orders_customer_id__customer_id__ref_slv_customers_.eec718b050"
[0m09:14:31.549411 [debug] [Thread-2 (]: Using snowflake connection "test.dbt_olist_data_model.relationships_slv_orders_customer_id__customer_id__ref_slv_customers_.eec718b050"
[0m09:14:31.552412 [debug] [Thread-2 (]: On test.dbt_olist_data_model.relationships_slv_orders_customer_id__customer_id__ref_slv_customers_.eec718b050: select
      count(*) as failures,
      count(*) != 0 as should_warn,
      count(*) != 0 as should_error
    from (
      
    
  
    
    

with child as (
    select customer_id as from_field
    from OLIST_DW.silver.slv_orders
    where customer_id is not null
),

parent as (
    select customer_id as to_field
    from OLIST_DW.silver.slv_customers
)

select
    from_field

from child
left join parent
    on child.from_field = parent.to_field

where parent.to_field is null



  
  
      
    ) dbt_internal_test
/* {"app": "dbt", "dbt_version": "1.12.0", "profile_name": "dbt_olist_data_model", "target_name": "dev", "node_id": "test.dbt_olist_data_model.relationships_slv_orders_customer_id__customer_id__ref_slv_customers_.eec718b050"} */
[0m09:14:33.324121 [debug] [Thread-2 (]: SQL status: SUCCESS 1 in 1.767 seconds
[0m09:14:33.334112 [info ] [Thread-2 (]: 19 of 26 PASS relationships_slv_orders_customer_id__customer_id__ref_slv_customers_  [[32mPASS[0m in 2.23s]
[0m09:14:33.339352 [debug] [Thread-2 (]: Finished running node test.dbt_olist_data_model.relationships_slv_orders_customer_id__customer_id__ref_slv_customers_.eec718b050
[0m09:14:33.343120 [debug] [Thread-2 (]: Began running node test.dbt_olist_data_model.unique_slv_customers_customer_id.d47db4273b
[0m09:14:33.352431 [info ] [Thread-2 (]: 20 of 26 START test unique_slv_customers_customer_id ........................... [RUN]
[0m09:14:33.358497 [debug] [Thread-2 (]: Re-using an available connection from the pool (formerly test.dbt_olist_data_model.relationships_slv_orders_customer_id__customer_id__ref_slv_customers_.eec718b050, now test.dbt_olist_data_model.unique_slv_customers_customer_id.d47db4273b)
[0m09:14:33.370597 [debug] [Thread-2 (]: Began compiling node test.dbt_olist_data_model.unique_slv_customers_customer_id.d47db4273b
[0m09:14:33.470424 [debug] [Thread-2 (]: Writing injected SQL for node "test.dbt_olist_data_model.unique_slv_customers_customer_id.d47db4273b"
[0m09:14:33.476338 [debug] [Thread-2 (]: Began executing node test.dbt_olist_data_model.unique_slv_customers_customer_id.d47db4273b
[0m09:14:33.489506 [debug] [Thread-2 (]: Writing runtime sql for node "test.dbt_olist_data_model.unique_slv_customers_customer_id.d47db4273b"
[0m09:14:33.501179 [debug] [Thread-2 (]: Using snowflake connection "test.dbt_olist_data_model.unique_slv_customers_customer_id.d47db4273b"
[0m09:14:33.503180 [debug] [Thread-2 (]: On test.dbt_olist_data_model.unique_slv_customers_customer_id.d47db4273b: select
      count(*) as failures,
      count(*) != 0 as should_warn,
      count(*) != 0 as should_error
    from (
      
    
  
    
    

select
    customer_id as unique_field,
    count(*) as n_records

from OLIST_DW.silver.slv_customers
where customer_id is not null
group by customer_id
having count(*) > 1



  
  
      
    ) dbt_internal_test
/* {"app": "dbt", "dbt_version": "1.12.0", "profile_name": "dbt_olist_data_model", "target_name": "dev", "node_id": "test.dbt_olist_data_model.unique_slv_customers_customer_id.d47db4273b"} */
[0m09:14:33.940280 [debug] [Thread-2 (]: SQL status: SUCCESS 1 in 0.434 seconds
[0m09:14:33.985824 [info ] [Thread-2 (]: 20 of 26 PASS unique_slv_customers_customer_id ................................. [[32mPASS[0m in 0.63s]
[0m09:14:33.992904 [debug] [Thread-2 (]: Finished running node test.dbt_olist_data_model.unique_slv_customers_customer_id.d47db4273b
[0m09:14:34.002931 [debug] [Thread-2 (]: Began running node test.dbt_olist_data_model.unique_slv_geolocation_geolocation_id.5bea4e88f7
[0m09:14:34.022540 [info ] [Thread-2 (]: 21 of 26 START test unique_slv_geolocation_geolocation_id ...................... [RUN]
[0m09:14:34.052946 [debug] [Thread-2 (]: Re-using an available connection from the pool (formerly test.dbt_olist_data_model.unique_slv_customers_customer_id.d47db4273b, now test.dbt_olist_data_model.unique_slv_geolocation_geolocation_id.5bea4e88f7)
[0m09:14:34.058882 [debug] [Thread-2 (]: Began compiling node test.dbt_olist_data_model.unique_slv_geolocation_geolocation_id.5bea4e88f7
[0m09:14:34.140394 [debug] [Thread-2 (]: Writing injected SQL for node "test.dbt_olist_data_model.unique_slv_geolocation_geolocation_id.5bea4e88f7"
[0m09:14:34.150840 [debug] [Thread-2 (]: Began executing node test.dbt_olist_data_model.unique_slv_geolocation_geolocation_id.5bea4e88f7
[0m09:14:34.161397 [debug] [Thread-2 (]: Writing runtime sql for node "test.dbt_olist_data_model.unique_slv_geolocation_geolocation_id.5bea4e88f7"
[0m09:14:34.170404 [debug] [Thread-2 (]: Using snowflake connection "test.dbt_olist_data_model.unique_slv_geolocation_geolocation_id.5bea4e88f7"
[0m09:14:34.207231 [debug] [Thread-2 (]: On test.dbt_olist_data_model.unique_slv_geolocation_geolocation_id.5bea4e88f7: select
      count(*) as failures,
      count(*) != 0 as should_warn,
      count(*) != 0 as should_error
    from (
      
    
  
    
    

select
    geolocation_id as unique_field,
    count(*) as n_records

from OLIST_DW.silver.slv_geolocation
where geolocation_id is not null
group by geolocation_id
having count(*) > 1



  
  
      
    ) dbt_internal_test
/* {"app": "dbt", "dbt_version": "1.12.0", "profile_name": "dbt_olist_data_model", "target_name": "dev", "node_id": "test.dbt_olist_data_model.unique_slv_geolocation_geolocation_id.5bea4e88f7"} */
[0m09:14:34.955494 [debug] [Thread-2 (]: SQL status: SUCCESS 1 in 0.740 seconds
[0m09:14:34.968434 [info ] [Thread-2 (]: 21 of 26 PASS unique_slv_geolocation_geolocation_id ............................ [[32mPASS[0m in 0.92s]
[0m09:14:34.976425 [debug] [Thread-2 (]: Finished running node test.dbt_olist_data_model.unique_slv_geolocation_geolocation_id.5bea4e88f7
[0m09:14:34.992641 [debug] [Thread-2 (]: Began running node test.dbt_olist_data_model.unique_slv_order_payments_payment_id.61a592ebc7
[0m09:14:35.003697 [info ] [Thread-2 (]: 22 of 26 START test unique_slv_order_payments_payment_id ....................... [RUN]
[0m09:14:35.037501 [debug] [Thread-2 (]: Re-using an available connection from the pool (formerly test.dbt_olist_data_model.unique_slv_geolocation_geolocation_id.5bea4e88f7, now test.dbt_olist_data_model.unique_slv_order_payments_payment_id.61a592ebc7)
[0m09:14:35.057628 [debug] [Thread-2 (]: Began compiling node test.dbt_olist_data_model.unique_slv_order_payments_payment_id.61a592ebc7
[0m09:14:35.141125 [debug] [Thread-2 (]: Writing injected SQL for node "test.dbt_olist_data_model.unique_slv_order_payments_payment_id.61a592ebc7"
[0m09:14:35.151602 [debug] [Thread-2 (]: Began executing node test.dbt_olist_data_model.unique_slv_order_payments_payment_id.61a592ebc7
[0m09:14:35.157546 [debug] [Thread-2 (]: Writing runtime sql for node "test.dbt_olist_data_model.unique_slv_order_payments_payment_id.61a592ebc7"
[0m09:14:35.169665 [debug] [Thread-2 (]: Using snowflake connection "test.dbt_olist_data_model.unique_slv_order_payments_payment_id.61a592ebc7"
[0m09:14:35.172664 [debug] [Thread-2 (]: On test.dbt_olist_data_model.unique_slv_order_payments_payment_id.61a592ebc7: select
      count(*) as failures,
      count(*) != 0 as should_warn,
      count(*) != 0 as should_error
    from (
      
    
  
    
    

select
    payment_id as unique_field,
    count(*) as n_records

from OLIST_DW.silver.slv_order_payments
where payment_id is not null
group by payment_id
having count(*) > 1



  
  
      
    ) dbt_internal_test
/* {"app": "dbt", "dbt_version": "1.12.0", "profile_name": "dbt_olist_data_model", "target_name": "dev", "node_id": "test.dbt_olist_data_model.unique_slv_order_payments_payment_id.61a592ebc7"} */
[0m09:14:35.685132 [debug] [Thread-2 (]: SQL status: SUCCESS 1 in 0.509 seconds
[0m09:14:35.698830 [info ] [Thread-2 (]: 22 of 26 PASS unique_slv_order_payments_payment_id ............................. [[32mPASS[0m in 0.67s]
[0m09:14:35.704822 [debug] [Thread-2 (]: Finished running node test.dbt_olist_data_model.unique_slv_order_payments_payment_id.61a592ebc7
[0m09:14:35.708838 [debug] [Thread-2 (]: Began running node test.dbt_olist_data_model.unique_slv_order_reviews_review_pk_id.73c7607ea5
[0m09:14:35.718393 [info ] [Thread-2 (]: 23 of 26 START test unique_slv_order_reviews_review_pk_id ...................... [RUN]
[0m09:14:35.723396 [debug] [Thread-2 (]: Re-using an available connection from the pool (formerly test.dbt_olist_data_model.unique_slv_order_payments_payment_id.61a592ebc7, now test.dbt_olist_data_model.unique_slv_order_reviews_review_pk_id.73c7607ea5)
[0m09:14:35.731064 [debug] [Thread-2 (]: Began compiling node test.dbt_olist_data_model.unique_slv_order_reviews_review_pk_id.73c7607ea5
[0m09:14:35.806411 [debug] [Thread-2 (]: Writing injected SQL for node "test.dbt_olist_data_model.unique_slv_order_reviews_review_pk_id.73c7607ea5"
[0m09:14:35.816499 [debug] [Thread-2 (]: Began executing node test.dbt_olist_data_model.unique_slv_order_reviews_review_pk_id.73c7607ea5
[0m09:14:35.823074 [debug] [Thread-2 (]: Writing runtime sql for node "test.dbt_olist_data_model.unique_slv_order_reviews_review_pk_id.73c7607ea5"
[0m09:14:35.833597 [debug] [Thread-2 (]: Using snowflake connection "test.dbt_olist_data_model.unique_slv_order_reviews_review_pk_id.73c7607ea5"
[0m09:14:35.841503 [debug] [Thread-2 (]: On test.dbt_olist_data_model.unique_slv_order_reviews_review_pk_id.73c7607ea5: select
      count(*) as failures,
      count(*) != 0 as should_warn,
      count(*) != 0 as should_error
    from (
      
    
  
    
    

select
    review_pk_id as unique_field,
    count(*) as n_records

from OLIST_DW.silver.slv_order_reviews
where review_pk_id is not null
group by review_pk_id
having count(*) > 1



  
  
      
    ) dbt_internal_test
/* {"app": "dbt", "dbt_version": "1.12.0", "profile_name": "dbt_olist_data_model", "target_name": "dev", "node_id": "test.dbt_olist_data_model.unique_slv_order_reviews_review_pk_id.73c7607ea5"} */
[0m09:14:36.390508 [debug] [Thread-2 (]: SQL status: SUCCESS 1 in 0.541 seconds
[0m09:14:36.401613 [info ] [Thread-2 (]: 23 of 26 PASS unique_slv_order_reviews_review_pk_id ............................ [[32mPASS[0m in 0.68s]
[0m09:14:36.407612 [debug] [Thread-2 (]: Finished running node test.dbt_olist_data_model.unique_slv_order_reviews_review_pk_id.73c7607ea5
[0m09:14:36.415612 [debug] [Thread-2 (]: Began running node test.dbt_olist_data_model.unique_slv_orders_order_id.eb9511b79e
[0m09:14:36.420716 [info ] [Thread-2 (]: 24 of 26 START test unique_slv_orders_order_id ................................. [RUN]
[0m09:14:36.430422 [debug] [Thread-2 (]: Re-using an available connection from the pool (formerly test.dbt_olist_data_model.unique_slv_order_reviews_review_pk_id.73c7607ea5, now test.dbt_olist_data_model.unique_slv_orders_order_id.eb9511b79e)
[0m09:14:36.434417 [debug] [Thread-2 (]: Began compiling node test.dbt_olist_data_model.unique_slv_orders_order_id.eb9511b79e
[0m09:14:36.524064 [debug] [Thread-2 (]: Writing injected SQL for node "test.dbt_olist_data_model.unique_slv_orders_order_id.eb9511b79e"
[0m09:14:36.569292 [debug] [Thread-2 (]: Began executing node test.dbt_olist_data_model.unique_slv_orders_order_id.eb9511b79e
[0m09:14:36.586701 [debug] [Thread-2 (]: Writing runtime sql for node "test.dbt_olist_data_model.unique_slv_orders_order_id.eb9511b79e"
[0m09:14:36.603230 [debug] [Thread-2 (]: Using snowflake connection "test.dbt_olist_data_model.unique_slv_orders_order_id.eb9511b79e"
[0m09:14:36.619837 [debug] [Thread-2 (]: On test.dbt_olist_data_model.unique_slv_orders_order_id.eb9511b79e: select
      count(*) as failures,
      count(*) != 0 as should_warn,
      count(*) != 0 as should_error
    from (
      
    
  
    
    

select
    order_id as unique_field,
    count(*) as n_records

from OLIST_DW.silver.slv_orders
where order_id is not null
group by order_id
having count(*) > 1



  
  
      
    ) dbt_internal_test
/* {"app": "dbt", "dbt_version": "1.12.0", "profile_name": "dbt_olist_data_model", "target_name": "dev", "node_id": "test.dbt_olist_data_model.unique_slv_orders_order_id.eb9511b79e"} */
[0m09:14:36.962744 [debug] [Thread-2 (]: SQL status: SUCCESS 1 in 0.339 seconds
[0m09:14:36.973736 [info ] [Thread-2 (]: 24 of 26 PASS unique_slv_orders_order_id ....................................... [[32mPASS[0m in 0.54s]
[0m09:14:36.982477 [debug] [Thread-2 (]: Finished running node test.dbt_olist_data_model.unique_slv_orders_order_id.eb9511b79e
[0m09:14:36.988482 [debug] [Thread-2 (]: Began running node test.dbt_olist_data_model.unique_slv_products_product_id.cf18bf12eb
[0m09:14:37.005558 [info ] [Thread-2 (]: 25 of 26 START test unique_slv_products_product_id ............................. [RUN]
[0m09:14:37.014770 [debug] [Thread-2 (]: Re-using an available connection from the pool (formerly test.dbt_olist_data_model.unique_slv_orders_order_id.eb9511b79e, now test.dbt_olist_data_model.unique_slv_products_product_id.cf18bf12eb)
[0m09:14:37.021445 [debug] [Thread-2 (]: Began compiling node test.dbt_olist_data_model.unique_slv_products_product_id.cf18bf12eb
[0m09:14:37.075760 [debug] [Thread-2 (]: Writing injected SQL for node "test.dbt_olist_data_model.unique_slv_products_product_id.cf18bf12eb"
[0m09:14:37.083425 [debug] [Thread-2 (]: Began executing node test.dbt_olist_data_model.unique_slv_products_product_id.cf18bf12eb
[0m09:14:37.092532 [debug] [Thread-2 (]: Writing runtime sql for node "test.dbt_olist_data_model.unique_slv_products_product_id.cf18bf12eb"
[0m09:14:37.102424 [debug] [Thread-2 (]: Using snowflake connection "test.dbt_olist_data_model.unique_slv_products_product_id.cf18bf12eb"
[0m09:14:37.105421 [debug] [Thread-2 (]: On test.dbt_olist_data_model.unique_slv_products_product_id.cf18bf12eb: select
      count(*) as failures,
      count(*) != 0 as should_warn,
      count(*) != 0 as should_error
    from (
      
    
  
    
    

select
    product_id as unique_field,
    count(*) as n_records

from OLIST_DW.silver.slv_products
where product_id is not null
group by product_id
having count(*) > 1



  
  
      
    ) dbt_internal_test
/* {"app": "dbt", "dbt_version": "1.12.0", "profile_name": "dbt_olist_data_model", "target_name": "dev", "node_id": "test.dbt_olist_data_model.unique_slv_products_product_id.cf18bf12eb"} */
[0m09:14:37.732247 [debug] [Thread-2 (]: SQL status: SUCCESS 1 in 0.623 seconds
[0m09:14:37.741269 [info ] [Thread-2 (]: 25 of 26 PASS unique_slv_products_product_id ................................... [[32mPASS[0m in 0.73s]
[0m09:14:37.904144 [debug] [Thread-2 (]: Finished running node test.dbt_olist_data_model.unique_slv_products_product_id.cf18bf12eb
[0m09:14:37.923987 [debug] [Thread-2 (]: Began running node test.dbt_olist_data_model.unique_slv_sellers_seller_id.86fb9c23e8
[0m09:14:38.035265 [info ] [Thread-2 (]: 26 of 26 START test unique_slv_sellers_seller_id ............................... [RUN]
[0m09:14:38.065082 [debug] [Thread-2 (]: Re-using an available connection from the pool (formerly test.dbt_olist_data_model.unique_slv_products_product_id.cf18bf12eb, now test.dbt_olist_data_model.unique_slv_sellers_seller_id.86fb9c23e8)
[0m09:14:38.074086 [debug] [Thread-2 (]: Began compiling node test.dbt_olist_data_model.unique_slv_sellers_seller_id.86fb9c23e8
[0m09:14:38.146290 [debug] [Thread-2 (]: Writing injected SQL for node "test.dbt_olist_data_model.unique_slv_sellers_seller_id.86fb9c23e8"
[0m09:14:38.157626 [debug] [Thread-2 (]: Began executing node test.dbt_olist_data_model.unique_slv_sellers_seller_id.86fb9c23e8
[0m09:14:38.171641 [debug] [Thread-2 (]: Writing runtime sql for node "test.dbt_olist_data_model.unique_slv_sellers_seller_id.86fb9c23e8"
[0m09:14:38.184400 [debug] [Thread-2 (]: Using snowflake connection "test.dbt_olist_data_model.unique_slv_sellers_seller_id.86fb9c23e8"
[0m09:14:38.188712 [debug] [Thread-2 (]: On test.dbt_olist_data_model.unique_slv_sellers_seller_id.86fb9c23e8: select
      count(*) as failures,
      count(*) != 0 as should_warn,
      count(*) != 0 as should_error
    from (
      
    
  
    
    

select
    seller_id as unique_field,
    count(*) as n_records

from OLIST_DW.silver.slv_sellers
where seller_id is not null
group by seller_id
having count(*) > 1



  
  
      
    ) dbt_internal_test
/* {"app": "dbt", "dbt_version": "1.12.0", "profile_name": "dbt_olist_data_model", "target_name": "dev", "node_id": "test.dbt_olist_data_model.unique_slv_sellers_seller_id.86fb9c23e8"} */
[0m09:14:38.497171 [debug] [Thread-2 (]: SQL status: SUCCESS 1 in 0.305 seconds
[0m09:14:38.507164 [info ] [Thread-2 (]: 26 of 26 PASS unique_slv_sellers_seller_id ..................................... [[32mPASS[0m in 0.44s]
[0m09:14:38.515167 [debug] [Thread-2 (]: Finished running node test.dbt_olist_data_model.unique_slv_sellers_seller_id.86fb9c23e8
[0m09:14:38.523220 [debug] [MainThread]: Connection 'master' was properly closed.
[0m09:14:38.531256 [debug] [MainThread]: Connection 'list_OLIST_DW_gold' was left open.
[0m09:14:38.540420 [debug] [MainThread]: On list_OLIST_DW_gold: Close
[0m09:14:39.155428 [debug] [MainThread]: Connection 'test.dbt_olist_data_model.unique_slv_sellers_seller_id.86fb9c23e8' was left open.
[0m09:14:39.157531 [debug] [MainThread]: On test.dbt_olist_data_model.unique_slv_sellers_seller_id.86fb9c23e8: Close
[0m09:14:39.779996 [info ] [MainThread]: 
[0m09:14:39.782993 [info ] [MainThread]: Finished running 26 data tests in 0 hours 0 minutes and 47.45 seconds (47.45s).
[0m09:14:39.815001 [debug] [MainThread]: Command end result
[0m09:14:40.216539 [debug] [MainThread]: Wrote artifact WritableManifest to C:\Users\lenovo\Documents\Data_Engineering\Portfolio\Data-Migration-from-MySQL-Database-to-Migration-with-Full-CI-CD-Pipeline\dbt_olist_data_model\target\manifest.json
[0m09:14:40.236365 [debug] [MainThread]: Wrote artifact SemanticManifest to C:\Users\lenovo\Documents\Data_Engineering\Portfolio\Data-Migration-from-MySQL-Database-to-Migration-with-Full-CI-CD-Pipeline\dbt_olist_data_model\target\semantic_manifest.json
[0m09:14:40.254596 [debug] [MainThread]: Wrote artifact OsiDocument to C:\Users\lenovo\Documents\Data_Engineering\Portfolio\Data-Migration-from-MySQL-Database-to-Migration-with-Full-CI-CD-Pipeline\dbt_olist_data_model\target\osi_document.json
[0m09:14:40.316472 [debug] [MainThread]: Wrote artifact RunExecutionResult to C:\Users\lenovo\Documents\Data_Engineering\Portfolio\Data-Migration-from-MySQL-Database-to-Migration-with-Full-CI-CD-Pipeline\dbt_olist_data_model\target\run_results.json
[0m09:14:40.323478 [info ] [MainThread]: 
[0m09:14:40.332654 [info ] [MainThread]: [32mCompleted successfully[0m
[0m09:14:40.353492 [info ] [MainThread]: 
[0m09:14:40.356831 [info ] [MainThread]: Done. PASS=26 WARN=0 ERROR=0 SKIP=0 NO-OP=0 REUSED=0 TOTAL=26
[0m09:14:40.382285 [debug] [MainThread]: Command `dbt test` succeeded at 09:14:40.381277 after 56.08 seconds
[0m09:14:40.389282 [debug] [MainThread]: Sending event: {'category': 'dbt', 'action': 'invocation', 'label': 'end', 'context': [<snowplow_tracker.self_describing_json.SelfDescribingJson object at 0x000001E67F6C4FD0>, <snowplow_tracker.self_describing_json.SelfDescribingJson object at 0x000001E67F86EED0>, <snowplow_tracker.self_describing_json.SelfDescribingJson object at 0x000001E67F6A5550>]}
[0m09:14:40.406281 [debug] [MainThread]: Flushing usage events
[0m09:14:42.979305 [debug] [MainThread]: An error was encountered while trying to flush usage events
[0m08:49:38.194215 [debug] [MainThread]: Sending event: {'category': 'dbt', 'action': 'invocation', 'label': 'start', 'context': [<snowplow_tracker.self_describing_json.SelfDescribingJson object at 0x000002059ED3A190>, <snowplow_tracker.self_describing_json.SelfDescribingJson object at 0x000002059ED2DC10>, <snowplow_tracker.self_describing_json.SelfDescribingJson object at 0x000002059ED2D950>]}


============================== 08:49:38.203129 | 60a0a9d0-0cb3-41f2-a940-907ca1cb9945 ==============================
[0m08:49:38.203129 [info ] [MainThread]: Running with dbt=1.12.0
[0m08:49:38.206128 [debug] [MainThread]: running dbt with arguments {'static_parser': 'True', 'no_print': 'None', 'version_check': 'True', 'target_path': 'None', 'maximum_seed_size_mib': '1', 'warn_error_options': 'WarnErrorOptionsV2(error=[], warn=[], silence=[])', 'printer_width': '80', 'write_json': 'True', 'introspect': 'True', 'log_cache_events': 'False', 'empty': 'None', 'cache_selected_only': 'False', 'fail_fast': 'False', 'debug': 'False', 'log_format': 'default', 'profiles_dir': 'C:\\Users\\lenovo\\.dbt', 'send_anonymous_usage_stats': 'True', 'quiet': 'False', 'warn_error': 'None', 'partial_parse': 'True', 'invocation_command': 'dbt ', 'hints_enabled': 'True', 'use_colors': 'True', 'use_experimental_parser': 'False', 'indirect_selection': 'eager', 'log_path': 'logs'}
[0m08:49:38.208172 [error] [MainThread]: [[31mERROR[0m]: Encountered an error:
Runtime Error
  No dbt_project.yml found at expected path c:\Users\lenovo\Documents\Data_Engineering\Portfolio\Data-Migration-from-MySQL-Database-to-Migration-with-Full-CI-CD-Pipeline\dbt_olist_data_model\dbt_project.yml
  Verify that each entry within packages.yml (and their transitive dependencies) contains a file named dbt_project.yml
  
[0m08:49:38.212220 [debug] [MainThread]: Command `cli deps` failed at 08:49:38.211219 after 0.41 seconds
[0m08:49:38.213218 [debug] [MainThread]: Sending event: {'category': 'dbt', 'action': 'invocation', 'label': 'end', 'context': [<snowplow_tracker.self_describing_json.SelfDescribingJson object at 0x000002059ED3B3D0>, <snowplow_tracker.self_describing_json.SelfDescribingJson object at 0x000002059ED39490>, <snowplow_tracker.self_describing_json.SelfDescribingJson object at 0x000002059ED38690>]}
[0m08:49:38.215220 [debug] [MainThread]: Flushing usage events
[0m08:49:39.872299 [debug] [MainThread]: An error was encountered while trying to flush usage events
